user_id,age,income,credit_score,tx_amount,tx_count_30d,device_type,plan_tier,is_active,churn
1001,56.0,34000.76480841034,750.3649853267294,281.41363007526866,11,iOS,Standard,1,0
1002,69.0,48946.89208815822,700.3905007308877,31.46271829573874,12,MacOS,Premium,0,0
1003,46.0,,720.8110936278596,41.336074178110294,14,Web,Standard,1,0
1004,32.0,46736.06831504319,627.0715860871738,228.38165522355416,11,Web,Standard,0,0
1005,60.0,21619.81117732883,729.1961768622226,73.6022879125511,20,Windows,Standard,0,0
1006,25.0,33371.023796893656,668.161972098123,2.914624642116499,12,iOS,Standard,0,0
1007,38.0,,713.5871241095937,81.88534567251882,13,iOS,Basic,0,0
1008,56.0,40692.39611105699,594.2440022652652,10.599870143142999,13,Android,Basic,0,0
1009,36.0,13859.427225501517,711.5089796182557,506.7545411188306,9,Windows,Basic,0,0
1010,40.0,27905.98412219127,567.9051822612586,106.44033220593825,13,Windows,Basic,1,0
1011,28.0,99357.30350756312,666.2042264781911,35.57164612823975,12,MacOS,Basic,0,0
1012,28.0,27025.39761889297,594.7224204550197,99.53588654555297,11,MacOS,Basic,1,0
1013,41.0,36661.57659989176,711.6518363125263,9.597848581061628,14,Windows,Basic,1,0
1014,53.0,34473.51233273863,683.4634940587938,193.06734976910678,18,Web,Basic,1,0
1015,57.0,93054.80087867913,641.4606298479862,311.35809733421553,9,Windows,Premium,1,0
1016,41.0,78764.75256618496,751.7204022517415,249.00077960358325,7,Web,Standard,1,0
1017,,,635.166675283331,50.18184359155536,12,MacOS,Standard,1,0
1018,39.0,20252.92713523448,528.4403083754955,47.30174293191078,8,Windows,Basic,0,0
1019,19.0,45049.16957752217,705.6817516932576,4.286156470786478,14,Web,Basic,1,0
1020,41.0,51060.42661061492,591.6700640293026,126.45974098468929,7,Android,Basic,1,0
1021,61.0,23880.967903138582,636.7495178494579,91.86157550076874,13,Android,Basic,1,0
1022,47.0,21540.490811314634,654.1326713530361,73.79717375133744,14,Windows,Basic,0,0
1023,55.0,101013.40283179088,608.8003075151994,285.8356019108376,14,iOS,Standard,0,0
1024,19.0,30318.640873201442,655.3136206970889,22.0532756603298,17,Windows,Standard,0,0
1025,38.0,95701.19758826336,609.7359056372555,1.1655945968467891,3,MacOS,Basic,1,0
1026,50.0,66055.87496928555,688.1191592566523,9.137177279475523,10,MacOS,Premium,1,0
1027,29.0,46384.75227404633,618.5627372123905,30.3351700649235,13,Android,Standard,1,0
1028,39.0,47644.32773538429,681.5073199391007,4.062254532116219,14,Web,Standard,1,0
1029,61.0,15673.838498894183,738.1003852135606,83.86210041751835,7,Android,Basic,1,0
1030,42.0,41112.392178636095,719.1186385146082,45.24114226697786,8,Web,Premium,1,0
1031,66.0,84983.48715107793,675.9144653929211,23.884817580250104,13,Windows,Basic,0,0
1032,44.0,54655.422002909516,630.563134079009,166.3956860971196,14,iOS,Basic,1,0
1033,59.0,39839.015985670434,687.958855796129,27.44678960320386,8,MacOS,Standard,1,0
1034,,101433.86791612688,645.2140437766457,139.61846274661727,13,Windows,Basic,1,0
1035,33.0,32499.356444156743,690.0561729350763,51.558316921620275,19,Android,Premium,1,0
1036,32.0,25040.920732042236,594.23573912735,86.05043831268247,10,Windows,Premium,0,0
1037,64.0,39826.95206498592,720.3630528167821,325.93056188741974,10,iOS,Basic,0,0
1038,68.0,,681.6608281506574,4.568049486421002,12,Web,Basic,1,0
1039,61.0,12956.120001927602,790.4258340004586,83.24116025911793,14,iOS,Basic,1,0
1040,69.0,,745.3030730921363,231.24598202549555,18,Android,Basic,0,0
1041,20.0,59053.967566749554,708.3093468210528,106.4003313156524,11,iOS,Basic,0,0
1042,54.0,30890.84142136656,673.8003513146216,38.90003778285733,17,MacOS,Basic,1,0
1043,68.0,70557.1895877313,643.5197818149168,60.836195767588165,15,iOS,Basic,0,0
1044,24.0,53354.414399861,727.1204647517068,136.83176612165462,12,Windows,Standard,1,0
1045,38.0,131246.1532045507,668.5265104340144,265.76197726696427,12,Web,Basic,0,0
1046,26.0,23147.412019507326,738.418231647415,5.032010149023593,8,MacOS,Premium,1,0
1047,56.0,59779.96858321059,700.0411581867643,8.907205256327508,10,MacOS,Basic,1,0
1048,35.0,19724.280240139815,700.3998563624882,47.17427067557402,11,MacOS,Standard,1,0
1049,21.0,13777.334994436591,709.7263063483981,31.797753074958887,12,Android,Standard,1,0
1050,42.0,10707.304962733806,634.0186530781222,36.934890220751605,6,Android,Basic,1,0
1051,31.0,50161.06531598133,628.8931878063189,30.010906755442612,6,Windows,Standard,1,0
1052,67.0,40560.45062821592,627.1645275818388,26.152611905807714,8,Web,Standard,0,0
1053,26.0,27243.476190688638,732.3748457437995,16.797543353384103,11,iOS,Standard,0,0
1054,43.0,12530.204888978817,632.7139206240763,326.08869666456644,6,Windows,Basic,1,0
1055,19.0,23999.013979936528,638.9420145902332,18.684751641343354,10,Android,Standard,0,0
1056,,36404.79605162341,706.8758563486572,27.43961718786376,14,Windows,Standard,1,0
1057,45.0,58448.518496892226,667.3975437682572,33.92584705932437,19,Web,Standard,1,0
1058,64.0,35956.98168979898,661.0102878954023,324.3941605506166,14,Windows,Standard,1,0
1059,24.0,42244.78552420965,656.672251558654,169.12993870263847,9,MacOS,Basic,1,0
1060,61.0,28978.82214751045,563.7184161079326,187.1060984836518,16,iOS,Basic,1,0
1061,25.0,103728.7420832965,631.6559237017991,13.279379532444713,13,Android,Basic,0,0
1062,64.0,19713.327590144385,739.0781568441046,217.1736144339984,14,Android,Basic,0,0
1063,52.0,23871.894166717022,653.0300949233014,62.948981881893864,16,Web,Basic,1,0
1064,31.0,27026.824603024066,584.975514699113,36.59127460353814,8,Web,Basic,1,0
1065,34.0,50293.07329669406,629.6002880565754,102.89190860803303,9,Web,Basic,1,0
1066,53.0,19471.051948935834,697.9926982377498,207.2399781312871,9,Android,Basic,1,0
1067,67.0,39396.45648564121,697.0017304602869,180.96238053976455,15,MacOS,Premium,1,0
1068,57.0,40092.561047812516,665.2859693719325,264.87024333906254,9,iOS,Basic,1,0
1069,21.0,23941.8970436037,645.5397976457483,315.9512117049836,12,Web,Premium,1,0
1070,19.0,,609.8902007121978,32.63627218233093,12,Android,Basic,0,0
1071,23.0,19837.148798478913,698.4092518206004,66.16811246434142,10,MacOS,Standard,1,0
1072,59.0,18578.41151794905,721.8935208833894,1.7683909611236963,12,Web,Basic,1,0
1073,21.0,38552.00754049036,744.4440001025922,253.75519368983453,11,Web,Standard,1,0
1074,46.0,13415.23994086963,624.4706320654979,20.14949401810687,13,iOS,Premium,1,0
1075,35.0,10027.81868729325,748.2761490203094,237.20437314573283,10,iOS,Standard,1,0
1076,43.0,,677.1693956367772,47.94762475811144,13,Windows,Standard,0,0
1077,61.0,68144.24350563953,681.3285981702153,55.08927404770627,9,Web,Basic,0,0
1078,51.0,,724.679602031573,4.7902201456760745,6,Windows,Standard,1,0
1079,27.0,24322.511720815044,652.9523048260133,47.4995833432389,14,Android,Basic,0,0
1080,53.0,,571.8098499325486,263.101063085489,11,iOS,Basic,0,0
1081,31.0,18263.815187354983,715.243077409788,3.1055283236260376,15,MacOS,Basic,1,0
1082,48.0,16026.140113194673,697.4285372147536,62.57128956809551,18,Web,Basic,1,0
1083,65.0,55524.62273458499,661.9861576561512,3.8283800190144586,17,Web,Standard,1,0
1084,32.0,36512.97339534964,711.1265671968597,55.620274680765725,14,Windows,Standard,1,0
1085,25.0,68797.7309895229,721.3471730232598,22.741937378688498,8,iOS,Premium,1,0
1086,,10055.152540800616,604.3996843969212,34.877317589904926,12,Windows,Basic,0,0
1087,40.0,15671.445937275,681.1256487198864,252.05371413928324,5,Web,Premium,1,0
1088,57.0,36629.13481451286,566.1218696575457,68.73459622782825,13,iOS,Standard,1,0
1089,38.0,46658.21172047241,673.8153405244109,38.39124649243806,5,Web,Basic,0,0
1090,33.0,60367.02267471694,661.3628877985656,106.7982849123264,13,iOS,Basic,1,0
1091,62.0,40331.6040938419,704.595450871362,18.393101888956863,12,Web,Basic,0,0
1092,35.0,40086.4276421987,626.3472385188037,36.033993411825925,12,MacOS,Basic,1,0
1093,64.0,28749.023320336066,658.9256732074241,94.82452971612196,6,Windows,Premium,0,0
1094,41.0,94328.90495757293,519.1971400371432,32.54195877291689,8,iOS,Basic,0,0
1095,43.0,18735.697245177606,707.8751910516919,136.40546050534314,15,Windows,Basic,0,0
1096,42.0,45044.76677777497,675.5800041602963,81.15275507265225,13,iOS,Basic,1,0
1097,62.0,20076.689591774313,684.3620718910305,177.40340564366812,9,iOS,Basic,0,0
1098,58.0,,605.3284631982636,355.347031500827,16,iOS,Basic,0,0
1099,,19492.585829245,699.9031087426503,14.769303274824557,15,Web,Basic,0,0
1100,32.0,56743.10437216238,762.6374851757113,48.89575449344981,14,Android,Premium,1,0
1101,62.0,38842.21571777615,670.7543640561905,46.199946932178776,13,Web,Basic,1,0
1102,18.0,103443.77464716861,712.5044454040822,19.669388229373507,6,Android,Basic,1,0
1103,42.0,30680.673622256694,636.4689488437058,199.47935286871314,13,Web,Premium,1,0
1104,24.0,46862.809701431426,676.1571904976472,171.1933300167905,14,Android,Standard,1,0
1105,26.0,,603.4329693020916,79.49680914172536,9,iOS,Basic,1,0
1106,41.0,30554.406591186034,719.4060902346731,92.60332307800384,18,iOS,Basic,1,0
1107,18.0,38694.381502594675,687.9920288582698,7.366867404139609,14,Android,Basic,0,0
1108,61.0,14525.602288664148,619.0356807086969,97.29861177998944,12,Android,Standard,1,0
1109,25.0,15512.875561803097,639.906891158096,188.04677397729813,6,Windows,Basic,1,0
1110,41.0,52047.68413144471,683.0543086299157,102.34935093111793,7,iOS,Standard,1,0
1111,28.0,33267.88868853265,726.1932507982087,36.99620361155057,10,Web,Standard,1,0
1112,68.0,25444.22498632041,753.976360175926,132.1512731254502,9,Windows,Basic,1,0
1113,34.0,23337.301723107805,673.2937310477422,53.83385796289765,13,Android,Basic,0,0
1114,25.0,23882.6306477017,611.767566306531,94.46152832744555,14,Web,Premium,0,0
1115,52.0,38852.605881566706,691.9232570161897,80.22985370501623,14,MacOS,Standard,1,0
1116,52.0,47430.53594296517,769.2441199516176,57.59193142599821,10,MacOS,Standard,1,0
1117,50.0,10349.936487744348,598.8625797338743,152.27597645131596,16,MacOS,Standard,1,0
1118,22.0,84770.29232641443,632.2702175355535,258.37171891925476,10,Web,Basic,1,0
1119,59.0,81228.41941930926,710.5482172123321,0.6271381254407424,8,Android,Basic,1,0
1120,56.0,8969.696700894372,687.6799567627083,325.47684444496656,19,Web,Standard,1,0
1121,58.0,69672.15491036732,652.7490135867599,85.97361513559028,10,Windows,Standard,0,0
1122,45.0,68400.21937200981,691.0056936650726,144.7698463455137,13,Windows,Standard,1,0
1123,24.0,36325.21097890233,728.8772600927158,232.2405831441821,6,MacOS,Premium,0,0
1124,26.0,16675.549551777032,675.083182890375,75.53141021066932,13,Android,Standard,1,0
1125,25.0,66778.52694971005,670.6996152853952,216.19832235641772,13,Windows,Standard,1,0
1126,29.0,31421.93076842506,709.4512084962859,23.46629809244864,14,iOS,Basic,1,0
1127,51.0,50479.73796285067,666.4742559047902,20.80354170120117,13,iOS,Basic,1,0
1128,50.0,137519.4668525422,737.1261780439065,128.5680036231739,16,MacOS,Basic,1,0
1129,65.0,42239.11854462486,781.3369839242175,244.95857720679444,7,MacOS,Standard,1,0
1130,40.0,20949.481695420785,635.3529015935169,267.54935358049573,17,MacOS,Basic,0,0
1131,41.0,29689.87635002831,617.4987233607975,123.85149171065792,14,Windows,Basic,1,0
1132,,22614.1881800229,698.5859619345022,89.45651568653605,20,Android,Premium,1,0
1133,52.0,47103.087528076205,615.7247738486049,48.307075989111404,7,MacOS,Premium,1,0
1134,61.0,22389.770619147304,614.8711260523231,469.44525427327454,14,Web,Premium,1,0
1135,57.0,27345.00467078181,577.5397114838079,46.225807357267676,15,MacOS,Basic,0,0
1136,39.0,16803.488209477702,660.8873876214062,163.59660963061012,9,Windows,Basic,1,0
1137,44.0,33548.5122343737,678.3504848586375,91.10977136745272,11,Android,Basic,1,0
1138,52.0,40378.505326203,654.1318505428884,112.53615483532057,11,MacOS,Basic,1,0
1139,18.0,7252.686070597325,749.5166591766085,60.0022179399533,10,iOS,Standard,0,0
1140,52.0,42435.65199690243,745.7943633523058,401.6839663107888,19,MacOS,Basic,0,0
1141,,35333.25478444692,776.4421982010879,101.74681559710172,8,MacOS,Basic,1,0
1142,64.0,22948.43062382398,682.3264232966854,333.264171814373,8,Android,Basic,1,0
1143,31.0,122660.7084103956,739.1909529255388,0.9144453166962586,12,Web,Standard,0,0
1144,20.0,64542.9334714223,695.4426324393577,102.0240114294546,6,MacOS,Standard,0,0
1145,18.0,18810.274364925852,690.419115625981,151.5562784655272,9,MacOS,Premium,1,0
1146,22.0,60050.55848168205,656.6306962352269,164.016741596556,25,Windows,Premium,1,0
1147,43.0,76626.5457237575,566.8426604622427,282.4362080783773,11,Android,Basic,0,0
1148,31.0,39309.14836415372,711.8645727506995,0.5293589525636335,17,Windows,Premium,1,0
1149,56.0,45110.270289371954,737.7068118264011,0.03962565288528827,14,MacOS,Standard,0,0
1150,44.0,44489.47841799645,603.7191035850875,76.69897183032369,12,MacOS,Standard,1,0
1151,26.0,10389.079492521932,679.5150668908695,3.5677599935639783,8,iOS,Premium,1,0
1152,32.0,32463.713663074446,729.5823584207285,440.4425107913554,13,Windows,Basic,1,0
1153,32.0,31465.667028839704,662.0250611677291,30.133503626029217,13,Android,Premium,1,0
1154,43.0,85655.89961960574,739.6551836666134,76.79024946702694,9,MacOS,Standard,1,0
1155,59.0,44366.35620854363,672.9858483321316,7.570365761936087,14,iOS,Basic,1,0
1156,30.0,30376.769154915826,653.742073465087,88.58950088183697,16,iOS,Basic,1,0
1157,68.0,34403.898155160045,742.5143456470616,57.35580450666129,11,Web,Standard,1,0
1158,49.0,67106.17522985498,633.3123131929951,5.48256133759029,10,Android,Standard,1,0
1159,56.0,32508.250643488456,643.7547984087603,48.978614760060466,9,iOS,Standard,1,0
1160,66.0,23886.833347314172,635.2227057641347,59.59838743821068,11,Android,Basic,0,0
1161,69.0,30778.715788375765,622.8702365256369,551.6819965471391,11,MacOS,Basic,1,0
1162,49.0,63858.034421036435,687.6516958687195,27.965975572485533,15,Web,Standard,1,0
1163,21.0,48908.1311760626,654.3532699110749,94.43683385670644,15,Android,Basic,1,0
1164,47.0,37292.99491135721,704.4306548208228,524.0854058388757,16,Web,Basic,1,0
1165,54.0,40738.28447008062,593.2679832234238,188.43714592931943,13,Android,Basic,1,0
1166,40.0,25955.907599442937,623.8725954747792,601.8928325936789,15,Android,Basic,1,0
1167,56.0,32326.104114605863,682.5789544763185,414.16625210613364,8,Windows,Basic,1,0
1168,62.0,24392.168750957233,753.4840298601858,80.69305223478678,10,Web,Basic,1,0
1169,32.0,30428.42335692767,698.925107445876,143.03576288920695,10,Android,Premium,1,0
1170,60.0,81446.93298841997,650.5304702574779,14.04382028238475,17,Windows,Standard,1,0
1171,46.0,19020.581584844796,605.5234323309851,69.82464908453856,17,Windows,Standard,1,0
1172,53.0,24023.058049032465,647.6076975796954,198.66947226941062,9,Web,Basic,1,0
1173,30.0,17110.039615723872,677.8757938728589,84.46501944946294,14,MacOS,Standard,1,0
1174,49.0,15024.759395844081,562.1154052978455,145.5612354914187,14,Web,Standard,0,0
1175,24.0,32465.616403880507,619.3314964876042,164.3330970092506,12,Android,Basic,1,0
1176,68.0,25070.183005831397,643.1222017676514,35.07819899250158,13,MacOS,Basic,1,0
1177,39.0,104507.4206086871,667.1295696407519,250.2062682922014,13,Web,Standard,1,0
1178,45.0,30647.06175381852,677.2831760125648,73.90288341929111,13,Web,Basic,1,0
1179,,78718.86536422274,649.4566110896433,28.3148003228722,13,Web,Basic,1,0
1180,,64913.04506033474,705.2936591101459,240.66790334614726,9,Web,Basic,0,0
1181,62.0,32036.38307026205,686.2353451515232,64.91682599872772,8,MacOS,Standard,1,0
1182,23.0,128808.40532419759,661.496835774741,166.50538754783588,11,Android,Standard,1,0
1183,,42664.41126581036,712.1887690468966,95.29755245504442,17,Windows,Premium,1,0
1184,45.0,90021.65753150712,708.0970308255066,57.72711868772772,10,Web,Basic,1,0
1185,61.0,83948.44462600454,607.3100724626863,199.20971653263572,10,Windows,Premium,1,0
1186,61.0,46573.58393627512,678.3986215420678,105.38403607504131,10,Windows,Standard,1,0
1187,37.0,56992.70229361119,724.5130265733601,59.42618712317828,15,Windows,Basic,0,0
1188,47.0,52809.31365246716,732.8744639651089,13.929850466010238,10,Web,Standard,1,0
1189,28.0,18277.81194470884,698.5454395317644,270.96540374647753,16,Web,Basic,1,0
1190,45.0,37585.52239980959,668.3355719126803,4.333669561675763,6,Web,Basic,1,0
1191,42.0,69185.62164823506,701.0659897116218,238.69713544563598,13,Web,Basic,1,0
1192,56.0,90736.21052257127,720.3886715645892,53.54723844783919,15,iOS,Basic,0,0
1193,50.0,23567.31790949086,685.7915974504782,122.37793971312378,18,Android,Standard,1,0
1194,18.0,49876.1784053414,691.430207278921,306.4332357761083,15,iOS,Premium,0,0
1195,44.0,39756.24155336443,667.5098422832341,19.74344768900464,13,MacOS,Basic,1,0
1196,69.0,33835.82939346914,613.160739945816,100.42838190622312,11,iOS,Basic,1,0
1197,30.0,44963.28637992041,671.2817939873922,173.49111848134993,9,iOS,Basic,1,0
1198,58.0,,646.1443027059734,170.05191963690544,8,iOS,Standard,1,0
1199,,50253.9556046436,646.3039311168479,89.49260486031785,14,Android,Premium,1,0
1200,56.0,86252.13227094822,751.6917244580078,117.61616648068562,14,Windows,Standard,1,0
1201,23.0,58132.290008061405,727.577868886525,170.02378689748994,12,MacOS,Standard,1,0
1202,25.0,43754.71928429622,595.3250454582463,220.68298970933088,10,MacOS,Standard,1,0
1203,44.0,111165.46367465954,625.756061186183,172.16395275105438,10,Android,Basic,1,0
1204,26.0,70682.8153178323,661.8218977723716,52.435611265459144,15,iOS,Premium,0,0
1205,54.0,34356.99571836751,647.9683884932019,686.623836638051,10,Windows,Standard,0,0
1206,50.0,17496.003433269336,695.8709136751895,68.40596962400033,12,Web,Standard,1,0
1207,68.0,20076.42643227792,617.8207461096399,2.972272299698721,8,Android,Standard,1,0
1208,59.0,63572.70362976695,727.9265980649308,54.04613666959116,13,Windows,Standard,1,0
1209,61.0,24879.824984621562,677.7997227529087,16.406037688766162,15,Android,Standard,0,0
1210,41.0,19834.273671157454,662.9743977644412,15.536886329585357,9,Android,Standard,1,0
1211,32.0,23043.725619845834,679.2840278642113,39.67660116819276,11,Web,Basic,1,0
1212,49.0,24042.284487817305,659.1245963242484,6.582332830739642,17,Windows,Basic,1,0
1213,49.0,60499.3923804016,578.4678714636948,139.96740835688902,10,iOS,Premium,1,0
1214,41.0,33055.88042381441,680.5962990385738,9.224284836767033,9,Windows,Basic,1,0
1215,58.0,15939.813303463194,663.962680568272,27.27167674786078,15,Windows,Standard,0,0
1216,69.0,36998.28867972608,632.2771493673623,11.700271993863147,8,iOS,Basic,1,0
1217,,41496.305554336155,734.8714915708291,7.830122544244214,12,Web,Basic,0,0
1218,66.0,27238.80481325526,713.4719006696614,37.39626813927556,10,Windows,Standard,1,0
1219,69.0,72658.89156129424,801.9428353289626,101.80752652669014,11,iOS,Standard,1,0
1220,29.0,28210.137230377848,721.7414250596227,401.2155879499849,14,Android,Basic,1,0
1221,56.0,70615.33517341892,647.8282466484861,250.06856659958973,13,Android,Premium,1,0
1222,19.0,51951.69730059826,634.7105310699106,250.43291951811761,14,iOS,Standard,1,0
1223,,63320.42999692299,655.2847199356822,23.23993281560979,13,Android,Basic,1,0
1224,66.0,18786.04330106044,646.6685692160677,36.93102244685359,18,Windows,Basic,1,0
1225,54.0,38522.051222687136,685.4391681926983,9.536275858797536,11,iOS,Premium,0,0
1226,66.0,35182.468982573395,603.0601311420501,180.86277177492136,11,Windows,Basic,0,0
1227,34.0,,712.3643282023015,8.684782446725269,21,MacOS,Standard,1,0
1228,66.0,70476.62953470135,684.5598184685714,97.6198525774559,12,Web,Basic,0,0
1229,19.0,22238.036594713794,706.6232153894348,34.18242076614093,9,Web,Basic,1,0
1230,19.0,25191.43419195699,622.7926761486239,33.477705984643066,9,Web,Premium,1,0
1231,45.0,,692.3344385168028,561.6526352545784,8,iOS,Standard,1,0
1232,40.0,55310.15446188073,744.9588290434818,169.65457221853023,19,MacOS,Basic,1,0
1233,54.0,14536.851233611398,636.9746374449892,217.63597348068149,7,Web,Standard,1,0
1234,49.0,52613.33481967866,635.6072146261397,101.8309955297886,15,Windows,Basic,0,0
1235,50.0,67962.29817151296,715.5978733358633,245.76643628934667,14,Web,Basic,1,0
1236,18.0,50126.598610316374,631.5474474231208,124.44242946503498,18,MacOS,Standard,1,0
1237,36.0,55691.18140482844,668.3358008421366,350.63918073427834,17,Windows,Standard,0,0
1238,19.0,57281.207481559366,753.7866339496172,39.64379335403423,14,Windows,Premium,1,0
1239,61.0,20544.435485538965,636.3165554038687,108.55890302814221,10,iOS,Standard,1,0
1240,43.0,85891.5718905663,757.2221049437132,140.59281291751995,16,iOS,Basic,1,0
1241,49.0,27555.412259020613,663.2109129022934,59.89478479757516,11,Android,Premium,1,0
1242,23.0,34897.39380913163,623.9399336580575,254.13996148217322,12,MacOS,Basic,1,0
1243,49.0,29745.03805480818,710.1852077561314,468.2675131381126,8,Windows,Basic,1,0
1244,21.0,48772.664076573266,685.3874067313034,81.69157953353417,16,MacOS,Standard,1,0
1245,28.0,26296.145647991074,680.6590130443344,59.44165529944117,24,Web,Standard,1,0
1246,34.0,,641.5640869740818,76.62497311599559,7,Web,Standard,0,0
1247,55.0,17305.743328755503,685.0226475226058,229.86401381928272,6,Android,Premium,1,0
1248,41.0,73042.67403108363,576.6184722955825,124.43494431918046,16,Windows,Basic,1,0
1249,22.0,54308.96358724344,690.9382368392386,5.496673622264165,15,Windows,Basic,1,0
1250,69.0,30474.457199660028,744.8624600093027,93.75085766463415,8,Android,Premium,1,0
1251,51.0,27405.817352728776,591.7285651237147,2.094182221864094,18,Web,Standard,0,0
1252,23.0,53464.702446709605,659.6612391853056,180.89908689017668,16,Windows,Basic,1,0
1253,39.0,23756.797323718372,636.2680092925973,47.75540870803884,12,MacOS,Premium,1,0
1254,28.0,39152.4856356752,604.4472983043568,76.64077992636489,16,Windows,Standard,0,0
1255,65.0,72899.6613410733,577.3562789825382,192.34202265019388,16,Web,Standard,1,0
1256,33.0,,620.9582041503933,5.707461192591645,14,Windows,Standard,1,0
1257,50.0,45304.448044209385,667.8811692306797,20.71423506735411,10,Windows,Standard,1,0
1258,26.0,43889.709338516455,737.4568524234268,60.891841917688154,9,iOS,Basic,0,0
1259,23.0,34255.34564721029,603.8642745104747,31.35210943877981,10,Windows,Basic,1,0
1260,33.0,26842.084433788117,694.7196379568103,49.48089965605587,10,Android,Premium,1,0
1261,46.0,75273.10917496675,690.9820793308508,756.7238018031622,11,Android,Basic,0,0
1262,20.0,25373.45476526789,763.5981480036637,209.4408394106127,8,MacOS,Basic,1,0
1263,37.0,12243.82074005404,708.5515732198573,258.3982827758188,7,Windows,Standard,0,0
1264,53.0,53333.511969940046,711.4299746515189,331.85857539388013,13,MacOS,Basic,0,0
1265,36.0,17662.834939751094,714.965019985895,50.0321340902172,9,Web,Standard,1,0
1266,43.0,55002.21229290631,633.7883992340403,42.30094364562695,16,Web,Basic,0,0
1267,20.0,80897.80324367808,651.3588738209779,31.998563467426077,13,iOS,Basic,0,0
1268,36.0,52989.54595990669,735.843408113537,212.71737505110278,11,iOS,Premium,1,0
1269,37.0,69067.9983147528,577.4600072002926,136.56417990211355,13,Windows,Standard,1,0
1270,49.0,122030.88704318718,645.8844463896435,32.32951477417176,13,Windows,Basic,1,0
1271,24.0,64864.53372353191,613.4595369069,56.78386263415155,14,MacOS,Basic,0,0
1272,69.0,44282.46419533306,691.7122021019635,84.79939421374046,8,MacOS,Standard,1,0
1273,58.0,96796.770500907,658.919570734444,90.12876827307333,5,Windows,Premium,1,0
1274,50.0,104074.81837312834,711.2985237494358,263.4930222213738,12,Windows,Standard,1,0
1275,57.0,104952.49203657256,674.5502419644309,57.473920289481924,16,iOS,Standard,1,0
1276,56.0,27030.3041327808,602.6953839848163,287.0014763537333,6,iOS,Basic,1,0
1277,35.0,16116.340673112576,605.0066180368741,69.87162647686904,16,iOS,Standard,1,0
1278,57.0,26058.119558969465,679.6975740680457,164.626717557851,16,Windows,Basic,1,0
1279,18.0,55391.695981840625,641.4432516383187,319.5479754562021,11,MacOS,Standard,1,0
1280,28.0,39954.45131736283,653.3683073611326,285.76384689333014,18,Android,Basic,1,0
1281,45.0,32083.957213033154,726.9207710894557,7.036681912661563,16,Android,Standard,0,0
1282,,50832.38036577396,717.9516338433609,27.635935512602344,10,MacOS,Basic,1,0
1283,,15025.694044708674,769.8866920288679,77.75916006514693,4,MacOS,Basic,1,0
1284,40.0,39525.51055314729,664.1832227629968,67.78193606290785,12,MacOS,Basic,1,0
1285,48.0,71045.41411089967,647.9426682773567,122.89574001136215,13,iOS,Basic,1,0
1286,47.0,50492.96944874808,700.9094482214455,347.41752618934146,17,Web,Basic,1,0
1287,59.0,54999.85858889138,651.9602765380013,14.308727498629136,14,Windows,Premium,1,0
1288,52.0,94695.68128578676,653.5969443487131,72.14665379379579,7,iOS,Standard,1,0
1289,24.0,34902.51012916059,669.8949203034082,25.644247218523656,5,Android,Standard,1,0
1290,33.0,24542.09298130557,762.6374477908439,269.4398135565377,13,Windows,Standard,1,0
1291,43.0,74139.89241510158,715.1982902564313,400.85806707741756,12,MacOS,Basic,1,0
1292,65.0,73326.13542989611,720.4410201138925,78.17193762623451,14,Android,Premium,1,0
1293,69.0,50765.63888754335,760.3927168404123,13.179163088809043,14,MacOS,Premium,1,0
1294,66.0,32983.98434130474,725.1266480037663,184.61864805642767,9,MacOS,Basic,1,0
1295,,36345.57675197083,623.4297194932482,143.33869027134213,6,MacOS,Premium,1,0
1296,,16880.868676796334,724.3691182070567,52.559369523379694,15,Windows,Basic,0,0
1297,65.0,70810.87843738138,730.7127428557628,262.0775930109706,10,Android,Basic,1,0
1298,29.0,69327.07390458338,712.5932426346548,446.72655293330547,15,Android,Basic,1,0
1299,22.0,16530.96139465388,670.2279063103558,97.93377521799503,14,MacOS,Premium,0,0
1300,54.0,61119.07260291638,707.3165853000876,100.09008107223826,10,iOS,Standard,1,0
1301,49.0,46279.80616577975,678.9880139351177,42.37549227843315,13,Web,Standard,1,0
1302,26.0,19669.323803885236,631.0955811875775,105.39446301933677,12,iOS,Basic,0,0
1303,58.0,17613.12918521019,643.5183177332422,69.5015982954013,17,Windows,Basic,0,0
1304,52.0,45437.63301234908,715.1861409449641,43.17718694683812,12,Web,Premium,1,0
1305,36.0,28606.1649610082,634.7089910288579,8.345831229126228,10,iOS,Basic,1,0
1306,65.0,108225.17727481859,639.4223228261868,34.955890269153414,10,Android,Basic,1,0
1307,33.0,64315.699254266125,717.6692229992346,26.455854326494563,15,iOS,Basic,0,0
1308,20.0,,686.6894531432553,93.71733220819299,11,MacOS,Basic,1,0
1309,37.0,49704.33354765972,708.8596658593864,110.45694313890985,22,Windows,Standard,1,0
1310,41.0,80702.1348629921,618.5491031723407,112.55435810183272,17,iOS,Standard,0,0
1311,50.0,60349.67583149293,707.4714753717882,58.95825522672826,16,iOS,Basic,1,0
1312,41.0,49013.931994479295,646.9985925544629,65.62195881656592,10,Web,Basic,1,0
1313,69.0,20167.814966583013,629.1558007226078,215.66458155154123,10,MacOS,Basic,1,0
1314,28.0,228015.3383739414,654.7327553899852,77.60495927965509,16,Web,Basic,1,0
1315,66.0,18733.906552155724,748.1032478463738,528.496298691091,11,Windows,Standard,1,0
1316,25.0,,661.7772932525529,69.49622530842694,9,Windows,Basic,0,0
1317,53.0,13455.766566546563,790.0695356143967,125.83506475201587,12,MacOS,Basic,1,0
1318,55.0,50175.33725726386,576.8910947625926,6.201056593384535,12,Web,Basic,1,0
1319,57.0,39761.97220854283,602.6861040509293,127.12927061305713,10,MacOS,Basic,1,0
1320,37.0,57478.478112180215,746.2092618572779,228.80097396401584,15,Web,Standard,0,0
1321,52.0,12791.812813776422,758.7802279577867,342.628482836505,12,Android,Basic,1,0
1322,65.0,70809.1423390899,636.8271381405804,710.660008116161,12,MacOS,Standard,1,0
1323,42.0,22371.402746642718,683.4446808361428,39.78414611864462,14,Windows,Basic,0,0
1324,52.0,33209.686698699436,715.6094959251639,102.7844676166872,7,Web,Standard,1,0
1325,42.0,63509.37178832892,668.5312156317623,71.8971938171527,10,Android,Premium,1,0
1326,46.0,42478.78315927835,687.4933545693889,99.56334008364696,12,Windows,Basic,0,0
1327,35.0,44318.85711623524,680.5466506621594,20.559093738128382,11,Web,Premium,0,0
1328,63.0,58659.64507356979,605.9276510173604,232.67774613723319,9,Android,Standard,1,0
1329,35.0,46970.4699344857,662.7669357018991,288.38010282115727,13,Windows,Basic,1,0
1330,,29594.24685666651,680.6182547568267,71.66664382934687,8,Windows,Standard,1,0
1331,52.0,32863.52052860179,685.1560917054028,39.49215302744324,15,Android,Basic,1,0
1332,33.0,41238.48524386195,593.4746945690455,18.21509538474714,11,Windows,Premium,1,0
1333,58.0,21219.29830236568,717.6846949777006,138.15229401683015,10,Web,Basic,1,0
1334,53.0,66012.8827823814,686.4746826448047,44.916416883714945,15,Web,Standard,1,0
1335,50.0,43182.57595450235,627.2306889329133,288.33980472095675,12,Windows,Premium,0,0
1336,21.0,37981.928536136256,769.9532117011827,133.40825356767135,11,iOS,Basic,1,0
1337,,,662.670770919059,124.50838185113193,12,Android,Basic,1,0
1338,31.0,,665.9176308872535,98.35471763237494,19,iOS,Standard,1,0
1339,38.0,32550.480248581043,712.0854622595664,5.622862796223659,13,Web,Standard,1,0
1340,65.0,27152.45491177517,774.2000568784929,322.45290866068126,12,Windows,Standard,1,0
1341,37.0,44615.660352452614,714.0519798022261,118.64320920712198,11,MacOS,Standard,1,0
1342,25.0,43698.54411134783,721.3054918346935,615.1656125095313,7,MacOS,Basic,1,0
1343,24.0,24348.596291775288,629.9189067254802,92.49579528608132,12,iOS,Standard,1,0
1344,20.0,32642.93135552654,684.3479851018585,148.59081780158826,18,iOS,Basic,1,0
1345,34.0,24446.409634083942,653.3869136914212,6.942135209395946,11,iOS,Basic,0,0
1346,50.0,23791.38757826641,715.2064924024638,119.87468242380646,11,Web,Standard,1,0
1347,65.0,12862.370357221014,719.8482897754963,173.60158329447887,17,Web,Basic,1,0
1348,29.0,31617.114396489207,761.6614758259971,180.88766737918985,7,Windows,Basic,1,0
1349,68.0,13077.808176320852,572.0829041555435,176.41938388857136,10,Web,Basic,1,0
1350,39.0,27510.157750431088,648.471091884184,30.785834834240916,9,Windows,Standard,1,0
1351,39.0,25144.217094133415,745.0124472126021,444.5936342390701,9,Windows,Basic,1,0
1352,63.0,68263.94635427484,609.9235076533741,640.2505693694732,13,iOS,Basic,1,0
1353,47.0,19752.574499011724,720.2825516446836,9.432712609527002,19,MacOS,Basic,1,0
1354,55.0,23000.889523801325,736.7000250407375,330.70463922960835,15,iOS,Basic,1,0
1355,55.0,28885.225542750566,678.583007731677,41.005779244884906,5,Web,Basic,1,0
1356,62.0,25640.125586661532,608.9267656421737,140.26514764723714,10,Android,Basic,1,0
1357,68.0,82582.4839622546,673.9240160899881,49.518874927912584,14,Web,Standard,1,0
1358,25.0,18340.363692404302,752.9340668729362,412.1245563369876,9,MacOS,Basic,0,0
1359,44.0,28921.984683889164,756.9508687627708,12.84394403143276,10,Web,Standard,1,0
1360,44.0,44322.119791086174,690.3940188388846,82.63811252867814,11,MacOS,Basic,1,0
1361,51.0,61618.042590115474,631.138115564262,67.04398121271782,12,Android,Basic,1,0
1362,38.0,28907.462722032527,766.9198597024706,47.34719572078551,16,Android,Basic,0,0
1363,47.0,11488.941461905984,721.0461439554855,124.45713859358173,10,Windows,Standard,1,0
1364,50.0,,634.4245015661564,16.85715628853464,16,Web,Standard,1,0
1365,45.0,81733.32445156408,697.1259485570254,151.33394681472714,14,Windows,Standard,1,0
1366,64.0,43015.355881893964,694.8374240489079,473.0491567032381,12,iOS,Basic,1,0
1367,50.0,41850.15239698292,648.1602449225221,195.89943293130548,10,iOS,Standard,1,0
1368,22.0,19190.856201138984,697.4053407357355,235.94790326072487,17,iOS,Basic,1,0
1369,65.0,18044.51511480694,735.309341906194,53.48636098358389,14,iOS,Basic,0,0
1370,36.0,36710.75302855777,665.187540061788,47.144953418426354,7,iOS,Basic,1,0
1371,21.0,15431.600193626651,740.4134545794027,87.34064922855812,13,Web,Basic,1,0
1372,52.0,58035.91566109742,592.2322715339918,5.616609750153922,18,Windows,Standard,1,0
1373,66.0,21851.224730241207,790.9133496560434,348.83459062229446,7,Windows,Basic,1,0
1374,34.0,35782.19246872307,682.867563498984,18.628076186944813,8,MacOS,Standard,0,0
1375,61.0,11713.998384612887,733.6510497401811,279.98144807134184,14,iOS,Basic,1,0
1376,45.0,28673.22039687347,690.9305743267353,10.473951451914619,7,Android,Basic,1,0
1377,47.0,17827.253693742197,638.8238691571512,207.53864829241758,6,MacOS,Premium,1,0
1378,46.0,,678.1811688170247,19.779654358234243,8,MacOS,Standard,1,0
1379,63.0,50267.05913595124,584.5264491049371,4.665318079329545,13,Web,Standard,1,0
1380,23.0,97216.4994484343,714.4193465356404,152.53727330919014,11,MacOS,Basic,1,0
1381,52.0,71516.5487969134,689.688228932241,39.464712880701484,16,Android,Basic,1,0
1382,58.0,,670.4221420765878,150.41997295386795,15,Windows,Basic,0,0
1383,54.0,28325.77082824372,717.6349785537818,97.18471071177386,3,MacOS,Premium,0,0
1384,41.0,58896.3346191573,681.8761630796597,13.823364275034937,6,Web,Basic,1,0
1385,46.0,75683.2327719144,710.3414936141287,322.81946979481114,9,iOS,Standard,1,0
1386,66.0,39422.54334597064,728.1158289440073,72.24641616626994,11,Android,Premium,1,0
1387,63.0,17843.309457068444,652.53859302523,159.1130257181434,14,iOS,Premium,1,0
1388,48.0,26913.126508023764,638.2294858804088,83.42284926776063,9,MacOS,Premium,1,0
1389,52.0,100873.03168936152,593.8719962623766,111.2705160187295,15,Windows,Standard,1,0
1390,50.0,34722.85862692672,686.1280399413929,43.277410721040525,9,Web,Basic,1,0
1391,69.0,4940.128233548919,702.6048644225344,26.83128393240709,11,Android,Premium,1,0
1392,,15042.667193854693,613.819230075548,93.85582273362088,18,Windows,Premium,0,0
1393,49.0,28150.79228013801,751.0189924014176,69.62515138619248,11,Android,Standard,1,0
1394,40.0,67608.9157448131,638.8832264323638,59.33783217997724,15,Web,Basic,1,0
1395,50.0,30826.395187204183,574.824995413725,133.97669049836657,6,Web,Basic,0,0
1396,20.0,68367.9203581734,754.7411449946163,140.73823382794887,10,MacOS,Basic,0,0
1397,35.0,26484.172989465147,581.349250000758,5.640937487794339,17,Android,Basic,1,0
1398,42.0,11174.889001252704,728.2089386691713,49.633796347047515,10,MacOS,Standard,0,0
1399,59.0,27039.750548612712,716.0559760437926,63.67535837364563,17,Android,Standard,1,0
1400,48.0,44665.96141517422,695.9777050609938,12.229597181155894,14,Android,Standard,1,0
1401,20.0,42496.21149328818,653.8612525891718,32.28692911231652,9,iOS,Basic,1,0
1402,57.0,17101.737584309787,705.1398647262788,6.3627596476789865,16,MacOS,Standard,1,0
1403,63.0,29415.654538660547,732.4242436852276,670.0673544269588,10,Android,Premium,0,0
1404,41.0,181825.83236324537,630.7094751762263,160.0702828365098,12,Android,Standard,1,0
1405,67.0,17327.302301799038,728.8186836489742,10.981508640791029,14,Web,Standard,1,0
1406,49.0,53983.51691729808,726.5437255968621,2.4548650648628048,16,iOS,Standard,1,0
1407,64.0,10321.605316452597,694.6525545460778,152.4510401195538,17,Web,Standard,1,0
1408,39.0,,653.1012560959443,69.40523681567373,14,MacOS,Premium,1,0
1409,40.0,21260.470148646928,726.7728682424388,185.46109810828057,11,MacOS,Basic,1,0
1410,19.0,46223.93215319051,705.4156478081262,308.4181627276845,13,Android,Basic,0,0
1411,44.0,16732.105518632536,629.2020168402717,109.74518786189607,21,Windows,Basic,1,0
1412,59.0,43239.58525916752,661.6322095615876,24.858904781952166,14,Web,Standard,1,0
1413,19.0,21053.24160107909,720.952746921035,182.89808233816163,17,MacOS,Premium,1,0
1414,43.0,23646.516524064475,685.7290308550422,374.3155449451842,7,Android,Basic,0,0
1415,34.0,47343.8214754407,734.2991447222663,104.1661683435171,11,Android,Basic,0,0
1416,57.0,28050.695738695315,662.9176652175802,137.48350425781234,13,Web,Basic,1,0
1417,50.0,45625.81113051298,630.005235387595,49.40358308161865,11,Android,Premium,1,0
1418,26.0,32386.443664700946,789.6801307805035,57.66034383490336,14,iOS,Basic,1,0
1419,60.0,37816.32659079674,595.9552458626755,159.20670245936225,11,Windows,Basic,1,0
1420,65.0,47431.97616186086,655.0080201299168,315.34980169285546,10,Web,Basic,0,0
1421,56.0,29436.448407855994,693.9874000349993,118.98262986990088,11,Web,Premium,1,0
1422,46.0,19977.663998973614,729.3041945738855,187.19085181150453,11,Web,Standard,1,0
1423,59.0,26386.627862297853,712.3224684271131,22.59617057973309,15,Android,Standard,1,0
1424,43.0,74390.49876539671,795.5629502471439,28.58463294666783,12,Android,Basic,0,0
1425,52.0,38937.14079995326,674.1200773670935,91.12333235719998,17,Web,Standard,1,0
1426,67.0,21874.15163237416,636.3508369324736,23.310904649567522,14,Web,Basic,0,0
1427,,46209.30043988331,669.0151987891775,120.94133030961711,13,iOS,Standard,1,0
1428,41.0,48097.68619888248,664.0011735324488,41.378574490666644,9,MacOS,Standard,1,0
1429,30.0,49612.566896913304,676.585242635493,188.15672333130175,11,iOS,Standard,1,0
1430,24.0,20197.168085563186,630.875593855036,198.1001752944031,15,Web,Standard,1,0
1431,53.0,24114.422957269893,719.2028019125179,74.7869590490154,7,Android,Basic,1,0
1432,62.0,24195.0288148195,698.5415104668105,23.932800840580725,12,Android,Basic,1,0
1433,37.0,29249.309711078648,616.8059585462945,124.87799053812195,22,Web,Standard,1,0
1434,18.0,50178.98091304948,728.4012537935292,591.8247429001553,13,MacOS,Standard,1,0
1435,25.0,43378.138971017695,639.4259231507748,116.93106342469937,14,Windows,Basic,1,0
1436,63.0,45484.6494956751,620.8592248847856,4.371634602589782,8,Windows,Basic,0,0
1437,33.0,81831.00503417045,684.3664351960824,2.093431601479867,13,iOS,Standard,1,0
1438,31.0,54903.619785983356,592.1078275300345,46.3433918503822,13,MacOS,Basic,1,0
1439,29.0,33353.53440878739,709.4751524938624,26.14645788116139,11,Windows,Premium,0,0
1440,68.0,17848.395484937046,538.0579834608403,201.230464154178,8,MacOS,Standard,0,0
1441,40.0,23653.628211867006,628.5318655005681,223.56926235682863,6,Android,Standard,1,0
1442,32.0,31038.29238434962,758.7568660543956,35.90883687857976,9,Android,Standard,1,0
1443,45.0,59723.32319684123,645.6670395413341,47.27979236865687,18,MacOS,Standard,1,0
1444,51.0,35724.81554295109,654.4207397396851,32.34129578949253,9,Web,Basic,0,0
1445,19.0,24496.42400908495,743.6832527065219,286.81601934832304,18,Windows,Basic,1,0
1446,49.0,23394.68803591599,640.3568197463841,83.81519250463074,13,Windows,Standard,1,0
1447,40.0,34830.651720231,718.1719090694738,128.10145019328846,11,Android,Standard,0,0
1448,39.0,61944.403087254155,738.7094082529661,64.43614215829268,14,iOS,Basic,1,0
1449,68.0,94335.3799651042,703.9265157074951,119.6396520555991,9,Windows,Standard,1,0
1450,42.0,32097.673863543532,607.755133851787,58.50298029268426,8,Android,Basic,1,0
1451,39.0,35353.55003294101,649.8007070392061,49.80340164610206,16,Android,Basic,1,0
1452,39.0,17529.40396191497,815.6809888764499,120.77213783006725,10,MacOS,Basic,0,0
1453,66.0,,655.4738173734213,107.30302974359691,11,MacOS,Basic,1,0
1454,69.0,15668.354137161741,829.3164687788214,41.69659737084665,10,MacOS,Standard,0,0
1455,,73349.97091652562,765.4482026014947,19.410323291424,13,iOS,Basic,1,0
1456,23.0,29167.152135725377,705.9534769686111,55.17345499897888,10,Windows,Basic,1,0
1457,32.0,25346.09880026414,694.8617136248758,64.37776002236139,13,iOS,Standard,1,0
1458,60.0,18657.394918698013,656.758832243645,118.88432698106723,18,iOS,Premium,1,0
1459,54.0,,675.5543704548269,295.14904517348094,12,MacOS,Basic,1,0
1460,50.0,41477.02647273077,645.5637921737863,4.4226841720488,15,Android,Standard,1,0
1461,25.0,36782.161407255735,676.8186798090198,33.511872863211266,13,Web,Basic,1,0
1462,61.0,61823.536208016616,611.8902554308673,25.838300355653995,13,Android,Basic,1,0
1463,61.0,24575.378939755083,609.2114493472088,83.72958706686782,10,Android,Basic,1,0
1464,22.0,36355.74703219443,745.0507831327354,67.39129871292452,16,Android,Standard,1,0
1465,56.0,37564.01307838852,599.3845132010292,156.6930361230596,14,Android,Standard,1,0
1466,21.0,26707.843374420903,724.3069076747066,33.3144889461539,11,iOS,Basic,1,0
1467,23.0,74591.57525019842,585.2808902037046,108.31564502694931,12,MacOS,Basic,1,0
1468,62.0,31850.46794689098,711.4818801512795,258.35224297154707,8,MacOS,Basic,1,0
1469,49.0,14301.515190016135,669.620782742848,289.86054589580897,18,Android,Standard,1,0
1470,69.0,30306.017886344856,746.0658101401702,382.6732104842402,6,Web,Standard,1,0
1471,47.0,42171.807288380274,663.4002770559962,178.07476481610624,21,Windows,Standard,1,0
1472,64.0,21245.578023096154,579.5229972414267,283.71982178011905,11,Android,Basic,0,0
1473,52.0,22275.509474251903,670.5981857056665,32.071967265001014,6,Android,Basic,0,0
1474,57.0,26166.744173023417,687.9830282773962,26.414915315933428,11,Web,Basic,1,0
1475,69.0,75564.46379537936,673.4011178984106,0.7811067456649003,10,iOS,Basic,1,0
1476,33.0,27111.28081292263,708.7553910494885,147.24619292279374,8,Android,Basic,0,0
1477,30.0,85602.53799209144,651.7805950647138,332.647663802561,18,Web,Premium,1,0
1478,67.0,25110.208036191492,616.8298418727197,24.833357544285665,10,iOS,Standard,1,0
1479,59.0,44135.00372056265,630.0175557842888,121.5836420641672,10,iOS,Standard,1,0
1480,47.0,27785.078069128132,654.2116327735231,164.66792733676593,13,Android,Basic,0,0
1481,36.0,57093.748265141694,653.7825691875823,315.0894740387294,11,iOS,Basic,1,0
1482,34.0,18565.039741203313,800.3061179001636,124.90696013589509,11,Android,Basic,0,0
1483,36.0,56710.558411276324,742.7552708291541,421.9676684249087,13,Android,Basic,1,0
1484,45.0,38883.35866211385,714.3354602174282,50.714537575409466,14,MacOS,Basic,1,0
1485,43.0,24735.751615850397,702.3006255364269,51.6807568910771,7,Windows,Premium,1,0
1486,54.0,32868.403954239555,694.9886117801068,93.97191152081217,12,Windows,Standard,0,0
1487,43.0,91154.66558771585,695.2500272604864,58.04400091983504,19,MacOS,Basic,1,0
1488,40.0,39446.74064366939,688.1643026540066,0.17120947262018604,11,Android,Basic,1,0
1489,26.0,,682.005954121829,157.91016088928524,12,Web,Basic,1,0
1490,29.0,17626.945953641654,575.4067952724566,167.18234657268746,12,iOS,Basic,0,0
1491,18.0,,661.5436363463754,164.91185022718696,13,MacOS,Premium,1,0
1492,18.0,40843.67069784292,667.9849597425876,50.778191510605275,12,MacOS,Standard,1,0
1493,64.0,55105.91926527095,642.5513451364977,88.6500387164644,11,MacOS,Basic,1,0
1494,51.0,15103.248863541467,652.1951531885599,53.54948707626062,11,MacOS,Basic,1,0
1495,49.0,,695.0374508590397,1.9399649418196379,14,Windows,Basic,1,0
1496,65.0,72267.33583536728,718.379503847498,99.18742491944589,8,Android,Standard,1,0
1497,42.0,44302.881012800935,694.961823095922,15.853921575425641,9,MacOS,Basic,1,0
1498,57.0,50013.11303582919,717.1222119323478,10.011183292628166,14,MacOS,Basic,1,0
1499,62.0,20381.599362027795,718.0054015407345,169.0243393276043,11,MacOS,Standard,1,0
1500,18.0,,665.0147203236073,1.1462009723222293,10,Web,Basic,1,0
1501,33.0,65825.0138595041,706.2653731251075,383.32670101955716,6,Web,Standard,1,0
1502,56.0,67712.53472927176,592.681376018816,86.89596607806212,16,iOS,Basic,1,0
1503,22.0,18901.72199572988,660.7837386570613,489.06106973115794,5,Android,Basic,1,0
1504,39.0,16854.579891328987,654.907420526685,7.169691289945909,9,MacOS,Basic,0,0
1505,46.0,34024.77509729211,756.5663401157116,105.11277186581474,12,iOS,Basic,1,0
1506,20.0,22480.216347814036,696.8543646366841,51.56977468899999,10,iOS,Basic,1,0
1507,29.0,22201.027988406888,613.2772959423542,222.5504889908648,19,Android,Premium,1,0
1508,43.0,17140.04902032945,709.7291902387778,53.78393445725578,19,Web,Basic,1,0
1509,33.0,27417.579960442752,725.4891672550582,36.211704067893706,15,Android,Basic,1,0
1510,68.0,18163.75046835912,675.5168039230183,233.8543404651021,13,iOS,Standard,0,0
1511,54.0,18821.581794406804,714.5127964561401,56.3338475851307,10,Android,Basic,0,0
1512,39.0,43435.61944162664,555.2146308108768,2.0371932604404392,7,Web,Basic,0,0
1513,46.0,35132.470223556214,545.033882528385,59.37244439520431,10,iOS,Premium,1,0
1514,31.0,48578.05714797123,621.0665381851239,127.53925107567026,17,Android,Basic,1,0
1515,45.0,13501.82227689015,687.4519850312499,35.22141005529523,13,MacOS,Premium,1,0
1516,22.0,36531.43368847778,756.6081884804273,67.87344194131958,14,MacOS,Premium,1,0
1517,64.0,126169.62683734825,623.6786155558622,7.006435400541675,6,Android,Premium,1,0
1518,66.0,29046.013078280816,637.3161295856031,106.43486125442121,14,Android,Basic,0,0
1519,47.0,59566.54702499056,684.4303195362374,169.41557869284824,11,Web,Basic,1,0
1520,63.0,59254.92093267569,655.3840602510483,63.99156882506386,13,iOS,Standard,1,0
1521,69.0,61029.89864525771,652.5404615351588,65.41540163246363,12,Android,Basic,0,0
1522,22.0,40134.71751756802,658.9262581284354,11.091011293534304,16,iOS,Standard,0,0
1523,,51003.60470232833,745.7394245759509,27.068709558763725,12,MacOS,Standard,1,0
1524,33.0,55238.09781487942,735.8067144369061,20.164136253514375,18,iOS,Premium,0,0
1525,43.0,53170.957626389165,681.1734661146307,78.86129461317145,13,Windows,Basic,0,0
1526,43.0,,762.7240136959822,90.41278583860695,11,Web,Basic,1,0
1527,65.0,13037.294154683244,705.4514177033988,356.97077260180424,11,Web,Basic,0,0
1528,38.0,14297.641519666491,737.6947067269246,9.12617754385667,12,iOS,Basic,1,0
1529,56.0,30881.235238035402,636.9726713725686,109.91528630663267,11,Web,Basic,1,0
1530,53.0,51862.7476965379,647.3161473125971,89.71203074131347,16,iOS,Standard,1,0
1531,50.0,18720.102650680084,646.7808854252015,87.13825146971817,7,iOS,Standard,1,0
1532,,63220.39761591931,675.663887542925,247.77878533089984,8,MacOS,Premium,1,0
1533,54.0,26866.485464202327,682.9956618545631,27.610885853192702,14,iOS,Basic,1,0
1534,40.0,27020.385355756116,696.2088654298498,4.995337585264785,16,Web,Standard,0,0
1535,27.0,21989.839889709197,778.6552434040952,133.86837366766065,15,Windows,Standard,1,0
1536,22.0,,716.0639064624525,50.80325706113035,14,Android,Premium,1,0
1537,,41672.15658849163,654.2604150250172,2.1295748640347565,10,Web,Premium,0,0
1538,51.0,101478.33716132102,679.8362810472088,34.74189148254334,14,Windows,Basic,1,0
1539,69.0,34975.43671270511,755.2471094557602,44.41061610307644,13,Web,Premium,0,0
1540,48.0,11963.564461298492,719.0939921302061,115.11580633019321,9,Windows,Basic,1,0
1541,27.0,58000.42905318296,754.589108171203,22.733982685837187,11,Web,Premium,1,0
1542,36.0,13699.590295597593,655.8658368176325,63.93876592699905,9,Android,Standard,0,0
1543,49.0,17581.093344170982,644.4169230711847,79.04379654816287,13,MacOS,Basic,0,0
1544,,31476.518318205573,645.1477649320288,73.77298769756248,13,MacOS,Premium,0,0
1545,22.0,39093.28777679416,659.9006754431932,437.6859752413717,12,Android,Basic,1,0
1546,62.0,19827.033213451723,626.8358495114753,5.588649075293259,8,Web,Premium,0,0
1547,21.0,30748.92662312615,694.759653085421,361.83431225682824,17,Windows,Standard,1,0
1548,33.0,55775.91589747798,695.6193621705822,104.65483823774815,11,iOS,Standard,0,0
1549,41.0,60555.0005407356,746.9388985210531,190.59617334706826,14,Web,Basic,1,0
1550,33.0,76947.13088205652,591.9868749709996,67.53695508295951,11,Android,Basic,1,0
1551,19.0,114193.67522779787,632.793622176879,72.58073118416644,15,MacOS,Premium,1,0
1552,66.0,59037.82345508631,720.2790237265364,253.76000633255205,7,MacOS,Basic,1,0
1553,45.0,31887.1405950598,689.1736559355784,271.52816817140916,10,Web,Standard,1,0
1554,49.0,60814.78876683796,682.240122819397,32.72558112752453,15,Windows,Standard,1,0
1555,44.0,48051.55328963008,743.192691995506,26.6635617940133,12,Android,Standard,1,0
1556,37.0,49208.42789630079,629.502289866192,82.27748815568074,12,Android,Standard,1,0
1557,41.0,40389.74806757719,643.5635303672989,276.64310502887025,18,Windows,Basic,1,0
1558,29.0,21010.28878167412,637.6744077778194,46.69582377923213,16,Windows,Basic,1,0
1559,67.0,19597.20347725192,579.3545978053322,126.67137578286714,17,Web,Standard,1,0
1560,52.0,34259.83923453248,686.6408766708132,147.78253083039522,11,Web,Premium,0,0
1561,50.0,39709.51241909349,653.8573706481857,180.97458664760828,22,MacOS,Standard,1,0
1562,50.0,24157.144316466558,643.3549595754112,99.59277467904022,8,MacOS,Basic,0,0
1563,68.0,46817.16411047825,634.3287436841349,61.79111790687615,12,Windows,Premium,1,0
1564,60.0,126558.45084193368,679.1126653790803,409.40788127854586,8,iOS,Standard,1,0
1565,,12751.466561881318,640.073024272062,113.40318751254188,11,iOS,Standard,0,0
1566,29.0,51500.49439652415,691.0783763804119,156.48400303634645,13,iOS,Standard,1,0
1567,20.0,34906.04238570898,702.9590083667432,50.771262469505565,9,Android,Standard,0,0
1568,18.0,,665.2711179750003,133.0210367301075,9,Web,Standard,1,0
1569,50.0,28045.155307509063,661.8766180120288,35.7760056584905,12,Windows,Standard,1,0
1570,57.0,33268.42636485862,689.2745500159245,33.73990866726406,12,MacOS,Basic,1,0
1571,27.0,39249.74673604358,678.5575139932865,150.51502115538497,13,iOS,Standard,1,0
1572,60.0,30303.53556121366,746.5079677677364,88.42549264456609,12,MacOS,Basic,0,0
1573,61.0,14583.925522904257,695.9132768780103,137.96717689376365,19,Web,Standard,1,0
1574,46.0,31560.164322412787,734.7793000137154,37.67302197111121,6,Windows,Basic,1,0
1575,30.0,15523.958560188608,710.5255501179507,109.57250004131132,13,iOS,Basic,0,0
1576,29.0,53740.160370002784,614.0790929936805,70.42411881420875,10,iOS,Standard,1,0
1577,48.0,11856.991106009025,652.0867562097176,109.04642136995437,12,Windows,Basic,1,0
1578,63.0,67318.65222459874,677.595128847867,41.24761640575002,10,MacOS,Standard,0,0
1579,19.0,46992.241853582185,723.4222155297966,150.82196166131448,17,Web,Basic,1,0
1580,68.0,47100.230292990505,776.3906498719286,196.74397130672224,17,Web,Basic,1,0
1581,67.0,9911.134283904852,655.7926434556394,36.119067118605564,11,Web,Basic,1,0
1582,52.0,,682.7628049143339,42.90742214450657,9,MacOS,Standard,0,0
1583,40.0,72557.74867277128,719.9955640844194,129.8652417715764,15,MacOS,Basic,1,0
1584,34.0,26604.48827241518,677.1086245847055,142.72367394328415,11,iOS,Basic,1,0
1585,43.0,19018.409498508503,762.204838892623,146.1279183589654,13,MacOS,Basic,0,0
1586,25.0,24785.099946752463,612.6106512393745,137.7483441681896,19,Android,Basic,0,0
1587,46.0,34857.84248872329,713.9009957733497,59.8691714472119,21,Windows,Premium,1,0
1588,43.0,21789.37467679963,713.4106627218068,60.274198764604904,14,MacOS,Standard,1,0
1589,27.0,76137.05414839195,737.6019349156865,35.29515481007818,13,Web,Basic,1,0
1590,,34933.428345310036,683.1025674411497,20.470928239678504,10,MacOS,Basic,1,0
1591,51.0,26020.979389498294,724.5760609202915,141.54382364609296,11,iOS,Basic,1,0
1592,68.0,16633.830524855664,667.543037688022,11.738519259714645,8,Windows,Standard,1,0
1593,58.0,48565.465125303985,639.9304364868706,333.27315363381706,11,Windows,Basic,1,0
1594,24.0,47906.17918372064,632.6398494420248,210.3182463485804,14,Web,Standard,0,0
1595,21.0,22576.722041616405,607.9298906312289,233.81442725838073,17,Windows,Standard,1,0
1596,67.0,9491.980688126649,657.9320604242574,284.5921174175998,10,Android,Basic,1,0
1597,62.0,46465.12516545241,695.5744188528532,63.032529193156066,15,Windows,Standard,1,0
1598,28.0,32465.003256265987,669.5933951957873,225.043585397266,10,Web,Basic,1,0
1599,46.0,44428.778406188685,689.8983049986778,20.645768470418982,7,Windows,Basic,1,0
1600,53.0,117513.0558703381,741.7439508693169,2.6255295388250817,17,MacOS,Basic,0,0
1601,42.0,35735.5365336233,654.1256725837152,184.39346847563024,13,iOS,Basic,0,0
1602,38.0,,797.0148249022653,9.32900707532106,15,MacOS,Standard,1,0
1603,53.0,18244.278799264892,717.7621499495286,536.106663870081,10,Android,Standard,0,0
1604,27.0,30108.021947190904,670.1537138712382,134.79647067404937,16,Android,Premium,1,0
1605,54.0,39988.46872937951,669.0198952887213,168.0227149275197,17,iOS,Standard,1,0
1606,26.0,37495.80924921092,629.5935021611575,33.85233686898934,15,iOS,Basic,0,0
1607,41.0,102137.90654353138,678.7141517556448,134.45340968990305,15,iOS,Basic,0,0
1608,52.0,48993.91272529598,571.9201933380732,5.301808012187108,7,iOS,Standard,1,0
1609,66.0,33493.928986138344,742.788308763428,218.290046288437,11,Windows,Basic,1,0
1610,52.0,23767.24503472061,539.1694599991366,22.305213690931776,6,MacOS,Basic,1,0
1611,65.0,42616.79307721072,682.0875486683924,143.42458932022566,14,Android,Basic,1,0
1612,53.0,21073.99521221811,622.8005499338315,30.506658384423464,15,Windows,Basic,1,0
1613,35.0,40453.103654863284,644.9410674038179,8.50905790032362,13,iOS,Basic,1,0
1614,66.0,48652.00775535218,651.3924033538727,78.8163671498913,15,Web,Basic,1,0
1615,,31892.58020733639,776.2813063730972,22.25639521749976,9,Web,Basic,1,0
1616,49.0,24880.213638207246,624.8374647264831,156.8731361935671,11,MacOS,Basic,1,0
1617,41.0,9787.113903464286,725.7129772397061,32.54869514489494,11,Android,Standard,1,0
1618,40.0,72135.5333301004,738.0200914633671,50.31225314832114,11,Android,Standard,1,0
1619,49.0,,563.0785899878451,100.5639003563528,12,MacOS,Standard,1,0
1620,54.0,,649.2323616619283,40.25140442970932,15,iOS,Basic,1,0
1621,29.0,14231.15135958569,754.222954641285,56.975529678444566,13,iOS,Standard,0,0
1622,66.0,83108.5796038083,614.2613274640273,202.89192468481335,11,Android,Basic,0,0
1623,30.0,27470.552178366837,739.9138018322318,23.698536550817842,12,Android,Premium,1,0
1624,40.0,30537.869591928593,679.1066709299457,10.293301063441435,14,Android,Standard,1,0
1625,42.0,19118.808863844337,676.945133521616,47.76353983160089,15,iOS,Basic,1,0
1626,52.0,12429.55721016015,683.4745806359816,66.2762330049873,11,Web,Basic,1,0
1627,58.0,72722.62219832737,697.1285915765728,93.87919350756877,14,MacOS,Standard,1,0
1628,47.0,78586.75255369714,632.2180907652878,55.90680187772887,10,MacOS,Basic,1,0
1629,34.0,,666.979023342373,187.22728338120766,14,Windows,Basic,0,0
1630,66.0,,698.5299206990105,4.8136054362957745,12,Windows,Basic,1,0
1631,,28962.972955080488,688.8442919715004,67.82696163019341,15,Web,Basic,1,0
1632,65.0,29443.575208589657,697.4612781272233,57.801721040864464,15,Android,Basic,1,0
1633,42.0,17678.140701023207,644.0656477925559,125.15128205758258,14,Web,Basic,0,0
1634,39.0,30474.540330275973,711.614960489165,406.7463597996409,11,Windows,Standard,1,0
1635,30.0,39809.513515466184,686.3237837744188,85.69395809842639,9,Windows,Basic,1,0
1636,36.0,66895.99297544577,600.9649974163038,520.0052639730637,13,MacOS,Standard,1,0
1637,66.0,36627.20313651543,653.4314241516511,43.18722472427331,15,Web,Standard,1,0
1638,53.0,14103.650938536994,635.2247739845698,3.7625508267307994,9,iOS,Basic,1,0
1639,29.0,44897.11051705836,634.5810953514657,21.734169867810866,14,Windows,Premium,1,0
1640,58.0,31146.017377693275,656.1759934774284,60.32799160488643,8,MacOS,Standard,1,0
1641,36.0,82639.72832944604,710.6735968345889,45.634278225875434,9,Android,Basic,1,0
1642,29.0,,648.6603875219971,12.251120769599305,19,Web,Standard,1,0
1643,26.0,87436.89283195864,691.2528942628969,68.01560370258775,6,Windows,Premium,0,0
1644,24.0,25927.183124124476,683.0581283925458,49.51975439996166,12,iOS,Premium,1,0
1645,45.0,119840.02939094201,641.0473797846655,15.697703596991369,10,Windows,Standard,0,0
1646,31.0,44826.9815088983,662.7592434666352,42.137197845199864,19,iOS,Standard,1,0
1647,48.0,96358.24497973223,723.2424611649457,261.04670541184254,11,Web,Basic,1,0
1648,69.0,26860.933713441613,687.4903153470543,43.15274238417764,7,iOS,Premium,0,0
1649,36.0,30358.807662486743,707.4413930700528,150.19291410211173,7,iOS,Basic,1,0
1650,64.0,42805.266009359984,743.624827195389,113.62455432542248,12,MacOS,Basic,1,0
1651,33.0,39780.2789924551,701.7468527089038,66.8622932423483,9,Web,Premium,0,0
1652,22.0,77102.20559501629,583.9655566557338,32.77867319971183,11,Windows,Basic,1,0
1653,52.0,31593.996864039265,693.5298858057827,55.25672544368634,12,Android,Standard,1,0
1654,29.0,73040.47322165722,649.0944284163213,107.6101100670594,16,Web,Basic,1,0
1655,42.0,,770.5151305002081,51.83308559196289,6,Web,Standard,1,0
1656,69.0,31951.188850627303,699.9634703807088,29.032756577926317,10,Android,Basic,0,0
1657,38.0,53788.01600438657,650.1280851263726,14.85861900005424,12,Windows,Standard,1,0
1658,53.0,27338.219174752434,708.3255964720595,254.19878828570117,9,MacOS,Basic,1,0
1659,40.0,148765.0478046686,684.5395451483554,69.64530441105477,17,Windows,Basic,0,0
1660,33.0,7342.249950152505,594.1021343140096,117.76619184246326,15,Android,Standard,0,0
1661,56.0,54380.77244677041,723.1530390626357,80.89794081983864,13,Windows,Basic,1,0
1662,,12597.358831681908,659.7230042966461,247.2192915761413,12,Web,Basic,1,0
1663,59.0,31716.932897895505,751.0309146387004,95.00632203110112,10,MacOS,Basic,0,0
1664,56.0,34497.25885267687,673.7784607928095,78.65163893499125,8,iOS,Basic,0,0
1665,31.0,89731.7672547875,751.9646741917735,310.19533675451754,9,Windows,Standard,0,0
1666,48.0,23973.604048369823,701.2449074952908,152.62292451453436,17,iOS,Basic,1,0
1667,22.0,79603.00715094256,728.7061684647965,14.193216396573812,8,MacOS,Basic,0,0
1668,,17902.757242584703,655.4090254758585,23.478649474405454,12,iOS,Basic,1,0
1669,,81470.95328182964,697.6503090273247,185.64481212120722,17,Windows,Premium,0,0
1670,46.0,27320.503271086956,593.6882607993966,216.83792204168637,18,Android,Standard,1,0
1671,60.0,37951.363519452614,673.6481548562479,94.54528231199404,18,Web,Standard,0,0
1672,28.0,29678.341078383713,605.7734229034471,97.01490462060859,14,Web,Basic,1,0
1673,35.0,78387.36906304712,622.851142957345,119.9388229486673,11,iOS,Standard,1,0
1674,64.0,69747.99166531426,635.4597867127687,69.38889192326684,11,Web,Premium,1,0
1675,29.0,47386.89688066983,713.0210467970655,136.80680853122678,9,Web,Standard,0,0
1676,26.0,18194.57895804612,672.6319932621856,13.779458210235148,12,Android,Basic,1,0
1677,27.0,23646.889880958704,681.5713504676922,390.16553397686334,18,iOS,Premium,1,0
1678,61.0,19591.55891193751,671.2706137886121,166.4296617770455,6,Android,Basic,0,0
1679,34.0,9424.936434324385,734.0360249443494,119.6917012800174,9,Android,Basic,0,0
1680,55.0,77403.77733076205,680.202097891158,45.63219789868131,11,MacOS,Standard,1,0
1681,24.0,29831.074098768328,692.4418539375689,21.058982356734912,13,iOS,Basic,0,0
1682,63.0,29640.69779352642,651.4873403585955,63.182368928273846,10,Android,Basic,1,0
1683,30.0,89113.07429889264,737.4704646833123,130.01495041006964,16,Windows,Premium,0,0
1684,57.0,27293.58136156424,741.2194643401452,120.51950509474028,6,Web,Basic,1,0
1685,59.0,21932.337800680067,678.1555523465548,57.87657933723136,7,iOS,Standard,1,0
1686,26.0,31734.275687053065,650.7852485159759,114.0085074790197,8,MacOS,Premium,1,0
1687,67.0,18405.385092961587,599.2011833141472,201.67875245389925,9,Android,Standard,1,0
1688,44.0,44650.17303105722,636.5701784682146,3.196367058297934,8,Windows,Standard,1,0
1689,19.0,,571.6454969237121,71.8760180175037,7,Web,Premium,1,0
1690,22.0,,634.4678739956003,170.5337425615654,13,Web,Standard,1,0
1691,46.0,25429.31946089736,697.8485048697634,94.79716181546513,11,Windows,Basic,1,0
1692,54.0,34073.22293729668,677.4800024700489,126.4858124245946,9,iOS,Premium,0,0
1693,55.0,38180.823858156895,796.1633492227364,87.2482626083798,10,Web,Basic,1,0
1694,36.0,26582.674472957086,661.4471642599807,577.5304215883533,14,Web,Basic,1,0
1695,25.0,29282.356264240527,657.5434129522779,6.740392941061678,27,Web,Basic,1,0
1696,65.0,34581.92078807121,733.13847997644,81.04743897610695,13,Android,Standard,1,0
1697,62.0,32550.536136753053,583.6531855877223,11.504224762099579,12,Android,Premium,0,0
1698,18.0,36998.978388554126,605.9116388710256,20.89177638310301,11,Web,Basic,1,0
1699,39.0,24197.328610390734,713.1920680627733,57.95380959335981,11,MacOS,Basic,1,0
1700,69.0,66353.76253090364,670.2287898515315,20.286962101778162,10,Web,Basic,0,0
1701,34.0,38487.81229703811,671.3751982801272,397.8700854340738,17,iOS,Standard,1,0
1702,24.0,26841.163732998135,633.1424421082838,352.0205681131078,11,MacOS,Basic,1,0
1703,42.0,44650.935164861636,691.9885086791321,49.156592758973396,14,iOS,Standard,1,0
1704,62.0,34730.68401306652,639.5988372676784,122.51408316986738,7,Windows,Standard,1,0
1705,21.0,12832.087991937056,683.6371664348617,91.56485159597284,7,Windows,Standard,1,0
1706,53.0,44559.09720268301,622.0758219073382,202.86928389285217,9,Android,Standard,1,0
1707,23.0,19698.470627083225,670.8801506308722,118.48466854887212,20,Android,Basic,1,0
1708,48.0,63618.31438725062,781.2434470247923,0.03029836350735267,18,Android,Standard,1,0
1709,36.0,31412.155557923033,658.7532105131238,172.85174555331906,14,Windows,Basic,0,0
1710,61.0,57990.946263265505,673.412090590411,164.85187911440377,10,iOS,Basic,1,0
1711,56.0,24881.227142422427,669.8738501265459,85.53409691223223,17,MacOS,Basic,1,0
1712,44.0,37871.62993671964,688.7265704172243,279.86511860115684,10,Android,Basic,1,0
1713,27.0,75067.73365117343,703.4075989842127,286.8994276204371,15,Windows,Basic,1,0
1714,43.0,30902.429121771318,692.8618875338261,89.05822665858592,12,Android,Basic,1,0
1715,36.0,25476.449127171596,693.9657920886252,112.3756100621433,10,Web,Basic,0,0
1716,56.0,53799.76447052845,670.9583307800574,679.3582251789803,15,MacOS,Basic,1,0
1717,20.0,53177.835259284686,685.0144861253519,42.59891805060712,8,iOS,Basic,1,0
1718,62.0,26127.678751444153,669.3022285406225,47.09708404720496,12,Android,Basic,0,0
1719,,11033.853181656597,589.382064678644,24.220737777826542,14,Web,Standard,0,0
1720,,25184.555622685763,811.5307504925936,271.45029197292394,8,Web,Standard,1,0
1721,45.0,54525.06117392314,716.4086374773608,163.73849158309062,17,MacOS,Basic,0,0
1722,37.0,22810.574159271906,631.0340397357725,13.398010281439031,14,Windows,Standard,1,0
1723,45.0,36077.95517393036,691.50302021917,480.5449682132517,15,Windows,Standard,1,0
1724,25.0,24477.486047632334,612.6929638709897,157.54818728009982,19,Android,Premium,1,0
1725,58.0,11392.376726370045,655.2899225418647,228.0728144907033,16,Android,Basic,1,0
1726,56.0,,605.9005729437102,5.921837846971673,11,Windows,Basic,1,0
1727,18.0,54386.93357807031,677.4407577179786,84.3742281477574,14,iOS,Standard,1,0
1728,20.0,8759.100639713797,600.9322386934972,143.9173570107778,15,iOS,Standard,0,0
1729,,42247.49792346645,699.4211447156432,93.95460145718728,8,Web,Basic,1,0
1730,45.0,17825.021673035935,714.1110540456415,131.82656249099105,8,MacOS,Premium,0,0
1731,66.0,52316.4034141798,638.6509700208187,204.36682474847936,13,iOS,Premium,1,0
1732,42.0,55747.696022861266,688.0447102099531,56.27321905512457,13,Android,Standard,1,0
1733,50.0,32755.6661742714,636.0017823988795,226.59403736526156,15,iOS,Basic,0,0
1734,,32800.50218362055,705.5865482134953,21.339717631242134,9,MacOS,Standard,1,0
1735,23.0,22385.806121715526,645.569097571877,37.91103072824534,13,Android,Standard,1,0
1736,61.0,16198.111817254661,719.4485062523461,5.317572253039496,8,MacOS,Premium,1,0
1737,62.0,100594.78977446521,589.4204089832506,54.38736335121657,10,Windows,Standard,1,0
1738,49.0,21610.987474144753,629.7512042450056,57.34678993676856,12,MacOS,Basic,1,0
1739,62.0,93030.0351611862,624.5591839356728,196.3373234545253,13,MacOS,Basic,0,0
1740,64.0,,690.1676879202499,127.05685696752462,7,MacOS,Standard,1,0
1741,38.0,49767.34047922126,707.7544849720794,68.87795763795282,13,Android,Standard,1,0
1742,33.0,18348.73115467602,694.0318683391343,126.70564531638045,14,MacOS,Standard,1,0
1743,38.0,49713.758767519736,654.5511735804648,6.507292491158056,14,MacOS,Premium,1,0
1744,28.0,29871.12535845292,540.245646702904,23.853856205893358,14,Web,Basic,1,0
1745,54.0,30106.31723383626,681.9351147378782,118.32444849956558,14,Android,Basic,1,0
1746,53.0,52366.05745186204,719.4024542158535,123.05462321272364,15,MacOS,Standard,1,0
1747,52.0,27405.94339149638,814.0254435816623,178.53795507344114,6,iOS,Basic,1,0
1748,36.0,15415.224481226109,658.7802389644669,61.90053143931722,14,MacOS,Premium,1,0
1749,37.0,57341.69720931791,646.7342244532956,153.85551690724571,7,iOS,Standard,0,0
1750,35.0,18259.84464205453,696.0127390644077,138.2340994318076,10,Windows,Premium,1,0
1751,,49509.0307167333,667.1920778389277,396.90313632984913,9,Windows,Basic,1,0
1752,58.0,65107.6886991093,743.7686703631604,29.068496219544745,10,Android,Basic,1,0
1753,66.0,28989.92596754788,639.5905670875931,96.26964513151076,13,Android,Standard,1,0
1754,31.0,73821.97322545506,667.5576140504485,110.48539137364827,22,Windows,Basic,1,0
1755,,48487.932169488406,723.8106537136173,792.7302236589522,16,Android,Standard,1,0
1756,48.0,23920.309523180287,695.4182156315943,26.954979068128388,17,iOS,Basic,0,0
1757,18.0,84192.18669761939,738.0603835879015,88.88351490009047,6,iOS,Standard,1,0
1758,20.0,18306.233458119732,658.1716974285167,50.991757536316996,10,Web,Basic,1,0
1759,33.0,28968.946997138413,743.1642251184352,89.55866137097365,11,Android,Standard,1,0
1760,40.0,32087.156429714374,596.8079813361522,31.695961261317237,19,Android,Standard,0,0
1761,28.0,52215.47681375184,598.8097344263799,5.853979385137556,14,Web,Premium,0,0
1762,29.0,70916.61139857615,743.9519958229627,101.99449330322828,17,MacOS,Basic,1,0
1763,27.0,68300.67539354095,680.3674787732375,49.110449969658504,10,iOS,Basic,1,0
1764,49.0,41533.22514234747,726.0407932939997,24.098557072891943,11,MacOS,Premium,1,0
1765,33.0,30694.493028999474,684.9735479054575,46.97602692346615,12,Web,Basic,1,0
1766,25.0,12141.801593242866,679.647954573465,6.064307831710131,12,Android,Basic,0,0
1767,55.0,16506.54895204625,613.5989570437888,360.55395620760765,19,MacOS,Premium,1,0
1768,29.0,104819.31041441283,678.6580215841424,104.42849284981759,17,Android,Basic,1,0
1769,41.0,12068.533504517516,748.0803618158376,202.33798366434942,15,Web,Basic,1,0
1770,45.0,22681.516349600028,682.8335147035835,66.01414582735426,11,Windows,Basic,1,0
1771,25.0,72168.84840431463,714.1039097870114,280.3552283000514,13,Android,Basic,1,0
1772,45.0,41184.9418527134,712.7186979696809,79.23937314673736,13,MacOS,Standard,1,0
1773,53.0,63375.1458710348,629.3645991669184,102.38251071690152,16,MacOS,Basic,0,0
1774,43.0,50296.81383104666,722.856516587636,81.22420350713953,9,Web,Standard,1,0
1775,25.0,87706.34480323546,664.3135638470076,158.58593649379216,16,MacOS,Basic,1,0
1776,67.0,43358.4276139003,667.0173795852653,100.34683058354966,12,iOS,Premium,1,0
1777,45.0,54071.83057704729,784.8847594502663,38.02841440120702,10,Android,Basic,1,0
1778,45.0,23516.370644307754,709.8651683415759,18.87420480189876,12,iOS,Standard,1,0
1779,54.0,51626.985281860034,648.0748987861396,111.80641528262719,10,Web,Premium,0,0
1780,58.0,28633.26237722167,683.2269031504861,80.6085511254617,10,iOS,Standard,1,0
1781,53.0,27670.896700464087,681.8309963179112,12.107884171874163,15,iOS,Basic,0,0
1782,44.0,62120.67285801796,764.3046577169497,60.42575360877565,7,Android,Basic,0,0
1783,34.0,62378.38035388391,681.9730290232052,86.77746104397382,13,Android,Basic,1,0
1784,26.0,100013.98382539066,790.3999326665484,210.46160751882212,11,Windows,Standard,1,0
1785,50.0,96178.1914925324,615.1633651289981,9.498309732788325,16,iOS,Basic,0,0
1786,37.0,62968.45066314666,678.3823623164653,51.41648908502346,13,Android,Standard,1,0
1787,,,641.8572278901722,207.55975460113206,9,iOS,Premium,1,0
1788,45.0,108728.4305783712,655.2585697290187,125.43950169864908,7,iOS,Basic,1,0
1789,65.0,62993.10798965735,656.3439247695322,41.09179307818141,15,Web,Basic,0,0
1790,46.0,22936.48024782642,644.4346660000562,223.97934963509178,5,Web,Premium,0,0
1791,30.0,56237.8610564953,766.508590249281,81.57881969663578,16,iOS,Basic,1,0
1792,63.0,19489.68354189474,751.1280164421257,82.7827660556342,14,Web,Standard,1,0
1793,52.0,52637.18415466426,700.1322255732061,450.53740117511154,7,Android,Standard,0,0
1794,23.0,16485.524558568082,656.2824052555314,352.75967510792657,16,iOS,Basic,1,0
1795,35.0,22360.895031895674,645.8383478611156,53.279645349543735,9,Web,Premium,1,0
1796,68.0,55601.056258892255,717.0904370738884,18.179582639525513,8,Android,Standard,1,0
1797,22.0,69129.16884508131,695.0075475618088,47.28369933368612,12,iOS,Basic,1,0
1798,64.0,44146.199273689475,672.7587023200207,3.7149045764869277,6,iOS,Basic,1,0
1799,42.0,30586.035206927118,707.0596503650215,2.5183886792621304,18,Web,Premium,1,0
1800,19.0,10209.56416309809,724.5535270455246,60.40682744481997,12,Android,Standard,0,0
1801,27.0,32035.096301713478,672.2979984986514,339.66646433386404,15,iOS,Basic,1,0
1802,47.0,50015.640529973454,640.633704365596,246.08601665797198,9,iOS,Basic,1,0
1803,67.0,30029.66292899263,613.9442166586493,85.95585487631448,11,Windows,Basic,0,0
1804,62.0,35826.862326731854,692.5315837170732,99.95157598101365,14,iOS,Premium,1,0
1805,22.0,32488.112079995946,788.3622986566497,0.7141403857854836,7,Windows,Basic,0,0
1806,50.0,29940.76681314509,624.4668365024378,29.1252216177922,9,Windows,Basic,1,0
1807,18.0,38007.03047044166,734.9734540517029,3.010340415807059,15,Android,Premium,0,0
1808,35.0,30834.308171590375,646.2221920326606,168.55432488279448,14,MacOS,Standard,1,0
1809,49.0,86333.5647212736,656.2984232043457,18.889129491723466,8,Windows,Standard,1,0
1810,64.0,9663.862489942803,725.7461740058916,243.95010975962813,9,Android,Premium,1,0
1811,66.0,26173.283308159993,667.2370921668902,123.71140221054935,11,Web,Basic,1,0
1812,28.0,21543.86279528038,692.412989824524,31.273210009625377,13,Windows,Premium,1,0
1813,38.0,41417.81412012408,691.4547378106182,20.597178589214575,9,MacOS,Basic,1,0
1814,43.0,38035.94343558596,646.3026169118297,118.54236777460363,16,Web,Basic,1,0
1815,42.0,96116.46006932406,724.75487779601,277.31881431564216,10,Windows,Basic,1,0
1816,39.0,117088.48722288573,676.9208906383604,152.05516759391017,12,Windows,Premium,1,0
1817,44.0,22837.28820535505,610.5744875541379,51.4259389719537,18,MacOS,Basic,1,0
1818,66.0,,635.3757990433699,106.22843036739721,9,iOS,Basic,1,0
1819,30.0,40854.9247588786,524.1673576270055,44.66018369772679,14,MacOS,Basic,0,0
1820,50.0,22500.926182176467,682.5996016087322,848.3717599383114,13,Android,Basic,0,0
1821,51.0,52946.07499338144,745.2033231674418,165.79942338977227,7,Android,Standard,1,0
1822,58.0,31454.44472151054,627.6425086110021,114.34885231686994,12,MacOS,Standard,1,0
1823,52.0,19137.768877514925,709.2769129169247,66.04346811244287,13,MacOS,Standard,1,0
1824,18.0,30707.402166884585,701.5283692030954,115.52800985577058,8,MacOS,Standard,1,0
1825,38.0,19958.197822907194,642.4061237206246,50.156043135711116,8,MacOS,Standard,1,0
1826,65.0,67642.25208687539,756.8267078159084,3.5147547738321574,11,MacOS,Standard,0,0
1827,23.0,113656.44684129368,666.3669779887541,60.32077795219896,15,Windows,Basic,0,0
1828,45.0,42061.647736141036,780.5134189918276,319.9383104661613,14,Web,Premium,1,0
1829,34.0,38822.91953328904,598.216051549989,118.11658464572983,13,Android,Basic,0,0
1830,22.0,39793.57953823307,666.5432224204378,10.522866766124142,13,Android,Basic,1,0
1831,48.0,73816.7107115904,672.4873987991672,259.5321139758612,11,Web,Standard,1,0
1832,22.0,72869.05936323752,677.969348933966,37.580475498605544,6,MacOS,Premium,1,0
1833,55.0,33880.9388313673,715.8165492144141,33.52908551357427,11,Web,Standard,0,0
1834,20.0,42258.2109716473,849.906365883145,42.30333556439679,12,MacOS,Premium,0,0
1835,40.0,53722.53530372731,702.7533076767379,103.30335766205522,17,Android,Basic,0,0
1836,54.0,18350.04904203411,681.2120121312738,94.41271031385585,14,iOS,Standard,1,0
1837,54.0,75174.318511309,625.1900238216239,81.13445645367298,12,Android,Basic,0,0
1838,27.0,102836.8606879002,585.4946763673123,151.7048672664512,9,Android,Standard,0,0
1839,27.0,73058.75525482815,738.5130415684043,45.67005929585397,8,iOS,Basic,1,0
1840,36.0,17199.638635747335,652.6607922042145,182.82674766200452,15,Web,Basic,0,0
1841,34.0,11136.683149680366,810.2079176622808,23.131425824345854,10,Windows,Basic,0,0
1842,38.0,55560.689350668574,723.4105809192778,183.13343217560208,9,MacOS,Basic,1,0
1843,31.0,23014.651886290627,697.0779736723981,130.80949388613314,6,MacOS,Basic,1,0
1844,26.0,43143.19647018781,699.7064447946055,137.94130188220828,14,Android,Basic,1,0
1845,63.0,91225.45345322366,700.1988382527733,78.83018885613026,13,iOS,Basic,1,0
1846,18.0,24485.267623113323,645.2716527318115,131.95408699890297,10,Android,Basic,1,0
1847,68.0,28954.103176043984,592.4248648089824,9.979323804262965,9,Android,Basic,0,0
1848,62.0,42874.554063077696,652.465743674208,228.90175230626724,10,Web,Basic,1,0
1849,30.0,16672.137902310904,679.0821887903131,6.857952273294546,10,MacOS,Basic,1,0
1850,21.0,23046.893852353525,647.6091349385955,19.32473374186953,9,Windows,Basic,1,0
1851,18.0,36861.18952924682,615.6958225020026,103.18632965255723,12,iOS,Basic,1,0
1852,66.0,30324.980134011,642.5894842518762,161.37750879177986,16,Windows,Standard,1,0
1853,57.0,52315.32626165185,731.786623348647,9.517860023373142,17,iOS,Standard,1,0
1854,49.0,190915.79933726092,717.4097892197074,304.24017752236927,11,MacOS,Basic,1,0
1855,51.0,38541.19713583667,688.5704897951753,436.16172457297426,13,Web,Standard,0,0
1856,45.0,21916.012924282983,709.3548963150148,111.75334958792682,13,Windows,Basic,0,0
1857,48.0,85045.71486630078,623.4033266202833,78.75847096509285,11,iOS,Standard,0,0
1858,25.0,13998.548362210817,640.2287604122597,162.2944044911649,11,Android,Basic,1,0
1859,56.0,15782.46981032785,695.5507537189096,47.76346250370253,16,MacOS,Standard,1,0
1860,43.0,25411.012875419467,629.7745584533588,81.57191732834654,12,Web,Standard,1,0
1861,,30646.323027400875,685.4199124044105,297.44856439637454,10,Android,Premium,1,0
1862,20.0,25048.177718280298,616.8737702973613,373.89178867085604,14,Web,Basic,0,0
1863,67.0,35635.321621944386,597.5193535283194,314.18916978589976,19,iOS,Premium,0,0
1864,,42823.6218475319,716.8039378022438,36.530253068546564,17,Android,Standard,1,0
1865,18.0,,731.352292608888,31.74917542254868,13,Web,Premium,1,0
1866,61.0,38357.79188200462,648.4589503046279,42.40128928058231,9,MacOS,Standard,1,0
1867,22.0,25921.60970574318,603.9768708764557,69.85950149258774,10,Windows,Standard,1,0
1868,47.0,66755.18371264644,569.5813905493549,45.2546067612158,10,Windows,Standard,1,0
1869,47.0,22233.83962158616,772.1000074767215,56.249387396006135,12,Android,Standard,1,0
1870,34.0,13635.587099032808,685.569542675248,116.31139469172926,11,MacOS,Basic,1,0
1871,65.0,74874.87086506888,649.6003351415876,172.52349305185055,8,MacOS,Standard,0,0
1872,64.0,72049.73669079592,661.8044218086261,159.61608997834526,13,Web,Standard,0,0
1873,40.0,22575.509893565617,584.3333874925535,202.1146133387466,11,Android,Basic,1,0
1874,32.0,28582.236078740156,710.9949236883116,3.9256450850760487,8,MacOS,Standard,1,0
1875,54.0,20948.943045777585,780.0053845942667,5.869278070838782,9,Web,Basic,1,0
1876,38.0,44177.66088842484,640.8621495560311,186.92565289729248,9,MacOS,Basic,1,0
1877,31.0,102665.31163302228,799.1728518323432,91.39137839759837,14,Android,Standard,1,0
1878,19.0,55366.44919921794,674.1797550269449,103.57000448002088,6,MacOS,Standard,0,0
1879,28.0,67604.83516278033,763.3376564271834,6.482402313271315,10,MacOS,Basic,1,0
1880,68.0,,695.3610522147845,35.37508307545642,14,MacOS,Standard,1,0
1881,56.0,36312.90660315336,695.3065594502498,122.05083470584745,17,Windows,Standard,1,0
1882,55.0,69564.12463229963,772.1962871257643,235.23434665874112,14,iOS,Basic,1,0
1883,51.0,56784.48055715533,719.1351969300925,298.645758867679,9,Android,Standard,1,0
1884,55.0,86134.68278358909,698.742403916641,83.27838292567216,10,Windows,Standard,0,0
1885,67.0,27564.131834126954,582.9331580964073,94.62008079915573,11,iOS,Basic,1,0
1886,51.0,12799.136878574805,604.6395717071882,214.80704433186844,12,MacOS,Standard,1,0
1887,35.0,67992.3589134035,702.927748700946,92.56537984170663,14,MacOS,Basic,0,0
1888,47.0,44795.44380113341,753.3891652685621,87.29349125141317,10,Windows,Standard,1,0
1889,32.0,30405.30381597181,686.4225533623146,282.5716064265838,9,Web,Standard,1,0
1890,,31442.265838959127,650.4347680560527,187.2392908379635,19,Android,Basic,1,0
1891,68.0,168183.64654425596,588.0414805414197,287.72316998571625,4,iOS,Basic,0,0
1892,51.0,24703.079932833265,640.8207471258108,29.545981821880833,6,MacOS,Standard,1,0
1893,69.0,21764.119882936226,686.5490564598518,89.17518882695987,8,Android,Standard,0,0
1894,55.0,38222.152698994694,637.177167387712,221.77834500722906,11,MacOS,Premium,1,0
1895,,,631.7776864801267,14.138921089199187,10,MacOS,Basic,1,0
1896,41.0,142492.00785893272,677.4441368261681,189.97183542205167,14,MacOS,Basic,1,0
1897,32.0,53874.846490285716,752.4205835061196,24.25003274558733,15,Android,Basic,1,0
1898,47.0,16945.451921910062,714.2359693944209,198.1054336635066,11,Windows,Basic,1,0
1899,59.0,118482.26458781866,694.2935892685058,113.61028268945566,17,Android,Basic,1,0
1900,68.0,35893.761340313926,689.424319038021,25.766890088014264,12,Android,Premium,1,0
1901,34.0,21968.707663402354,707.5588351178569,76.94724281090771,7,Web,Basic,1,0
1902,22.0,19003.23535967503,674.4934212108654,137.44868663801907,11,Web,Standard,1,0
1903,46.0,59981.84617072219,659.4459191160759,120.56641394049207,17,Windows,Basic,1,0
1904,21.0,41910.74980983066,716.9096979629136,66.87612748635817,7,Web,Standard,1,0
1905,,44669.45555737742,668.7302358918838,275.5524434579984,8,Windows,Premium,1,0
1906,34.0,78582.30858313806,620.5701298766182,87.89229577840766,7,MacOS,Standard,0,0
1907,27.0,22442.3986378556,752.1650005064894,84.59414056892365,8,MacOS,Basic,0,0
1908,34.0,82429.01493910547,586.5036352475959,7.712702294815434,17,Android,Basic,1,0
1909,37.0,26595.72071158952,755.9161412283657,306.31093243157164,5,MacOS,Premium,0,0
1910,41.0,133039.90826637123,705.3227623253881,23.392887248536034,15,Web,Premium,1,0
1911,22.0,52012.710978975425,631.5424633630337,90.1808211464945,6,iOS,Basic,0,0
1912,51.0,20907.367381607695,681.2127276943496,195.2924321215615,15,Android,Standard,1,0
1913,23.0,10772.470704416968,658.5568299651367,29.11789810151388,12,Windows,Standard,1,0
1914,19.0,59003.66463209828,720.3862864177524,89.93392783505253,13,MacOS,Standard,1,0
1915,30.0,29012.78385455908,719.3965626248026,33.04061380437891,11,Android,Premium,1,0
1916,60.0,33079.220450843284,703.0681760540047,171.1015583971927,9,Android,Basic,1,0
1917,60.0,57510.20018096454,717.3191540491782,99.707500447694,12,Android,Standard,1,0
1918,65.0,66585.91154251448,674.2583787456889,232.53292287728016,9,MacOS,Basic,1,0
1919,28.0,75676.7458811086,768.0837547596989,269.9513121075685,10,Windows,Standard,0,0
1920,68.0,17945.509849609927,741.1803441728813,125.54520412480115,8,Android,Basic,1,0
1921,64.0,85437.19723638942,656.1497140839322,155.0889489165995,14,Android,Standard,1,0
1922,40.0,25657.02772108004,720.5430858016613,95.61313019517144,14,Android,Basic,1,0
1923,,9379.202707160997,716.1791142955028,58.224546360600314,8,MacOS,Basic,0,0
1924,48.0,17906.799712170567,667.0119172356162,125.33510017126407,18,Web,Standard,1,0
1925,28.0,41390.8472841887,663.0871677876462,286.6930614140896,14,Windows,Basic,1,0
1926,33.0,20185.331421533218,740.7254005888902,64.6824012384086,10,Android,Basic,1,0
1927,25.0,34446.86664121509,679.265312348722,45.297064324559095,11,Android,Standard,1,0
1928,21.0,44486.964493797386,693.0085945168227,59.00846440057437,14,Android,Basic,0,0
1929,57.0,32570.71198355725,750.055203273204,68.59602790611275,14,MacOS,Standard,1,0
1930,21.0,26994.472377989878,806.6669500348921,9.16885270590324,11,Web,Standard,0,0
1931,42.0,17147.066050854988,653.6687526509718,82.80428485055117,14,Android,Basic,1,0
1932,20.0,36796.80445516742,668.9549874539447,81.82078154391704,20,Android,Standard,1,0
1933,49.0,10519.91669410631,683.7002005971433,106.53717142077335,16,MacOS,Standard,0,0
1934,20.0,24062.290270677106,684.8368216369007,54.08437638966382,12,Windows,Basic,1,0
1935,44.0,20812.92640755356,698.8177444305945,113.95303804004524,8,Windows,Basic,1,0
1936,46.0,31456.90802664945,655.49107459315,252.66106115644294,9,Web,Premium,0,0
1937,49.0,31952.385495499944,616.6904490193587,373.39372838624547,13,Windows,Basic,1,0
1938,67.0,64600.278742466595,767.6912622424874,105.1365936223446,13,Android,Basic,0,0
1939,68.0,93909.45631442769,710.6041250401892,5.222946423718354,10,MacOS,Standard,1,0
1940,36.0,18570.557879240238,659.0732133330256,417.76920179439276,17,Android,Standard,1,0
1941,38.0,120054.31869786866,701.8556503960366,146.84477292591495,13,Android,Standard,0,0
1942,22.0,22752.32553075911,771.6475262976877,49.1302061820097,13,Web,Premium,1,0
1943,,40276.20269827424,640.5989190612172,19.101675194082503,14,Windows,Basic,1,0
1944,45.0,49341.35210256048,690.557010653848,18.576713048840123,12,Windows,Standard,1,0
1945,59.0,157432.11863490858,610.5067629549235,22.033881741519956,15,Windows,Premium,1,0
1946,39.0,26229.25309778355,674.082918806309,5.597234081386893,12,Android,Standard,1,0
1947,38.0,12356.743089630354,710.8297693057278,278.92348715199154,6,MacOS,Standard,1,0
1948,23.0,88807.615204944,624.2638372022495,93.38403083839022,9,MacOS,Basic,1,0
1949,18.0,22025.93418636296,670.6399315445761,144.4605027027667,9,Android,Basic,1,0
1950,22.0,29232.806026125625,719.9963649764959,211.30702429062356,9,iOS,Standard,1,0
1951,58.0,18570.883085732024,709.4600066116295,188.16155161762512,11,Android,Premium,1,0
1952,29.0,,622.1184159535569,257.0659530030545,8,Windows,Basic,1,0
1953,43.0,21933.382675304998,698.688743745112,410.27921671955266,12,Android,Basic,1,0
1954,63.0,54495.04667899024,707.9359418593689,69.37923052348722,16,iOS,Premium,1,0
1955,51.0,38119.261244038214,685.3992758343015,360.29570588185675,9,Android,Basic,0,0
1956,66.0,24133.758419812297,734.4669654658346,154.17420791217296,15,Windows,Standard,1,0
1957,31.0,66007.46931175272,650.5276340680153,8.794732232465195,13,Web,Basic,1,0
1958,43.0,42319.27988361434,700.6242231395756,137.40265438776495,18,MacOS,Basic,1,0
1959,62.0,11996.509959175622,621.7399856473382,139.2776708455594,20,iOS,Basic,1,0
1960,44.0,63058.742303009596,599.968707840831,283.5573878280381,13,Web,Basic,1,0
1961,26.0,40575.54119006975,719.0539490607637,56.00406030389153,6,MacOS,Standard,0,0
1962,43.0,83653.57913717553,681.0281235214914,105.511623495531,17,Web,Basic,0,0
1963,64.0,39118.487323661815,656.8291214441952,1.4714913855984204,12,Android,Basic,1,0
1964,39.0,22583.490052852034,626.742199295232,48.42956997427665,12,Android,Basic,0,0
1965,64.0,32126.0594299805,721.355119088167,7.711823967516429,5,MacOS,Basic,1,0
1966,47.0,58826.728594073174,604.5992813683586,88.5454601329779,14,MacOS,Premium,0,0
1967,60.0,22869.46203903713,729.6438734094344,204.08619606659408,10,Android,Basic,1,0
1968,65.0,27884.379256465087,702.5498685216307,27.747542398085486,13,Android,Basic,0,0
1969,34.0,31792.53688268052,607.1104305992575,89.95113222304113,11,MacOS,Basic,1,0
1970,43.0,18221.856039419254,686.2980707439319,27.380033170141537,8,MacOS,Basic,1,0
1971,53.0,23068.09897317917,812.6862437683176,15.43392330365932,19,MacOS,Standard,1,0
1972,18.0,40276.768394751,739.4709142231738,85.8463474880781,10,Windows,Standard,1,0
1973,25.0,74718.77278556621,638.598641040617,9.894794982911217,16,Windows,Standard,0,0
1974,66.0,43927.164579423006,715.8352841119355,106.22000711118548,9,Android,Standard,1,0
1975,52.0,35329.84115757432,609.204343523156,3.8206781254947715,9,Windows,Basic,1,0
1976,69.0,22053.74120466495,611.4342911946939,13.54194823131943,11,iOS,Basic,1,0
1977,,70059.22586094019,676.6347165016142,95.82025301130143,9,Android,Standard,0,0
1978,64.0,47103.53357282794,707.5826134289537,107.40440867440587,13,iOS,Standard,1,0
1979,39.0,23764.832524840964,720.5665159460709,3.52984206333652,12,Web,Standard,0,0
1980,31.0,62267.137348540775,721.2591862276685,102.22248753623785,16,iOS,Basic,1,0
1981,43.0,50804.80607698898,704.73750562676,218.79189277446562,6,Web,Basic,0,0
1982,45.0,22289.740635076643,599.300443645195,153.75265691229123,15,iOS,Standard,1,0
1983,40.0,34172.38177069041,676.9534182426357,16.875022124431027,13,Web,Basic,1,0
1984,31.0,27020.10136680226,728.4340945815611,107.71825604023792,18,Web,Standard,1,0
1985,41.0,176331.80661889946,702.1645463303713,133.8614141230703,9,Android,Basic,1,0
1986,19.0,49963.445641982675,689.1053016028663,4.553037708281854,10,MacOS,Premium,0,0
1987,62.0,40621.68161241022,696.4612933455156,232.0106556891495,13,MacOS,Premium,1,0
1988,43.0,48223.31195547633,695.625993988861,284.0771042932301,9,Android,Standard,0,0
1989,31.0,83074.87203931906,581.7551358511578,228.0167634449004,12,Web,Standard,1,0
1990,68.0,34543.40448668924,737.7445571317696,208.90387465762848,12,MacOS,Standard,1,0
1991,24.0,25490.32943260448,674.4733546256606,163.96263198142202,18,MacOS,Standard,1,0
1992,20.0,60268.80608611018,715.379322874278,120.42855855860815,15,iOS,Premium,1,0
1993,64.0,32696.82509904185,564.7177247397892,136.21834226358837,14,Windows,Basic,0,0
1994,40.0,19111.83016284679,763.0495952070312,197.03241517787166,11,Android,Basic,1,0
1995,63.0,17003.732214065127,622.1794178113561,130.34222410339538,11,Windows,Premium,0,0
1996,60.0,90905.69509413574,807.0670516015263,47.65088478253817,9,Web,Standard,0,0
1997,64.0,39300.27283310981,785.9620193614476,56.585109153078356,12,iOS,Standard,0,0
1998,62.0,25495.559267393717,613.7541990288769,272.83012701887947,9,MacOS,Premium,1,0
1999,35.0,31552.214427249794,720.8518343129596,2.0724436436117557,17,iOS,Premium,1,0
2000,55.0,58951.29248345691,629.1394071049921,144.00589394584384,6,Android,Basic,1,0
2001,52.0,30453.514661334993,648.0296982062739,371.53940251943806,12,Web,Standard,1,0
2002,68.0,15219.734125327494,649.1583699511416,146.99422814979704,11,iOS,Standard,1,0
2003,32.0,44156.90141643083,702.3965336689695,612.1720470487086,13,iOS,Standard,0,0
2004,42.0,74982.39941745333,696.2318395214701,139.595342138621,22,iOS,Basic,1,0
2005,54.0,72032.92540658703,619.9204589163276,4.196078645441464,18,MacOS,Basic,1,0
2006,45.0,25962.333033967323,701.9975701701555,210.54249665545308,9,Web,Basic,1,0
2007,27.0,77769.42156335931,669.7945436753279,40.19463174245617,13,MacOS,Basic,1,0
2008,56.0,41265.00091510046,588.9723559169379,70.88326715920458,14,iOS,Basic,1,0
2009,34.0,76472.64745932487,658.2983868115494,44.89200584112589,11,MacOS,Basic,1,0
2010,56.0,51236.74441583951,763.0213426746674,37.52784328414546,11,MacOS,Standard,1,0
2011,39.0,14574.692225914467,659.9859364398533,67.75057330697994,10,Android,Basic,1,0
2012,43.0,103574.18130080102,588.2231594487047,57.12288396816705,8,Windows,Basic,0,0
2013,61.0,37461.54843066136,720.7233366374253,120.39797076988629,14,Windows,Basic,0,0
2014,42.0,51332.342692751416,633.6244907645071,201.29466607442322,9,Android,Standard,1,0
2015,34.0,16213.073840117459,690.7214465206224,42.30294024907209,16,Android,Basic,1,0
2016,30.0,49177.71732770229,671.4006752295911,28.853253847919056,18,MacOS,Basic,1,0
2017,37.0,70386.49136017445,768.0835116068439,131.91580038674186,11,MacOS,Basic,1,0
2018,42.0,115982.22225939813,671.4358337767907,133.15595899589306,10,Web,Standard,1,0
2019,21.0,84140.21201057284,622.7705362330112,277.67543491838865,18,Windows,Basic,1,0
2020,,50641.91248354279,656.5576197969087,1.9289024111250348,11,MacOS,Basic,0,0
2021,20.0,14376.836125682492,618.5611925475183,230.11192122063915,12,Web,Standard,1,0
2022,58.0,39315.08924015183,669.5367644167795,88.32710616097727,11,Windows,Basic,1,0
2023,62.0,25450.591436713556,768.4895366418556,116.52197529405827,6,Web,Premium,1,0
2024,35.0,,742.423401971138,11.49826725538852,18,Web,Premium,1,0
2025,64.0,17504.34649688143,782.0595251597043,68.006049002661,10,Android,Basic,1,0
2026,53.0,32013.080225964968,703.9625047948363,30.94410232887118,14,iOS,Standard,1,0
2027,64.0,26627.243162999064,687.155010382155,35.1997647825271,5,iOS,Basic,1,0
2028,39.0,,630.0853470839465,84.16453609270866,13,iOS,Basic,0,0
2029,51.0,26293.006977165227,693.483389449364,200.84898359763358,6,Web,Premium,1,0
2030,64.0,33472.75723700091,673.4819359510326,163.40669505828353,10,MacOS,Basic,1,0
2031,25.0,43118.90691521172,718.9313682321078,107.28480274859972,10,iOS,Basic,0,0
2032,57.0,8110.411188783392,623.8872510603549,93.031774838474,17,MacOS,Premium,1,0
2033,66.0,8726.680065614055,682.6341227155041,66.88845741837036,13,Windows,Basic,1,0
2034,61.0,29637.18779053433,601.3251437992785,432.14807705521196,11,iOS,Basic,0,0
2035,36.0,32252.10441188167,696.8806296277593,98.57019253373474,13,Web,Basic,1,0
2036,,40678.97812309359,713.7875940754602,35.15815647790129,7,Android,Standard,1,0
2037,58.0,23468.082538051938,598.9244954205584,31.377921939222524,18,Web,Basic,1,0
2038,54.0,36522.32938214097,613.0123873156997,113.41006578581258,12,MacOS,Standard,1,0
2039,23.0,39179.69563183424,615.2009989676116,88.7852730579414,15,Windows,Premium,1,0
2040,69.0,23371.32545189411,671.118752067834,0.9273100764699338,6,Web,Standard,1,0
2041,43.0,66707.55494593387,610.1257693584778,212.680974985842,14,Android,Basic,0,0
2042,51.0,40384.11472998235,748.9245111076365,146.13711228093294,21,Android,Premium,1,0
2043,62.0,50421.68690676714,701.8076490754019,130.10453410501205,13,Windows,Standard,0,0
2044,23.0,37847.01677696406,709.9519789867169,8.551251701747606,8,iOS,Standard,1,0
2045,54.0,128309.91941466901,600.5476057193332,53.94054467093576,12,Web,Basic,1,0
2046,50.0,51939.67570083753,744.6589042764111,328.7119565076071,8,Web,Basic,0,0
2047,39.0,27097.696690241493,712.4804720049281,238.17367206270112,11,Android,Basic,1,0
2048,,59431.52750496168,645.8827180060367,40.34788540882096,14,MacOS,Standard,1,0
2049,23.0,13594.723921789137,602.9116037647601,20.502980888563446,7,Web,Basic,1,0
2050,23.0,39017.28989849001,676.1936388465546,71.54161373479714,10,Android,Basic,0,0
2051,65.0,,656.6784293819363,52.77518404752903,8,MacOS,Basic,1,0
2052,,39285.5661652509,658.753658222152,137.56992313682872,13,iOS,Basic,1,0
2053,47.0,29724.67171706047,644.7284001960883,407.31189161533626,16,iOS,Basic,1,0
2054,28.0,19784.1419842738,716.0717953672042,54.11854796163861,11,Android,Basic,1,0
2055,47.0,,549.9712490235335,7.709321828754559,12,Android,Standard,1,0
2056,48.0,38609.16450756445,751.4963895166045,273.48064511440066,16,iOS,Standard,1,0
2057,41.0,18618.080557779795,729.905824435806,4.642628905654823,9,Android,Standard,1,0
2058,26.0,105040.42650650932,690.5342594147739,366.3166955211834,14,Windows,Basic,0,0
2059,20.0,7446.216964419394,672.7957214773753,131.0844114938871,15,Web,Basic,1,0
2060,68.0,29909.674815738614,734.1525327776791,341.03617186123523,11,Windows,Basic,1,0
2061,48.0,38802.26047055067,677.8870421953152,26.726190009459103,12,MacOS,Basic,1,0
2062,57.0,49239.55568001863,666.0785257738263,4.986145647041525,10,Android,Premium,1,0
2063,54.0,20961.55162577956,736.9359033928049,80.38090222602905,9,Android,Basic,1,0
2064,53.0,71723.72585136154,784.6697862524964,71.87653496012152,12,MacOS,Standard,1,0
2065,41.0,15735.921534887408,631.449658829468,48.324878900960904,14,Web,Basic,0,0
2066,48.0,25856.6434478727,701.2399656738393,379.43276972382904,8,iOS,Standard,1,0
2067,23.0,52704.100147724064,625.6804061061226,207.5107814224126,12,Windows,Basic,0,0
2068,19.0,67786.14749874176,705.081984113043,130.0168229206336,9,Web,Standard,1,0
2069,37.0,15640.19093541218,641.090926081225,21.331430127714043,10,iOS,Basic,1,0
2070,45.0,177552.58086387176,740.577412845588,159.05706363360576,21,iOS,Basic,1,0
2071,28.0,21194.671020395846,674.9940299019377,155.79949277383022,23,Android,Premium,1,0
2072,21.0,,682.3239334602395,66.4204569629232,9,MacOS,Basic,1,0
2073,32.0,49100.717910162275,761.5557548727792,310.4900033704532,12,Android,Standard,1,0
2074,23.0,29466.93092178003,643.3498540443817,21.923410226619023,9,MacOS,Basic,0,0
2075,66.0,26966.984823910923,714.2421097052795,37.328424585091845,7,Android,Basic,1,0
2076,47.0,51916.21429589008,648.3273279058151,7.837373796340412,8,Windows,Basic,1,0
2077,55.0,14524.941958552994,739.8148771921569,190.43370227248394,17,Android,Standard,1,0
2078,68.0,13078.427028440778,769.3377724415161,116.66696893800439,13,Windows,Standard,1,0
2079,19.0,25375.666472215384,666.8546401062517,45.38991594311271,6,Web,Basic,1,0
2080,32.0,69337.49163155393,570.2954800119376,21.468456035567606,11,Web,Standard,1,0
2081,28.0,26044.628438769156,645.5931468924205,4.917112017782434,10,Android,Basic,1,0
2082,25.0,94797.09181514865,801.6318162010878,21.889949235328235,15,Web,Premium,0,0
2083,43.0,74653.21403056478,650.3942903405151,72.4592387064354,16,iOS,Basic,1,0
2084,68.0,43034.94378001285,768.551057519903,34.07101168917919,9,Windows,Basic,1,0
2085,62.0,44526.25595518141,649.6857004935378,35.967672231200176,9,MacOS,Basic,1,0
2086,61.0,43010.58705748901,648.4500322053016,250.0875765798417,8,Windows,Premium,1,0
2087,22.0,39967.849092466065,718.9593788500401,86.86683493772631,13,Android,Basic,1,0
2088,23.0,29151.305649998973,712.9670497534556,156.7880016920599,12,Web,Basic,1,0
2089,,31253.520351744704,722.6087090660952,4.363702069170083,8,Web,Standard,0,0
2090,21.0,19111.086793863677,680.2455279281777,54.52650794651393,4,iOS,Premium,1,0
2091,36.0,9642.872558139383,731.7180049007279,78.27963996626212,5,Web,Basic,1,0
2092,37.0,70434.77375432654,728.0750047151985,24.756858154687276,9,Android,Basic,1,0
2093,50.0,39908.91701806735,737.4514031499147,15.36612671219843,11,Android,Standard,1,0
2094,37.0,36451.09628436278,648.822047235043,245.10723848359336,10,MacOS,Basic,1,0
2095,66.0,46123.113174246944,731.6814601389456,336.47789057763686,10,Windows,Basic,1,0
2096,29.0,22091.794459257726,653.9331928766424,9.85024584747191,11,Windows,Standard,1,0
2097,64.0,19917.67230135768,672.1449385005245,51.51292577898256,9,Windows,Standard,1,0
2098,18.0,30631.65357352022,671.118648118835,381.2291472889873,10,MacOS,Standard,1,0
2099,43.0,82525.20898136683,630.0948044526115,10.418903314833015,13,MacOS,Premium,1,0
2100,31.0,18011.313782577723,593.2241194820137,123.81812107706877,9,MacOS,Basic,0,0
2101,55.0,7508.2732076416605,741.186202125236,430.0185952485437,14,iOS,Standard,0,0
2102,54.0,26559.940009483867,644.8875228818429,459.23179364930985,11,MacOS,Basic,1,0
2103,28.0,72086.34746110335,666.5130137712454,76.46269342637974,12,Web,Standard,1,0
2104,53.0,12841.964774871147,643.4641609950676,21.31578019869777,11,iOS,Basic,1,0
2105,30.0,17887.006559397203,667.167273164885,27.09028139771743,14,Web,Premium,1,0
2106,60.0,42536.93534130938,654.7048529803818,264.4389338658381,16,Windows,Basic,1,0
2107,20.0,169726.6059651262,743.9541934721211,291.2187256135807,11,Android,Basic,1,0
2108,50.0,16075.843152300155,650.4747925701618,112.34237464574606,13,Windows,Basic,1,0
2109,23.0,15706.651202861993,765.7277073880504,174.38259501553546,11,MacOS,Premium,1,0
2110,67.0,44498.86762954616,736.963569959855,161.6171118596673,13,Android,Premium,1,0
2111,27.0,74817.31820702278,656.2776504252761,130.10180473740354,14,Windows,Premium,0,0
2112,22.0,24972.7565737343,695.9905817398089,210.727903499987,8,iOS,Standard,1,0
2113,40.0,13727.597564073258,705.9673164798567,138.77692090048993,9,MacOS,Basic,1,0
2114,27.0,47110.42214695639,722.0803601879196,91.62895113896873,12,Windows,Basic,1,0
2115,61.0,52517.66343534182,727.0233503860715,32.452806893204524,15,Android,Basic,1,0
2116,19.0,105576.70991930098,689.3316328256369,163.45691914741445,19,Web,Standard,1,0
2117,30.0,53861.34118611912,632.2788450179045,76.96631334802426,10,Windows,Basic,1,0
2118,57.0,59685.21691324883,712.0444162256811,41.911444336713686,15,iOS,Standard,1,0
2119,19.0,31030.097938183437,668.1746812271239,194.30603405456267,15,Android,Basic,1,0
2120,37.0,157141.60261175557,540.5397503993065,143.16932478591315,14,Windows,Standard,1,0
2121,18.0,28598.650021456535,699.5139238529773,332.403002559158,5,Web,Premium,1,0
2122,54.0,25155.87450934397,643.294497438063,21.702312510704537,4,MacOS,Standard,1,0
2123,26.0,107549.76515572055,657.0805961573157,125.70101681335294,13,MacOS,Premium,1,0
2124,34.0,14994.783196054597,680.3010567908347,33.60368516532061,11,MacOS,Basic,1,0
2125,26.0,11986.723835601093,602.317647831503,280.6887110303755,16,Android,Basic,1,0
2126,28.0,39016.2753512884,686.9520738556693,12.576535668206938,10,Web,Premium,0,0
2127,32.0,36277.6847497822,664.1646277862865,128.11009198063007,10,Web,Basic,1,0
2128,41.0,31674.49972520805,636.1390007056553,187.89975144048125,7,Windows,Basic,1,0
2129,55.0,65930.59351545249,682.3120912509099,52.60531092226709,19,MacOS,Basic,1,0
2130,52.0,,595.4901891183599,369.8544146931127,23,Android,Standard,0,0
2131,47.0,37740.922997795,683.7813389195202,228.2403742288868,9,MacOS,Standard,1,0
2132,,29258.82242114203,703.5299456751679,41.88194445570367,14,MacOS,Basic,1,0
2133,66.0,,695.2624329808785,0.9083604621876383,10,Windows,Premium,0,0
2134,22.0,34992.74207296121,719.4442103774321,42.22930171202038,11,Windows,Premium,1,0
2135,61.0,60570.15033505182,738.2676191276058,39.63909878865612,9,Windows,Basic,0,0
2136,67.0,129617.21323580954,675.9326136482125,264.83438579380953,11,iOS,Standard,1,0
2137,31.0,51413.25973844446,734.7724742254475,409.79118533215814,13,iOS,Premium,0,0
2138,28.0,,675.7457417174489,8.7652689572748,14,Android,Basic,1,0
2139,26.0,35493.89357638745,645.0269563225361,76.4789201174354,13,Android,Basic,1,0
2140,51.0,37417.046732328934,660.3624690801461,95.37694548674727,14,Windows,Basic,1,0
2141,29.0,63686.34190320231,693.3488794935829,11.701852447241574,17,Web,Standard,1,0
2142,52.0,40574.13937730821,734.2588924086159,56.88095646596167,17,Android,Basic,1,0
2143,,,680.0731427406895,45.76573156496767,7,iOS,Standard,1,0
2144,18.0,45935.906612588995,646.3171564198404,92.15906249076797,11,iOS,Standard,0,0
2145,57.0,92529.13452058955,752.213002341019,129.8782147523552,11,MacOS,Basic,1,0
2146,,27910.33831145914,608.2591744326672,145.8789413106832,10,Windows,Basic,1,0
2147,46.0,39600.85866147283,646.6397307761838,17.646811457747262,11,Web,Basic,0,0
2148,25.0,59634.2242861545,724.6392189113494,201.16404389786686,14,Windows,Basic,1,0
2149,28.0,25762.714670151596,768.3228623268781,136.18661689779165,18,iOS,Basic,1,0
2150,58.0,,704.0340632110198,263.86802774169274,5,Web,Basic,1,0
2151,54.0,24894.165561260706,692.4943779081915,71.59566769562237,7,Android,Standard,1,0
2152,31.0,23166.687212309163,665.4567414904662,269.1932101139735,12,MacOS,Basic,1,0
2153,47.0,49688.91517622558,707.403557902463,240.98774929108208,17,iOS,Standard,0,0
2154,52.0,12077.689446623053,686.4683835505406,69.23784526289387,10,MacOS,Basic,1,0
2155,38.0,14277.183523734393,642.2734322992728,57.58578722799487,8,Windows,Standard,1,0
2156,54.0,111040.23536882001,664.5503115814756,324.0313009966646,12,Web,Standard,1,0
2157,22.0,23504.377688853645,636.6277001659702,150.70131381041205,14,Windows,Basic,1,0
2158,36.0,40945.97978457684,680.6807807190413,316.14030821276185,17,MacOS,Basic,0,0
2159,31.0,14861.245780709942,688.09197365213,191.33100789182254,10,iOS,Standard,1,0
2160,43.0,38425.422380172065,761.7191599323883,112.77704673444109,9,MacOS,Standard,0,0
2161,21.0,23590.42054242933,650.1301437154689,14.775802603212359,16,iOS,Basic,0,0
2162,42.0,14216.325994661589,670.9611622598256,41.34935290457559,10,MacOS,Standard,1,0
2163,62.0,,742.9590660756602,416.2436772709142,15,Windows,Basic,1,0
2164,59.0,73831.4030921861,770.2544675228945,46.17755842824925,10,MacOS,Basic,1,0
2165,42.0,34050.06176654941,703.7355488699333,11.747264571207877,11,Android,Basic,1,0
2166,35.0,66148.09821904832,667.3218414275899,147.5367650818749,9,Windows,Standard,1,0
2167,57.0,113774.71781007154,656.3491166364523,158.91299578241765,3,MacOS,Standard,1,0
2168,25.0,57093.500348671274,587.8466592569857,40.33357314204993,15,MacOS,Standard,1,0
2169,56.0,48426.76054373801,633.6115850452148,42.40256618430956,15,Web,Premium,0,0
2170,57.0,40919.819863371886,685.0781211751804,75.9350092996392,17,Windows,Basic,1,0
2171,31.0,53621.126413905615,670.950706699284,2.6435801327050292,15,Web,Premium,1,0
2172,49.0,29191.95287801779,711.1703986997513,186.8915007904498,10,Windows,Standard,1,0
2173,68.0,30761.478203735238,670.2398606585416,45.7668508644635,12,iOS,Basic,1,0
2174,55.0,47597.467029017425,643.6971351681395,230.703285986589,8,Windows,Premium,1,0
2175,50.0,,697.0672129672662,194.72127303697812,11,Windows,Standard,1,0
2176,40.0,29159.03803333766,805.2632622736733,129.95301765439294,9,MacOS,Basic,1,0
2177,32.0,36319.57019405134,664.1325416301736,47.14286678587355,9,Android,Basic,1,0
2178,50.0,72429.17960209367,686.9443760672689,87.15895671245256,12,Windows,Standard,1,0
2179,42.0,18405.443603596173,722.3462790606341,70.61754822969158,12,Web,Basic,1,0
2180,34.0,57268.56232543859,651.4190804215367,49.65873187270585,14,Android,Basic,0,0
2181,50.0,58400.390047063105,743.6378768317692,226.17261606126968,16,Windows,Premium,1,0
2182,64.0,58191.07116715263,601.0479944441036,79.28324251987812,16,Android,Basic,1,0
2183,19.0,22380.653281922398,659.613649136569,214.57256912010428,10,iOS,Basic,1,0
2184,31.0,13152.814310211706,664.4389551245723,13.341083483063755,14,Android,Premium,1,0
2185,57.0,50808.56813640552,687.5578872626804,18.241825790806743,10,iOS,Basic,1,0
2186,57.0,,581.4259350005042,454.35423037994354,13,Android,Basic,1,0
2187,68.0,66345.15271889155,747.6369947330547,106.34041242247915,10,Android,Standard,1,0
2188,56.0,23853.301232486654,700.7108792475417,85.54559330816456,11,Web,Basic,1,0
2189,68.0,57300.866557373956,736.1415722749564,88.86792216365063,21,Web,Premium,1,0
2190,23.0,68367.11870441018,760.6517868731935,29.08968085567801,18,MacOS,Basic,1,0
2191,23.0,34297.03435183649,642.9718110831471,152.20171245150485,11,Android,Standard,1,0
2192,20.0,46637.38268022732,555.2822999638602,10.630978434811448,13,iOS,Basic,1,0
2193,24.0,45669.22217050219,737.3183037648415,102.20755962911804,12,Android,Basic,1,0
2194,68.0,22183.815769002846,665.6808664913307,101.49114834367275,11,Windows,Basic,1,0
2195,25.0,49944.015214402294,623.341575206397,294.6721637675802,11,iOS,Basic,1,0
2196,,96134.06479694042,708.8149826520255,89.63204484067523,6,Windows,Standard,1,0
2197,69.0,36802.54799392914,803.177846606613,17.689588728844257,16,MacOS,Standard,1,0
2198,32.0,15115.032188869463,674.5546752430834,102.04723025386987,9,Windows,Standard,1,0
2199,64.0,24044.560647518232,727.5558153651159,11.492483355223923,15,MacOS,Basic,0,0
2200,46.0,12485.738234594684,630.6248603265266,27.34765509518354,8,MacOS,Basic,1,0
2201,50.0,78759.69635515501,595.6621117275223,3.7923277626342555,11,MacOS,Basic,0,0
2202,69.0,57438.10302217857,725.6970234661496,86.41130116868892,13,Windows,Basic,1,0
2203,47.0,26881.092488897084,707.3036585904134,10.598464939703165,7,MacOS,Basic,1,0
2204,56.0,15508.81803799017,656.7148582670462,76.04834913405463,8,MacOS,Basic,0,0
2205,44.0,22026.972961220974,765.3109654012698,324.2691153135553,11,Web,Basic,0,0
2206,53.0,24761.215591910288,591.7755515171548,152.65367307376403,14,Android,Standard,1,0
2207,46.0,38779.40397984518,618.498496203899,9.66865938642918,5,MacOS,Standard,1,0
2208,55.0,38004.33860165749,652.8566202623731,30.464780629804466,20,iOS,Basic,1,0
2209,50.0,81215.32056198166,662.1801496339698,134.3787493918802,12,iOS,Basic,1,0
2210,54.0,23964.937062898727,753.2677353764309,270.1151440250869,11,Web,Standard,1,0
2211,44.0,14692.424317670464,682.4598968905382,4.016711461837341,12,Windows,Premium,1,0
2212,50.0,18138.878823842937,670.3523005200117,200.8459004047783,9,Windows,Basic,1,0
2213,21.0,35817.25671277032,616.4996616104556,99.0133833754479,10,Windows,Standard,1,0
2214,39.0,23453.92552924751,734.3316770920765,94.7831109859311,5,MacOS,Standard,1,0
2215,19.0,30479.05095571134,623.167955826638,379.8776993116375,19,Windows,Standard,1,0
2216,27.0,27655.4986069864,616.2694354319913,165.23003009889752,15,Windows,Premium,1,0
2217,22.0,65784.73320441933,659.9870929526414,227.74953033008575,14,Android,Premium,1,0
2218,27.0,25535.389377574913,688.1597012327584,52.43387003196762,14,MacOS,Basic,1,0
2219,50.0,28957.796440163373,643.9928699919847,96.99034743654629,6,MacOS,Standard,1,0
2220,55.0,55846.947556871404,715.3508751478803,114.66794494069148,6,iOS,Standard,1,0
2221,30.0,25874.439108867828,665.8511861509626,46.55934263638534,9,iOS,Basic,0,0
2222,48.0,46813.52447537013,732.6384469805793,101.34567259254645,7,Android,Standard,1,0
2223,64.0,44306.69871868069,705.2555306041537,32.40548214041822,7,Web,Premium,0,0
2224,53.0,39539.66069495749,769.5739670182069,18.570697495523778,15,MacOS,Standard,1,0
2225,62.0,18386.319660899735,657.8885537061255,56.202887984270504,14,iOS,Premium,1,0
2226,41.0,75952.58437101661,722.1985512202797,161.32142118041648,12,Windows,Standard,1,0
2227,69.0,137641.84687120322,590.6594389093159,297.5002702775735,11,MacOS,Basic,1,0
2228,32.0,36508.37199372368,824.5829346537947,73.43542036829564,15,MacOS,Standard,1,0
2229,46.0,,719.6973266735628,123.5430898487271,18,MacOS,Standard,1,0
2230,25.0,36955.1991797098,665.184638888864,13.04889748814312,9,iOS,Basic,1,0
2231,22.0,65769.80256245281,667.0437394683574,281.78995342626297,13,Android,Standard,1,0
2232,46.0,25106.634039762488,667.6488463181365,100.88751747293315,13,iOS,Standard,1,0
2233,64.0,33612.74163951653,772.0018311550837,181.87996859813256,12,Windows,Standard,1,0
2234,21.0,44551.11594462461,724.9274750170608,189.84277908829804,13,Windows,Basic,1,0
2235,29.0,74744.33566490318,657.8340848807326,35.56323859037625,9,Web,Basic,1,0
2236,62.0,57829.496227793956,618.0592490937859,90.39211709973148,21,iOS,Standard,1,0
2237,19.0,59285.54422855268,739.8052317753958,387.71305436516576,9,iOS,Basic,0,0
2238,44.0,28120.070864444864,721.9274463156812,11.269099319110069,13,Web,Basic,1,0
2239,48.0,46219.236880635704,715.31853486253,137.881310943356,13,Web,Standard,1,0
2240,,23548.608336923524,675.8127782309049,393.2571361111321,13,MacOS,Premium,0,0
2241,68.0,60313.76668736651,665.019127554462,42.89996688642407,13,MacOS,Basic,1,0
2242,53.0,72455.7844014487,764.261175573987,237.18108063490862,21,Windows,Premium,1,0
2243,53.0,50615.753522791856,768.9134619652239,325.5510295165114,14,Android,Standard,1,0
2244,43.0,29130.868027788,712.0062437820811,164.96479163025094,9,Windows,Basic,0,0
2245,60.0,32137.013814751426,728.4920432419955,31.570960166167726,13,iOS,Standard,1,0
2246,44.0,107356.43293648021,691.8049082085355,48.776002531384854,13,Android,Standard,1,0
2247,22.0,29424.229107390034,611.5007113766549,4.375941188321464,18,MacOS,Premium,1,0
2248,37.0,68186.13339265436,631.0128621995177,213.66504313519985,9,Web,Basic,0,0
2249,28.0,44504.027021768154,737.309095152472,227.34374983568947,11,Web,Basic,1,0
2250,27.0,29718.295074690544,743.6852673905595,120.19252753874714,4,Windows,Basic,0,0
2251,57.0,16207.195406711671,732.706350415481,52.161539984215004,7,iOS,Basic,0,0
2252,55.0,41231.599864387776,697.3026155043516,9.5905593980267,9,iOS,Basic,0,0
2253,23.0,38355.78028557486,734.5649478147634,167.83202496964734,13,Web,Basic,1,0
2254,25.0,107357.6220742758,677.0931352750385,155.58593203070842,10,Windows,Basic,1,0
2255,40.0,21674.340680321853,711.069516826915,292.4746619501683,7,Windows,Basic,1,0
2256,64.0,143898.16702113135,669.7658815939941,157.35668544464806,13,MacOS,Basic,1,0
2257,43.0,45582.82672671233,627.1607183425059,211.717121804039,12,MacOS,Standard,1,0
2258,63.0,45555.996143186094,723.2285986248635,164.4290829904598,12,MacOS,Basic,0,0
2259,60.0,25442.002254784784,743.7562202330572,119.5333519091127,18,Android,Basic,1,0
2260,,43862.884440759866,803.6979390208359,66.81730981270388,12,Windows,Standard,1,0
2261,43.0,48234.535949469144,693.2014500697998,278.8782653139121,13,Windows,Basic,0,0
2262,30.0,63729.08782528425,627.6095090810885,126.31119707916874,6,MacOS,Basic,0,0
2263,57.0,20191.291477248895,663.5779631335593,60.97058925057854,14,Web,Basic,1,0
2264,35.0,84462.97177610436,673.205430723741,10.459165200853018,14,MacOS,Premium,0,0
2265,42.0,45109.55268517608,687.4248903313955,41.21802682189263,11,Android,Standard,1,0
2266,50.0,52309.712338671015,703.5438128369217,94.15960598789135,12,Web,Basic,0,0
2267,64.0,31806.776485580136,698.1484646198334,38.6952456962908,15,Windows,Standard,1,0
2268,57.0,20808.449663742722,718.8541129232628,30.005567302175255,13,Android,Basic,1,0
2269,60.0,37935.20214362735,689.8711523846291,89.93906285157865,13,Android,Basic,0,0
2270,29.0,40634.68657153253,568.7352048611613,22.333578106265026,12,Web,Basic,1,0
2271,61.0,15815.457113743498,691.3566914346724,193.37884006034574,13,MacOS,Standard,1,0
2272,53.0,58452.588001116375,684.3365380653594,79.48346876842292,18,MacOS,Basic,1,0
2273,65.0,66033.32252495963,707.5133431910467,102.359262928349,19,iOS,Standard,1,0
2274,21.0,23440.046458509893,661.9258897211239,19.133417963265313,16,Web,Premium,0,0
2275,22.0,19662.11152140824,691.1762862238194,47.08981608967302,8,MacOS,Basic,0,0
2276,54.0,30279.408526068586,707.8121093764441,63.33417109965129,14,Android,Premium,1,0
2277,25.0,36839.91039869121,671.9978899134657,198.16428168717218,11,MacOS,Premium,1,0
2278,59.0,30992.403159079684,713.7935301115141,176.44437471975874,8,MacOS,Standard,1,0
2279,66.0,35012.110690094836,683.5062466232422,30.27431268689362,13,Android,Basic,1,0
2280,45.0,41476.67991862897,687.832941615755,114.90950322298443,12,Web,Standard,1,0
2281,48.0,15979.127794564656,533.86456004715,33.479406930891614,9,iOS,Premium,1,0
2282,26.0,17120.341956965018,622.8056357587238,533.2391998524758,12,MacOS,Standard,1,0
2283,68.0,7091.366629367431,622.9417092170175,364.6966078149769,15,MacOS,Basic,1,0
2284,46.0,63928.92108239638,690.8166108949835,99.4113642263664,14,MacOS,Standard,0,0
2285,31.0,36648.80907963993,743.5832616648249,144.03856622303783,21,Web,Premium,1,0
2286,57.0,68098.51453329693,674.0792447641936,193.993862518876,17,Android,Basic,1,0
2287,58.0,18349.49261172365,722.4149089652434,153.1845401106377,13,Android,Standard,1,0
2288,39.0,36851.234720559194,712.4126328162935,144.40823250913272,7,Android,Standard,1,0
2289,28.0,41311.48814846552,686.9946711735159,382.0036914805595,10,Android,Basic,1,0
2290,40.0,,708.6988350415838,108.8964017763112,13,Android,Basic,1,0
2291,18.0,14298.977653355485,692.2971859415919,121.37199278795907,8,Android,Basic,0,0
2292,63.0,103520.27867066293,672.8859751603611,227.07081985523155,8,MacOS,Standard,0,0
2293,54.0,84083.8677026325,699.5540174833267,132.99983708790887,15,MacOS,Standard,1,0
2294,38.0,28878.15300857134,752.3315704900865,158.43051605075985,8,Android,Basic,1,0
2295,43.0,49322.546448630026,703.6374486737848,32.015202055171024,11,Android,Basic,1,0
2296,63.0,27149.81724918074,690.898556001933,55.68581700144995,13,Web,Basic,1,0
2297,53.0,19985.41103651583,636.127470941526,19.1218885695368,5,Web,Standard,1,0
2298,40.0,108701.068511567,750.7937574632305,84.56940736738093,11,Windows,Basic,0,0
2299,18.0,,609.6475734500527,72.99660671339953,13,MacOS,Basic,1,0
2300,68.0,,594.696845970095,703.7931193906592,11,Android,Premium,0,0
2301,57.0,38200.133767109925,698.5730344158754,113.36549541930141,8,MacOS,Standard,1,0
2302,32.0,97806.0727068584,635.961990444264,185.2632048399332,12,Windows,Standard,0,0
2303,38.0,62190.23000663755,734.4549501423722,48.7785164218821,14,Web,Basic,0,0
2304,64.0,13315.0484268972,595.8147187317009,213.73063129500915,12,Windows,Basic,0,0
2305,26.0,36255.62625882689,728.090323625531,114.56791934715068,13,iOS,Basic,1,0
2306,26.0,,721.0490967368951,143.2796598644445,9,Web,Standard,0,0
2307,27.0,31665.942043640087,685.9007982053953,41.85004737405515,12,MacOS,Basic,1,0
2308,69.0,52674.43247448436,575.0214178709846,95.45837621926519,11,Web,Basic,1,0
2309,43.0,15592.352416846075,593.8348439840365,120.62675651273062,12,Windows,Standard,0,0
2310,58.0,28419.148857246266,691.9967638862463,106.72709349678118,10,Android,Basic,1,0
2311,52.0,48401.74999283549,668.3603999807276,296.08626974455916,10,Windows,Basic,1,0
2312,69.0,54597.61126749562,716.3665142451501,274.2551071592113,7,Windows,Standard,1,0
2313,42.0,39721.651033704555,676.5891854134381,424.78918459886216,14,Android,Basic,0,0
2314,43.0,30545.256418285964,672.2409683873833,132.10787028441143,11,MacOS,Premium,1,0
2315,28.0,33793.88796981532,558.6841213270633,428.6986416674972,11,MacOS,Premium,1,0
2316,55.0,56627.175044319185,721.1216155886309,214.396871189842,17,Web,Basic,1,0
2317,19.0,37061.74077264965,647.5426907620547,37.902157597754034,9,Windows,Premium,1,0
2318,24.0,,660.0897038140388,66.91562187246241,14,Web,Premium,0,0
2319,35.0,17324.924213251827,626.5110478445424,32.67886463494282,14,Android,Premium,1,0
2320,44.0,14856.868271008061,602.9794468024826,0.504719236065432,11,iOS,Standard,1,0
2321,51.0,86972.60744402347,753.6068914082559,24.997797773315686,13,MacOS,Premium,0,0
2322,44.0,58951.897949497434,719.7743847477444,0.48826234236373733,10,Android,Standard,1,0
2323,34.0,34067.777326512005,720.5997787677067,152.68667021053952,11,MacOS,Premium,1,0
2324,60.0,27659.49946039526,669.1744690950317,66.51778603192597,8,Web,Standard,1,0
2325,61.0,25735.89515948897,593.1038777017103,44.97625791365452,13,iOS,Premium,1,0
2326,68.0,69978.42537167846,785.1022377918903,172.11750791117123,8,Windows,Standard,1,0
2327,41.0,113852.62238426653,701.1145815631698,214.4031568007206,9,MacOS,Standard,1,0
2328,42.0,25254.616398185448,686.8394600038498,444.1120028856153,12,Windows,Premium,1,0
2329,24.0,71901.27757975068,662.0433488851461,123.27122871859584,14,Web,Basic,1,0
2330,69.0,36931.04296847435,577.7721873531193,74.28258721636041,9,MacOS,Basic,0,0
2331,23.0,31969.661119790715,737.0779366138361,43.70685549943173,3,Web,Basic,1,0
2332,41.0,89547.86535126723,627.1148246548872,30.172541729236443,14,Windows,Premium,1,0
2333,50.0,36094.67287181421,707.3284581431128,28.73195329410726,13,Web,Premium,0,0
2334,66.0,,718.5416980561782,63.151169270758565,11,Web,Basic,1,0
2335,46.0,42148.920818571496,696.7078810936578,576.2350221997634,14,Web,Premium,0,0
2336,60.0,13693.004760674818,703.4986770165942,0.1024874453501794,9,Android,Basic,1,0
2337,39.0,43176.28603897515,747.3059875949149,26.358840949834377,14,Android,Basic,1,0
2338,43.0,25910.013260215528,640.3792294083514,25.04868293379719,16,MacOS,Standard,1,0
2339,45.0,15480.061436664635,688.2251295021753,151.52768170274965,12,Web,Basic,1,0
2340,67.0,26627.978138691225,668.7447297660082,52.15354787585598,15,Web,Basic,1,0
2341,38.0,26496.466890999818,588.0217476088949,73.33516530556584,19,Web,Standard,1,0
2342,66.0,67368.2773390224,694.3166664933505,19.30818817160835,14,Android,Basic,1,0
2343,24.0,19181.97337637856,742.5625298262343,62.30266761257906,7,Windows,Standard,1,0
2344,34.0,22608.73322654572,748.8167079338597,13.070663698194457,11,Web,Basic,1,0
2345,37.0,41824.30698530741,772.8738604647865,91.38224629933468,17,iOS,Premium,1,0
2346,,16391.59097993188,591.3140437705379,12.368691623140641,6,MacOS,Standard,1,0
2347,66.0,24455.146047827177,761.431384894062,187.56858552239774,9,Android,Standard,1,0
2348,37.0,13377.292498051229,689.2419882180191,100.33177833996272,10,Windows,Basic,1,0
2349,39.0,63070.402157395445,760.028125368498,154.46856248010633,12,iOS,Premium,1,0
2350,,30308.459008577378,660.2608795402286,65.06069848688428,9,Web,Basic,1,0
2351,57.0,35970.31496581316,653.4599760602557,57.65328120398403,15,Android,Basic,1,0
2352,66.0,62919.171644930284,619.2363711886553,12.404684406081543,15,Web,Basic,1,0
2353,24.0,23544.291474037003,718.7988783203081,89.04409490427443,9,MacOS,Premium,0,0
2354,18.0,30115.877242651306,705.7238035265874,86.70965403439621,16,Android,Premium,1,0
2355,,19268.04301906506,624.1495218884837,75.75643450969595,9,iOS,Premium,1,0
2356,30.0,19242.9062903195,571.7931616493499,161.88832180436154,11,Windows,Standard,1,0
2357,47.0,20903.047978181894,700.7622617161696,214.4157836294311,12,Windows,Basic,1,0
2358,40.0,27024.679025775516,706.4585183472366,166.73496721635058,6,MacOS,Premium,0,0
2359,68.0,28828.584160707847,630.6524244137117,18.639368714823235,13,Windows,Basic,1,0
2360,36.0,43182.01165064203,620.6085793314519,116.76222332634127,11,Windows,Basic,0,0
2361,49.0,21274.614452269147,712.7934089573124,10.047944695357026,7,MacOS,Basic,1,0
2362,47.0,43992.7270777542,772.8196849162443,142.34470400727292,15,iOS,Basic,1,0
2363,46.0,48581.63097251824,655.2504900545968,57.720779263326975,8,Android,Standard,1,0
2364,66.0,27427.644038883933,636.0180533638531,17.05662768127103,10,Android,Basic,0,0
2365,62.0,22407.819383486985,694.942923187529,237.70442286730605,10,MacOS,Basic,0,0
2366,46.0,38217.44704253628,711.7626532424035,114.23274161741844,11,Web,Standard,0,0
2367,47.0,32152.629737319152,661.7854952053794,52.56943761465425,11,MacOS,Basic,0,0
2368,33.0,41448.67100998426,781.2545541745976,3.745099004444582,14,MacOS,Basic,1,0
2369,57.0,93145.66729616691,725.084256107084,92.48382664278057,13,MacOS,Premium,1,0
2370,36.0,37842.27825949004,660.9364646984167,308.026518608191,12,MacOS,Basic,1,0
2371,35.0,24747.052332612424,600.3758513860897,108.87372278684747,14,Windows,Standard,1,0
2372,,21278.79323220762,745.9710893907436,427.5779491202457,6,Windows,Basic,1,0
2373,31.0,21778.51083731528,739.5965618107537,17.60457289944269,14,iOS,Basic,1,0
2374,68.0,15098.3420042792,664.8623565019117,100.80434410725086,11,MacOS,Standard,0,0
2375,64.0,63554.06023686805,697.5287728806272,192.0128187369589,16,Android,Basic,1,0
2376,67.0,9509.3681085699,672.4765051258746,89.4695405655567,11,Web,Basic,1,0
2377,19.0,48672.17987124023,706.0299440554484,11.457982362637805,9,Windows,Basic,1,0
2378,,21572.220025550287,628.7525234434158,104.92748603514825,10,Android,Basic,1,0
2379,66.0,26703.685570900914,621.6240439961578,113.52896004006844,19,Windows,Standard,1,0
2380,67.0,21188.363428357665,720.5431866380262,156.5476979251445,16,iOS,Basic,1,0
2381,,86467.05867187088,726.8807421754799,171.8612543504765,8,Web,Basic,0,0
2382,55.0,36672.75401843529,655.4603987189197,176.7649367827105,15,Windows,Premium,1,0
2383,68.0,58350.72805563943,642.5439462019488,130.67902732007377,14,Web,Basic,1,0
2384,21.0,79246.30889184283,737.378322607235,29.172654477339186,17,Web,Basic,1,0
2385,18.0,40056.3817516682,644.236874034241,62.14923043940652,7,Android,Standard,1,0
2386,25.0,17723.128092235496,682.7705627992883,179.6027556497054,13,Windows,Premium,0,0
2387,46.0,31812.49289428632,676.4292510813673,368.0080738195857,14,Web,Basic,1,0
2388,56.0,23263.739712821,606.6547027324041,9.86851920716235,9,MacOS,Basic,1,0
2389,,26846.681623761888,689.6057133539334,92.02472228812428,9,Web,Basic,1,0
2390,49.0,34311.15244277696,684.720347670208,44.967101354359855,10,Web,Basic,1,0
2391,27.0,33506.89825734533,698.0095639050803,30.648075547603987,14,Windows,Basic,1,0
2392,27.0,46502.69266216629,687.9115434826643,84.580392416073,3,MacOS,Basic,0,0
2393,36.0,50735.57277881162,786.7843704706686,111.79573776936537,21,Web,Basic,1,0
2394,63.0,33507.10866442223,738.0839115661615,1.178435165055215,16,Windows,Basic,1,0
2395,,46262.23973578745,681.94045002274,181.80805659407991,14,Windows,Basic,0,0
2396,50.0,26118.106463933436,686.511954192477,205.6972579272888,9,Web,Standard,1,0
2397,40.0,79926.91194314961,768.1809603875395,404.05317117224024,13,iOS,Basic,1,0
2398,45.0,25866.222011267935,723.1543893002623,23.90835450569182,15,iOS,Basic,1,0
2399,49.0,74481.93492783386,618.5498569752776,108.3316844888042,16,Android,Basic,1,0
2400,67.0,14978.3296413634,727.4474111403548,66.74591729159899,14,iOS,Basic,0,0
2401,24.0,28904.58885927108,742.1400541029972,48.92512823828651,15,iOS,Standard,0,0
2402,46.0,29774.66359228864,760.8858537887893,100.06398232789618,15,Windows,Premium,1,0
2403,25.0,42932.95864996387,659.9254159196256,183.00228845227483,10,Windows,Basic,0,0
2404,18.0,60906.1894739156,656.2774752265516,2.7987185331649136,4,Web,Basic,1,0
2405,20.0,17160.454833926873,632.9092489276335,418.4110738396946,11,Web,Standard,1,0
2406,41.0,,695.4063732168067,199.21298013875094,12,Windows,Basic,0,0
2407,40.0,15659.846373420294,716.643379122785,166.9103828199174,17,Web,Premium,0,0
2408,25.0,80186.5054374827,654.3335406661248,171.44781025314074,9,Windows,Basic,0,0
2409,64.0,43415.11649056912,672.9092351165419,59.13092229902061,9,iOS,Standard,1,0
2410,54.0,18946.55263427594,577.3141102190468,167.1357198257984,9,Web,Basic,1,0
2411,,27837.604782237915,755.4724525201325,58.68186596076343,11,iOS,Basic,1,0
2412,68.0,73795.78073907044,601.7511814249951,274.76835471568216,17,Android,Basic,1,0
2413,50.0,30734.112154655315,698.7389876096402,23.408319047695908,16,Web,Standard,0,0
2414,45.0,29663.930258822948,691.9127416686174,41.49624214743941,5,Windows,Standard,1,0
2415,64.0,22725.024017167227,682.2903984265798,96.178132732084,17,Windows,Premium,1,0
2416,25.0,19633.73642427772,683.4398439169845,46.140349443546434,14,Android,Basic,1,0
2417,51.0,73864.99294664523,629.4109412138583,66.24715047924266,16,Windows,Standard,1,0
2418,52.0,,663.5967397902753,81.37274922093177,15,iOS,Basic,0,0
2419,49.0,20108.20778739572,728.4475326126085,232.84785673677695,15,Windows,Standard,1,0
2420,41.0,84369.85069655019,743.2577750218318,88.87703000842899,15,Android,Basic,1,0
2421,31.0,27107.51704735912,658.954953071253,54.016562564097484,7,MacOS,Standard,1,0
2422,49.0,50020.529854148226,601.9790234761543,34.160180503952766,12,MacOS,Standard,0,0
2423,63.0,84637.12531863569,641.0663074351477,63.046938309643366,11,iOS,Premium,0,0
2424,60.0,33288.05964932143,772.6348547426442,87.0150338449072,12,MacOS,Basic,0,0
2425,33.0,29828.95508326914,644.0427755006388,164.50479695370464,9,Windows,Basic,1,0
2426,,58726.630742238674,675.139816487011,15.483104803511855,13,Android,Standard,0,0
2427,69.0,18657.962875418452,750.7956181009913,30.063186262456885,13,iOS,Premium,1,0
2428,54.0,72275.23560385368,653.6551997331445,57.29735012007868,11,MacOS,Basic,0,0
2429,38.0,39564.42502273954,671.7232305176162,53.62917653594566,16,Windows,Premium,1,0
2430,31.0,25676.968328923504,719.7249145378155,59.65993838761012,18,Windows,Premium,1,0
2431,48.0,25273.19022622485,765.5903433764753,189.30694180199433,5,Web,Basic,0,0
2432,65.0,15834.121719142971,647.7224067652511,47.01487629320927,18,Web,Standard,1,0
2433,35.0,26325.58871317449,749.6047622060591,83.63409189998531,6,Android,Standard,1,0
2434,24.0,30994.88106210241,665.9235645067839,117.35026957400736,12,iOS,Standard,1,0
2435,27.0,19210.722793891422,635.7035647267531,31.703767209845214,12,MacOS,Basic,1,0
2436,,35338.242530685704,692.4778215153779,152.19805983394107,17,MacOS,Basic,1,0
2437,50.0,48230.66257152051,622.1215971115702,95.05307071613586,8,Windows,Basic,0,0
2438,40.0,31949.65681394282,703.6005715731441,71.04019546222025,13,MacOS,Standard,1,0
2439,38.0,54048.414890472806,837.482400556727,199.1514181200251,7,Android,Premium,1,0
2440,36.0,22375.36845371018,735.2800407626846,33.48557747987799,7,Web,Standard,0,0
2441,65.0,66305.60141694326,674.7550181104939,257.65037984471826,8,Windows,Basic,1,0
2442,36.0,39069.16529461183,732.6100953837216,98.80402638867285,13,iOS,Premium,0,0
2443,53.0,91780.42346508805,633.4239135691367,112.73940970664883,11,Windows,Basic,0,0
2444,46.0,154589.79244031804,641.8162681998915,249.58960395877452,7,MacOS,Premium,0,0
2445,35.0,27387.82483723952,676.1417612394367,204.17499512869912,19,Android,Standard,1,0
2446,19.0,28072.947631159306,684.3890599924919,110.42442588280699,11,iOS,Standard,1,0
2447,18.0,,615.3348590395117,167.8952599030593,14,Windows,Standard,1,0
2448,64.0,,664.6761253944784,68.15515306842627,16,MacOS,Basic,1,0
2449,22.0,80465.35372752926,672.7705641506973,95.12368731799802,11,Windows,Standard,1,0
2450,37.0,24546.263191984955,757.0986173919317,7.689612645825167,13,iOS,Basic,0,0
2451,28.0,45649.43731534711,615.3327241832585,11.298546911161608,11,MacOS,Standard,1,0
2452,59.0,33471.299728297934,610.6975729707214,212.2299079002546,14,Web,Basic,1,0
2453,19.0,52620.7317877487,688.7854471302284,7.3831394693474275,15,iOS,Standard,1,0
2454,20.0,89830.03070581815,737.5438301363696,22.272707411079764,9,Web,Premium,1,0
2455,,31438.95655506274,707.5796507020258,190.657838656433,10,Web,Basic,0,0
2456,29.0,13334.092762530627,695.1338446711487,0.13759292780770593,16,MacOS,Standard,1,0
2457,37.0,56746.0316557751,665.5695984999235,39.82188007795776,13,Windows,Premium,1,0
2458,22.0,22034.768447755345,713.8052464647416,105.25955406080871,7,Windows,Basic,1,0
2459,54.0,33327.24660644516,721.3444609908354,108.59757255941608,8,Android,Standard,1,0
2460,55.0,58233.6416603703,667.1344566907662,180.15233158087665,15,iOS,Basic,0,0
2461,47.0,43409.64420550243,632.5687744906785,84.60845886374527,11,iOS,Standard,1,0
2462,26.0,,632.8938952323596,85.45559494418026,14,MacOS,Premium,1,0
2463,51.0,25705.775481047345,723.9367139023833,155.05370221584099,15,MacOS,Premium,1,0
2464,61.0,6374.5178247640415,602.7863339451222,82.84798612427997,7,Android,Basic,0,0
2465,52.0,55215.14107298626,763.8529587648557,112.52963956947403,9,Android,Basic,1,0
2466,69.0,31201.73497624709,657.1937153252699,273.66838777492916,16,Web,Premium,1,0
2467,39.0,90039.32218077997,695.4765965152119,61.589627845007854,10,Android,Premium,1,0
2468,61.0,46111.4613770759,715.0855028988547,58.36036790470695,11,Windows,Standard,0,0
2469,41.0,26247.467219255188,645.8157142485458,0.42663653717159294,8,Web,Basic,1,0
2470,34.0,68880.06295111473,657.0051078672377,114.0519172745414,7,Android,Standard,0,0
2471,27.0,72451.86168651853,686.5985000972788,3.6268905749370006,14,Windows,Basic,1,0
2472,47.0,31843.25648885741,637.3139590392196,84.17745258371248,9,Windows,Premium,1,0
2473,63.0,74323.8309867689,626.6179118333712,195.70009594679823,15,Web,Basic,1,0
2474,40.0,26025.059162314617,631.1108877660128,95.79987753037891,13,Web,Standard,1,0
2475,49.0,39966.171454647934,740.4573143045106,37.705495822662535,15,Windows,Basic,1,0
2476,34.0,51166.74215239348,699.8962423357666,185.10799079263384,21,MacOS,Basic,1,0
2477,67.0,58155.10535575065,640.3416470561826,37.71877851867029,10,Web,Standard,1,0
2478,68.0,52728.59089631992,723.6379728117049,158.47507889116943,8,iOS,Basic,0,0
2479,34.0,29744.683575565537,643.1122376583559,113.07257581930234,14,MacOS,Standard,1,0
2480,31.0,69997.76447253354,582.4793899171297,22.359013974246107,8,iOS,Standard,1,0
2481,26.0,33703.049644093706,714.8404495580177,282.63463081637116,18,Android,Basic,0,0
2482,57.0,25811.710999603016,762.3115475904954,26.873817465359217,10,Web,Standard,1,0
2483,19.0,26040.211531317622,707.9019835759508,547.7648848164326,11,Web,Standard,1,0
2484,62.0,116307.52443228204,585.6331524282458,0.8804809472942058,17,Windows,Basic,1,0
2485,42.0,,678.8222299889622,36.69881679160998,14,Web,Basic,1,0
2486,56.0,78824.65724150527,666.2711000123519,26.75627257832685,8,iOS,Basic,1,0
2487,26.0,18374.515980078755,698.9106081321946,1.6910689205686449,14,MacOS,Basic,1,0
2488,39.0,48666.35787872419,637.6365361565603,158.1770403978718,12,Android,Basic,1,0
2489,60.0,43401.53425209898,663.3261374953231,141.8754565994022,12,MacOS,Premium,1,0
2490,63.0,96060.7543253431,608.9958508488644,188.62871436631107,13,iOS,Standard,1,0
2491,21.0,24522.807034912774,691.0885391220693,35.598431008352875,8,Android,Basic,0,0
2492,43.0,20776.991368799296,610.8552040363732,70.51079819930713,11,Windows,Standard,1,0
2493,46.0,33863.52559547117,701.8712242861467,129.14469181270337,15,Web,Standard,1,0
2494,62.0,98605.37946236177,642.4726405498476,69.52862337111954,8,Web,Basic,1,0
2495,51.0,21364.905224121918,522.9292729351727,143.4117841709694,9,Windows,Basic,0,0
2496,40.0,7684.418764737494,719.6879071549566,120.6059152422807,12,iOS,Standard,0,0
2497,54.0,37641.43443972811,704.70200096062,14.61237005442583,11,Windows,Basic,1,0
2498,28.0,64197.127826776516,747.6471023885349,182.2656562137356,16,iOS,Standard,1,0
2499,23.0,19765.95792771754,575.4940746415048,153.0460999430485,15,Android,Basic,1,0
2500,35.0,60400.901180101566,647.2725230081809,127.99587673378502,9,MacOS,Standard,1,0
2501,38.0,19505.53224120636,686.5796480280933,20.223532129586815,17,MacOS,Standard,0,0
2502,,33258.47426037061,708.5852946518158,37.43638963921673,13,Windows,Basic,0,0
2503,53.0,57045.780388990665,606.8558031130284,59.94218166272806,11,Web,Basic,1,0
2504,58.0,17810.095865668227,701.5729978863608,39.40875888595764,16,Windows,Standard,0,0
2505,55.0,40493.95565638407,651.4111545695306,31.023002601565864,9,Web,Standard,1,0
2506,51.0,75281.0789595427,587.246066825663,196.39099327100914,11,Windows,Standard,1,0
2507,34.0,48260.10232809273,642.4659506474172,122.0103405093482,7,Windows,Premium,1,0
2508,54.0,23567.510420967123,705.7188568306929,100.01942366503927,10,MacOS,Basic,1,0
2509,42.0,90330.55114892861,589.3350963816849,30.73467722039301,10,Web,Basic,1,0
2510,55.0,53908.072143207944,711.852591980438,300.23641848927593,12,MacOS,Standard,1,0
2511,29.0,11893.308381379044,694.1689001200881,25.461916925086157,12,Web,Basic,1,0
2512,40.0,60994.93877676896,667.3070461427465,190.1407171690945,15,Android,Basic,1,0
2513,59.0,25775.39022780574,598.2401245007875,408.165287882772,15,Android,Standard,1,0
2514,39.0,40861.27731230298,602.2525588282925,155.83478507823466,17,Android,Premium,1,0
2515,38.0,66489.70499645642,660.0759177433823,593.0245169488172,13,iOS,Basic,0,0
2516,44.0,26114.271619214156,623.7529989057508,126.33958013910802,10,MacOS,Basic,1,0
2517,48.0,13529.725484633278,663.3120697254682,29.425281450182077,1,MacOS,Standard,1,0
2518,23.0,89619.40195011288,725.3091078674149,27.351522258915978,10,Android,Basic,1,0
2519,,73039.09193236218,666.3489391292036,47.08767498618253,17,Windows,Basic,1,0
2520,57.0,,664.9777531134417,0.8586672346065644,12,MacOS,Standard,1,0
2521,51.0,60600.16354979523,665.0173612167594,137.3707365815797,9,Web,Basic,1,0
2522,29.0,29096.348400352974,730.670096548252,37.54649465733705,7,MacOS,Basic,1,0
2523,62.0,38491.09158336131,744.6684943742836,202.6068467452907,13,MacOS,Basic,1,0
2524,24.0,33303.815014882624,701.0966856086756,53.39942447854255,12,Web,Basic,1,0
2525,27.0,29811.024352202814,686.8295758699196,78.46113653877566,15,Android,Standard,1,0
2526,62.0,45052.40055388058,691.478130742798,404.6744213586608,10,Android,Basic,1,0
2527,34.0,17590.120809960405,751.3975951126544,33.2758793262619,16,Web,Basic,0,0
2528,43.0,31227.409618395894,703.812638004361,153.294558673843,10,MacOS,Standard,1,0
2529,38.0,43856.91506268284,756.1219454878272,168.83735480649847,7,MacOS,Premium,0,0
2530,45.0,109410.31207126046,659.0457574006462,29.969024151925947,8,Android,Premium,0,0
2531,63.0,,613.2215490149277,83.41714125554338,10,iOS,Premium,1,0
2532,19.0,49629.06031735303,646.5470258017141,51.7312342419779,7,Android,Standard,1,0
2533,60.0,53002.22993300031,651.8601534623984,177.35982256741826,13,Web,Basic,1,0
2534,18.0,11777.765597587588,760.2263963868147,116.89686279201226,14,iOS,Standard,1,0
2535,68.0,,716.8206872268007,77.54775085578807,13,iOS,Basic,0,0
2536,53.0,61584.84197399703,648.1271737841193,181.34851957484142,11,Web,Standard,0,0
2537,68.0,51698.890898669735,720.4205588466349,32.1699390388887,13,Windows,Basic,0,0
2538,43.0,34532.06691344574,673.5209444454009,168.10654228064485,14,Android,Standard,1,0
2539,46.0,44353.372243895006,761.7275846038483,240.63084404592416,9,MacOS,Basic,1,0
2540,38.0,40211.440285994395,663.3149377655477,253.0610776923776,9,Android,Basic,1,0
2541,28.0,13178.283930146834,603.0555371460706,183.7160242198181,7,Web,Standard,1,0
2542,57.0,40781.84128810169,670.6624466749658,62.9127090149754,6,MacOS,Standard,0,0
2543,28.0,29136.814492053214,663.3422833961351,480.81295089070824,12,Windows,Basic,0,0
2544,53.0,23792.04826690965,612.8386676025841,57.28567229313715,11,Web,Premium,1,0
2545,66.0,161293.66233115157,709.2955878639153,122.14082196550713,12,Android,Basic,1,0
2546,56.0,77000.6722850002,751.2359415158523,21.075958668246358,12,iOS,Premium,1,0
2547,57.0,18213.106728726285,623.8757838138567,472.16683900838075,9,Web,Standard,0,0
2548,52.0,44711.30772901475,728.6355196461087,146.08179174252578,15,Web,Standard,0,0
2549,51.0,87100.2615179684,649.6684586338931,167.98759620027192,11,Android,Premium,0,0
2550,64.0,14798.491184387289,678.7640721688364,8.164775250044768,17,Windows,Standard,1,0
2551,41.0,38032.25463438428,673.511388780077,172.97515474039227,6,Android,Basic,1,0
2552,39.0,39122.132539511884,678.7644567465538,178.85117137989434,8,Android,Basic,1,0
2553,22.0,16903.978214218187,703.6541335997529,133.68588037383438,22,Windows,Basic,1,0
2554,50.0,45603.06384220209,628.7908679776133,41.42202351586286,20,Windows,Basic,1,0
2555,,70951.21692516078,744.6650054553114,80.72843728878044,18,Web,Standard,1,0
2556,64.0,89754.06114484135,705.1771378358382,14.04263916541149,18,iOS,Standard,0,0
2557,37.0,31268.97087659856,721.7791388169863,76.54526758008417,19,Android,Basic,0,0
2558,36.0,162915.51313399166,640.9967023537442,33.537711688426754,10,iOS,Standard,0,0
2559,52.0,10564.133894741108,624.2613069481376,51.52735543943863,11,Windows,Standard,1,0
2560,,44969.0622109712,739.1356715937202,21.29446957219844,14,Windows,Standard,1,0
2561,60.0,15562.561547241765,622.11253770681,31.37224489088813,13,Android,Standard,1,0
2562,34.0,38334.65446923193,687.465262061272,9.559057201216106,17,Web,Basic,0,0
2563,62.0,26551.883079512405,730.9497915843971,302.93957810291124,14,Android,Standard,1,0
2564,60.0,49223.50212213719,673.6599015447571,90.70761245645402,9,Web,Premium,1,0
2565,51.0,33653.4740863976,738.5038531514815,60.649231851354784,10,MacOS,Basic,0,0
2566,26.0,22123.805797918434,666.4220848103083,91.89368382322957,7,Web,Standard,1,0
2567,43.0,,616.1291000609484,118.75799809759198,13,Android,Basic,1,0
2568,19.0,115783.3091365661,698.7086270554408,305.9392472678494,12,Android,Basic,1,0
2569,26.0,47387.522900150405,689.9148016857226,23.62298965251736,10,Web,Premium,0,0
2570,26.0,13078.47170523192,814.3988121903706,42.04097633036158,12,iOS,Standard,0,0
2571,57.0,50537.5872844545,632.7445566943491,446.5154515126125,11,Web,Premium,0,0
2572,34.0,,667.4076447335325,55.67170612566676,18,MacOS,Premium,1,0
2573,,36415.895660016846,643.4567189908139,2.738407072808357,8,MacOS,Basic,1,0
2574,42.0,,672.8757709214102,19.170048456098158,10,iOS,Premium,1,0
2575,,73860.71022796504,670.8598783796816,3.203013466148631,18,MacOS,Basic,1,0
2576,57.0,21692.294043270613,636.3850088969746,551.7016575636708,20,Android,Basic,1,0
2577,59.0,35673.20078251679,703.4118804848445,39.232443615107414,21,iOS,Standard,1,0
2578,42.0,26169.06843871147,669.2928063955268,308.52283303193326,4,iOS,Basic,1,0
2579,56.0,51954.172382031866,747.274148394196,659.2111823500446,9,iOS,Premium,1,0
2580,52.0,31590.676347945126,647.5721438355674,109.90726361935381,12,Web,Standard,1,0
2581,20.0,36958.498052459276,773.0686535659111,4.051178242158059,5,Web,Basic,1,0
2582,67.0,30879.071738152426,693.7937003187575,10.21357682444494,12,iOS,Basic,1,0
2583,54.0,34075.30783813221,743.5666719792549,78.83844256019026,16,MacOS,Basic,0,0
2584,61.0,100991.39594758654,685.7726732811434,62.5398702699736,9,Android,Basic,1,0
2585,61.0,152429.83927861624,640.9672800072013,111.82253827748787,11,Android,Basic,1,0
2586,68.0,45535.85225212625,666.8239539920434,69.3315751575974,11,Web,Standard,1,0
2587,47.0,34201.27257349879,610.6615894581157,326.31187179329265,18,Windows,Premium,1,0
2588,55.0,13941.397682638424,674.4233191903246,91.8189933838178,10,iOS,Basic,1,0
2589,51.0,23011.4933303533,688.6046438065915,141.9930424229765,14,Windows,Basic,1,0
2590,29.0,33656.395569979184,682.2861397842722,272.16496597082806,13,Android,Basic,1,0
2591,36.0,23646.303171908294,746.5078612568432,19.061464630620964,11,Web,Basic,1,0
2592,54.0,25186.40244303187,672.5433084468546,31.322426214745825,13,Web,Basic,0,0
2593,61.0,93454.84752206973,585.3003203578892,13.62307253102364,8,Web,Basic,1,0
2594,66.0,36948.28415081681,857.203250547989,18.04830145127001,11,Web,Standard,1,0
2595,34.0,38984.8034809099,645.4695729258339,86.23646918931814,13,Web,Basic,1,0
2596,27.0,24233.364568752462,728.4372554395623,46.48778287788889,13,iOS,Basic,1,0
2597,66.0,73609.31320784443,604.787666447759,66.02551271050858,10,Windows,Premium,1,0
2598,64.0,31966.789770647007,692.2606086734177,485.3968231742305,7,Android,Standard,1,0
2599,29.0,26568.50580249063,640.2727095964317,20.45252017294568,11,Android,Basic,1,0
2600,33.0,14066.47393015441,538.8682520877737,93.39548650841444,9,Web,Standard,1,0
2601,41.0,35008.243865440556,665.8595002478727,12.492843532490827,9,Web,Standard,1,0
2602,36.0,26075.858378737532,677.4967320884751,46.01443417471921,17,Web,Standard,0,0
2603,25.0,99782.47519284805,669.0557038171917,89.97268781679118,12,MacOS,Premium,1,0
2604,48.0,109791.5904264284,692.1556674141858,351.6647044236444,9,Android,Basic,1,0
2605,38.0,17306.400845756438,666.5245956637075,59.5574194919511,11,Web,Standard,1,0
2606,34.0,18521.88078429354,683.4574908068273,8.05307574329006,15,Windows,Standard,1,0
2607,40.0,30767.315453323725,688.5056000827149,58.95442021546754,12,MacOS,Standard,1,0
2608,54.0,22256.230319638096,678.2410955614782,18.902527003648352,12,iOS,Premium,1,0
2609,33.0,41375.73783589278,671.4612083898961,31.362152999219656,17,MacOS,Basic,1,0
2610,23.0,29852.560873522343,635.3173244852196,115.50863183232784,9,MacOS,Standard,0,0
2611,25.0,42972.66110982719,709.7222802002057,8.376538317016132,9,MacOS,Premium,1,0
2612,42.0,66813.21123759892,665.850132635007,74.99667862652039,17,Windows,Standard,0,0
2613,35.0,19177.003270161666,661.808713722605,112.82747318991338,16,Android,Basic,1,0
2614,42.0,65981.30567159985,705.6147155252129,65.75237332948447,17,Web,Standard,1,0
2615,29.0,23454.286524888128,690.5979013500781,2.317395059220108,20,Windows,Standard,1,0
2616,32.0,131806.43310921732,645.088983938921,508.19309762702966,12,Windows,Basic,1,0
2617,43.0,96046.2936511706,742.5329321469136,54.89613124292214,13,Web,Basic,1,0
2618,58.0,33933.28935704485,620.538800754381,180.92174687608602,15,MacOS,Premium,1,0
2619,62.0,20370.64011818261,628.4262728044628,47.28009759172328,10,iOS,Standard,1,0
2620,43.0,18161.884380085754,713.417698392173,77.32667219791304,11,MacOS,Standard,1,0
2621,64.0,61339.36596705779,767.5567798707222,59.013704345850854,17,MacOS,Premium,1,0
2622,49.0,35659.05319194811,651.1298903885281,50.324421763634334,11,Android,Basic,1,0
2623,27.0,63330.36110493398,700.6410686366572,2.651238533732817,7,MacOS,Standard,1,0
2624,33.0,136289.60941465705,620.3818220865822,53.55837822734898,19,iOS,Standard,1,0
2625,24.0,,633.5507341955347,264.3179013008677,14,Windows,Premium,1,0
2626,34.0,17359.879618032188,736.6099095860341,140.69431455933147,8,MacOS,Basic,1,0
2627,40.0,40763.24680119521,698.2881515378568,18.857820531350203,20,Windows,Premium,0,0
2628,43.0,,738.1614877570389,107.33030150157009,17,Android,Standard,1,0
2629,38.0,20655.229814957103,734.3154377218176,267.3316718265753,13,iOS,Basic,1,0
2630,39.0,37077.84288093641,575.5225153441313,144.49035367763778,16,Web,Basic,1,0
2631,,82621.58101094383,620.2022829972205,19.31668228403562,8,Web,Standard,1,0
2632,31.0,13633.336653636536,693.7237900788905,242.84222360612074,20,Android,Standard,1,0
2633,32.0,41822.54289560467,595.145500952972,43.06597361055021,12,iOS,Premium,1,0
2634,24.0,26263.571497387482,627.2847478697961,72.63309256919734,19,Windows,Standard,0,0
2635,26.0,39124.10118153972,751.3483702205205,89.62190201158678,18,Android,Standard,0,0
2636,68.0,55596.22456079033,652.9217061694558,228.06036762839776,14,MacOS,Standard,1,0
2637,65.0,41460.029799098964,715.5149289310517,321.8990446247927,14,Windows,Basic,1,0
2638,25.0,19808.502797768848,678.591586492383,318.51760836219626,7,MacOS,Basic,0,0
2639,67.0,26883.078539003076,646.0031872852692,0.9583181443956005,9,MacOS,Basic,1,0
2640,40.0,85472.99765936528,596.7895363649734,305.95413615830313,11,Windows,Basic,0,0
2641,46.0,44238.89844471498,691.6651053282188,6.710621830321774,16,MacOS,Basic,1,0
2642,35.0,60125.62946050864,752.7302769534432,37.072551413421095,12,Web,Standard,0,0
2643,48.0,42200.07115287747,647.4236260117123,86.82976158718941,12,Windows,Standard,1,0
2644,47.0,59010.43908878482,683.429917711443,78.45402862271266,12,Android,Standard,1,0
2645,69.0,28632.91891846447,604.0105598324004,111.3762101785151,14,Web,Basic,1,0
2646,56.0,22913.76296703147,646.3912404374977,78.34345071858202,8,Android,Basic,1,0
2647,52.0,57424.05834978717,697.044082973078,326.85706974593245,11,iOS,Basic,0,0
2648,35.0,71426.5127381193,717.1857910199906,33.01911303535128,10,Android,Standard,1,0
2649,59.0,20982.230954983213,707.7974374979094,38.42871342755277,15,Windows,Basic,1,0
2650,56.0,25704.802294766876,578.4224344626382,304.19947761699177,12,Android,Basic,0,0
2651,34.0,32927.522693254046,657.1532580432629,9.581264080113753,9,iOS,Basic,1,0
2652,31.0,95979.96617448021,631.6359444852689,112.85796909010372,10,MacOS,Standard,1,0
2653,48.0,50913.392053073454,664.5485862091479,137.3848681592045,13,Windows,Standard,1,0
2654,41.0,16408.387271572192,674.4404282256328,84.51510077561349,13,Web,Basic,1,0
2655,52.0,34344.95186202394,733.3175945597619,142.19138858608426,7,Web,Basic,1,0
2656,61.0,31334.42920342222,694.7618518346763,22.75847380906796,15,Android,Basic,1,0
2657,62.0,17962.441370681787,750.8915986443542,229.77887983909739,19,Web,Basic,0,0
2658,51.0,34102.46165162009,645.024484278641,18.102331398882747,16,iOS,Premium,1,0
2659,20.0,30515.11874195614,609.1461721039088,61.46167382543946,12,Web,Basic,1,0
2660,,29232.035289240033,752.7621320410233,9.38880817865175,9,Android,Basic,1,0
2661,60.0,28440.548773686693,701.6727618950316,94.55062525911316,12,Web,Basic,1,0
2662,57.0,87801.69889253355,642.8364116320552,132.9471168608442,13,MacOS,Standard,1,0
2663,43.0,29195.741259425926,701.8911439255144,340.0777722699531,11,MacOS,Premium,1,0
2664,40.0,37414.08937733792,721.7629783599716,161.34285706361374,23,Web,Basic,1,0
2665,61.0,35057.37109497187,685.9595406503796,93.47151755001084,11,Windows,Standard,1,0
2666,56.0,26822.326278437187,643.5481785986731,323.6835327857279,9,Web,Basic,0,0
2667,32.0,,657.9368597572162,78.11098751305558,12,MacOS,Standard,1,0
2668,66.0,37767.73167564913,694.5310748924901,98.84693205020629,9,MacOS,Basic,1,0
2669,21.0,38095.59418120283,689.9443977677844,108.79011733633979,21,iOS,Basic,1,0
2670,46.0,21686.822884593443,740.6130028892707,63.31180557223668,14,Android,Standard,1,0
2671,39.0,32090.820280447195,666.2044893798985,218.77715554844616,18,iOS,Standard,0,0
2672,42.0,57307.86338916053,631.8119700812241,24.573967791520197,15,Windows,Premium,0,0
2673,30.0,32601.38402381828,808.8527164785016,97.11917175639228,13,Android,Standard,1,0
2674,35.0,40017.380353452376,688.7244099743868,153.7168282229896,10,Web,Basic,1,0
2675,50.0,40143.756400106926,721.7131378944769,281.179069043307,13,Web,Basic,1,0
2676,33.0,46650.41388832681,706.092418601294,258.4154227423569,8,Windows,Standard,1,0
2677,62.0,50776.58230362302,689.3287219280445,85.2938818716849,13,MacOS,Basic,1,0
2678,59.0,32712.40471883474,668.6128134628416,123.65662123808961,11,Web,Standard,0,0
2679,61.0,21019.3520414512,539.809214832104,60.152120847340555,14,iOS,Basic,1,0
2680,19.0,17479.26853997998,626.838937960109,75.77351834762506,21,MacOS,Basic,1,0
2681,52.0,,696.4559606708648,284.07504989209593,15,Web,Standard,0,0
2682,59.0,57650.27343952379,544.0513380996553,320.3241595525802,12,MacOS,Basic,1,0
2683,51.0,53616.85789639614,683.580919635514,270.929536167582,10,Android,Basic,1,0
2684,47.0,59084.39453810182,713.0615255432161,17.871640202189813,10,Web,Standard,1,0
2685,30.0,32960.54139884934,721.6639308551717,227.721634083405,9,Web,Basic,1,0
2686,,24961.106422880286,709.9077623732353,355.6237159468208,15,MacOS,Standard,1,0
2687,35.0,20166.045518101586,727.9195975808557,53.788999116201964,11,Android,Basic,1,0
2688,49.0,18890.038564978277,760.2805691620939,87.73834969164527,9,iOS,Standard,1,0
2689,49.0,75154.04452770627,734.8058967704592,181.20284305910798,13,Android,Basic,1,0
2690,52.0,27014.069086415933,689.8415699450965,99.0857736946563,9,iOS,Basic,1,0
2691,,68385.45546003776,673.2690072613624,604.0105425559805,9,Windows,Standard,1,0
2692,63.0,32463.397464207683,685.7318937276345,72.99351223262643,14,Android,Standard,1,0
2693,69.0,24203.56644519078,666.225092416264,150.18758133096384,12,iOS,Basic,1,0
2694,46.0,18833.286118291606,735.8790366122812,188.76759187967266,9,MacOS,Basic,0,0
2695,66.0,25517.183981235914,708.6050104150494,81.7700495404793,8,iOS,Premium,1,0
2696,46.0,85045.63465880943,660.9461772776637,233.3756890032679,17,Windows,Basic,1,0
2697,61.0,18948.384422599935,746.2043891806047,94.7998377833023,14,iOS,Basic,0,0
2698,33.0,129320.36999131115,665.4060572982695,63.65215492461616,18,Android,Basic,0,0
2699,61.0,21930.541723881546,632.7114176963361,13.690978906007487,8,iOS,Premium,1,0
2700,64.0,56952.335767601835,679.4628726674603,59.98896780446079,9,Android,Basic,0,0
2701,27.0,33284.570606704874,638.7933258164139,158.88241281005384,12,Windows,Basic,1,0
2702,47.0,29961.372584520617,726.8102868768627,305.0327374492391,9,iOS,Basic,1,0
2703,,16935.165429899043,637.7283908097512,34.79085460409891,12,iOS,Standard,1,0
2704,56.0,34233.64496423296,674.2315185894586,52.6644206418507,14,Windows,Basic,0,0
2705,37.0,,726.9853745972796,20.062777701507745,6,iOS,Standard,1,0
2706,22.0,13240.740277681141,644.3899020707329,140.82211458275907,11,Android,Basic,1,0
2707,18.0,39017.2528059487,700.5571766659822,386.83172468034525,15,Web,Basic,1,0
2708,47.0,24803.650921595825,631.3292320747773,122.91597684059323,19,Web,Premium,0,0
2709,66.0,99768.63253854838,692.2191563598591,115.19041524194999,11,Android,Standard,0,0
2710,20.0,66172.02232172426,708.3623424428761,96.75519922190169,14,iOS,Basic,1,0
2711,62.0,100554.91838289394,677.8924734159266,11.113815536550574,19,Android,Standard,1,0
2712,31.0,24136.252861075318,681.676314373916,156.89967918725668,16,Windows,Standard,0,0
2713,47.0,39406.365536592806,702.1992910780265,110.57133152710954,16,Android,Standard,1,0
2714,67.0,7537.135066872333,665.9745707687765,129.9795071176177,10,Web,Basic,1,0
2715,21.0,30666.268132153156,724.4776815539814,274.89193716388723,9,MacOS,Basic,1,0
2716,35.0,38526.40035628595,748.5570523671046,183.87544156685266,10,Windows,Basic,1,0
2717,54.0,39832.11783514183,633.7107670368189,182.19559770700386,17,iOS,Basic,1,0
2718,,35403.95987264157,768.352978722885,314.37796724114907,16,Android,Standard,1,0
2719,65.0,37795.886126435646,664.8256120250783,551.842367705673,5,Windows,Premium,0,0
2720,18.0,7129.913770968877,779.7172474859925,104.46712377301554,13,Web,Standard,0,0
2721,63.0,42350.39815831826,665.5041457068069,13.83335927160788,9,iOS,Basic,0,0
2722,32.0,48536.13908184924,715.3689287570985,73.74913850981005,14,Android,Standard,1,0
2723,26.0,81049.49055481427,715.1005305764704,185.91472647391362,15,Android,Standard,1,0
2724,32.0,45308.178479689115,660.6344230888324,3.374031209821076,10,iOS,Basic,0,0
2725,,33575.696305064426,683.6313694089702,7.028356559542707,16,MacOS,Basic,1,0
2726,41.0,70471.60581942009,751.9950278178405,8.342304646380695,15,MacOS,Standard,0,0
2727,21.0,8827.255812109368,663.8908775118997,157.58122065658412,13,Windows,Standard,0,0
2728,29.0,26662.967100272548,659.1226966872706,83.45797967667295,8,Android,Basic,1,0
2729,54.0,22937.169866788292,622.3266399406942,55.23452302005378,16,Windows,Basic,0,0
2730,54.0,35571.03350700968,758.3776110052465,13.39454814290838,9,iOS,Standard,1,0
2731,60.0,9708.764494481795,655.9611719247698,158.1198187824455,11,Windows,Standard,1,0
2732,23.0,80160.11871925545,739.9990108973972,46.459599350177086,12,Android,Standard,1,0
2733,56.0,31260.608207165867,649.9322591464512,36.999094638243896,16,MacOS,Standard,0,0
2734,63.0,43970.66626137433,738.4292307597707,126.7764559174301,10,MacOS,Basic,0,0
2735,41.0,41516.85361720722,720.3321558361375,98.24821243276998,21,iOS,Basic,1,0
2736,28.0,77458.21719011311,668.5784039466821,54.00730104813433,11,Web,Standard,0,0
2737,30.0,,643.286201435529,123.09500047377294,17,Windows,Standard,0,0
2738,51.0,38847.255091408726,647.3484712270972,37.966255438876544,13,iOS,Premium,0,0
2739,42.0,72236.94924872686,646.7100064949115,190.0701180319362,14,MacOS,Standard,1,0
2740,24.0,34241.996308809226,733.259159006182,31.25768099238327,10,Android,Standard,0,0
2741,69.0,20521.70456115263,688.0115182306703,20.756477711531367,18,Android,Standard,1,0
2742,21.0,25277.39837557902,624.2438783745648,183.03334682785243,14,Web,Basic,0,0
2743,25.0,28688.017300913016,667.393329449946,147.67581446083975,11,Web,Standard,0,0
2744,37.0,23561.51600568013,673.4489949029859,24.200926982517775,11,MacOS,Basic,1,0
2745,46.0,33133.937219780826,573.0505553193132,14.829150692921594,9,Web,Basic,0,0
2746,68.0,89764.82214035025,670.1743542786916,218.71505908300824,18,Web,Basic,1,0
2747,62.0,25376.55869033086,716.1596488014367,179.85415179167703,7,Android,Standard,1,0
2748,63.0,,673.118605887128,47.56709399637683,5,Windows,Premium,0,0
2749,27.0,47852.00751943479,692.7203439373326,128.8226310685854,13,Android,Basic,1,0
2750,60.0,32699.2617972106,704.2256565386386,15.908647934744428,11,Android,Standard,1,0
2751,51.0,16358.271000293145,662.8698879614464,84.88113373304901,10,MacOS,Premium,1,0
2752,43.0,35006.426480058995,716.5377330580196,2.2689510675356828,9,MacOS,Standard,1,0
2753,58.0,34223.40824613398,752.874214891585,59.631097222658255,13,Windows,Standard,0,0
2754,66.0,65212.53651459171,603.8070681276298,9.334995980559386,10,iOS,Basic,1,0
2755,20.0,20266.175850266394,662.757512379673,77.35648786199621,9,Web,Basic,1,0
2756,23.0,65472.906161140025,796.4808741726856,65.71569335328685,14,Web,Basic,1,0
2757,22.0,34245.19400217397,688.5282691604,70.52156622834993,14,Android,Premium,1,0
2758,22.0,18680.491022734812,678.2574024754498,5.5669094194741415,13,Android,Standard,1,0
2759,64.0,16559.7944058059,667.0978784888968,53.85789965041574,17,Windows,Premium,0,0
2760,40.0,115917.39643712259,743.721757213641,169.50864126328153,15,Web,Basic,0,0
2761,66.0,32992.98975775778,633.0503401885416,55.237647087876105,8,Android,Standard,1,0
2762,,63697.619478533146,726.3087263342569,150.70435479450796,11,Android,Standard,1,0
2763,52.0,13031.546663091805,666.1624484610874,55.345005470219995,16,MacOS,Standard,1,0
2764,37.0,176772.15682783988,642.5078538645907,66.03936902241126,13,iOS,Premium,1,0
2765,66.0,62065.57565990336,668.4448674665423,99.58387423247069,15,Windows,Basic,0,0
2766,59.0,31155.18214912951,677.6809757048964,361.135784600842,12,iOS,Basic,1,0
2767,52.0,,655.1128187288583,13.830508588675638,10,iOS,Basic,1,0
2768,67.0,56430.15044363083,735.6386258907528,4.016113610523642,15,Windows,Basic,1,0
2769,35.0,,642.8957952538611,112.36610642182957,16,Web,Basic,1,0
2770,34.0,40518.647054756795,687.0037423979913,357.3402198102183,6,Android,Basic,1,0
2771,41.0,36553.318515763065,706.8716295694015,549.3431746336759,14,Windows,Basic,1,0
2772,20.0,50850.24656913804,686.4861524341686,79.43602476849999,19,Android,Standard,1,0
2773,49.0,12771.582545281972,718.6114966741645,75.75182694039714,12,MacOS,Standard,1,0
2774,52.0,29063.407057736305,658.3217983618225,124.26425285700202,14,iOS,Basic,1,0
2775,55.0,13519.409667865992,711.131351990616,97.33301229692145,11,MacOS,Basic,1,0
2776,30.0,52195.7006170965,712.6114100058347,120.64350829228582,12,iOS,Standard,0,0
2777,64.0,24209.771638990795,728.406003862031,248.57625753815887,9,Web,Basic,1,0
2778,42.0,14144.104212174641,585.7171025869504,164.5952556859181,14,Windows,Basic,1,0
2779,26.0,22555.361689153768,705.4523069337033,82.43056613805649,9,Web,Standard,1,0
2780,21.0,39720.14310031058,725.0634884780807,74.35737787280505,10,iOS,Basic,1,0
2781,31.0,32108.079345870734,659.4270684604757,122.46547258199344,4,MacOS,Basic,1,0
2782,54.0,,652.608928787839,72.99195113815438,16,iOS,Basic,1,0
2783,,13056.989182979742,644.9311197388772,73.4498711279652,10,Web,Basic,1,0
2784,28.0,37962.71118082324,628.3997171833813,1.972836727329061,14,Web,Standard,1,0
2785,58.0,25630.5207195325,713.2880027003902,22.948578800256396,13,MacOS,Basic,1,0
2786,20.0,31105.862153352988,794.0951458257085,80.45212327252574,15,MacOS,Standard,0,0
2787,45.0,32997.5596431642,652.1989988920932,207.5579522451308,9,Web,Basic,1,0
2788,46.0,47006.41742389143,656.6725776897505,39.20850982962668,11,iOS,Standard,1,0
2789,26.0,60365.1904697109,680.7698268438947,88.73898572474994,5,iOS,Premium,1,0
2790,,39652.35105745422,599.901249381516,50.76745909901273,17,Windows,Basic,1,0
2791,42.0,29963.11697622183,645.2225832754064,13.285509430151894,13,Web,Basic,1,0
2792,51.0,36859.11137632863,677.1517159868367,381.2661328382375,13,Windows,Basic,1,0
2793,29.0,,635.3035838499542,231.4529869766505,7,Web,Basic,1,0
2794,59.0,13554.420209303295,739.8720688274834,9.809313724145204,14,Windows,Basic,1,0
2795,26.0,69924.24374448776,615.3091317466053,152.66474248779107,13,Android,Standard,1,0
2796,,62446.365636845396,725.0502662101057,51.24799272833025,12,iOS,Premium,1,0
2797,,119730.70753903873,753.42511359427,632.2465321534378,14,iOS,Basic,1,0
2798,42.0,142671.43152624686,699.0862372423413,43.212874150179246,13,Android,Standard,1,0
2799,22.0,17932.821580089236,673.1274721522011,32.73339378811281,9,MacOS,Standard,1,0
2800,28.0,29695.774673153363,692.3140906486249,100.6891634909039,12,Android,Basic,1,0
2801,51.0,163885.57635134534,657.9718233030053,216.30896686557736,17,iOS,Standard,1,0
2802,41.0,35442.59522203499,578.1965900762103,25.66027137997156,15,Web,Standard,1,0
2803,32.0,42046.29455441002,631.0373833497816,148.29804707139635,10,Windows,Standard,1,0
2804,55.0,14578.775672880507,679.4410442261059,7.604746732092249,13,iOS,Basic,1,0
2805,25.0,39742.37107200357,632.9656557514743,301.50009696633043,6,Android,Basic,1,0
2806,22.0,115747.25130661904,659.3438557115344,10.146081498244778,10,Web,Standard,1,0
2807,65.0,78588.09360276957,703.9589579705747,294.73224372319515,12,iOS,Basic,0,0
2808,43.0,25185.135216339262,687.2512086236247,80.9914379215006,11,Android,Standard,1,0
2809,35.0,28629.99375770987,732.9237386059482,71.32467668900928,15,iOS,Basic,1,0
2810,23.0,18424.928279830387,694.7083769000801,434.802827827344,14,Android,Basic,1,0
2811,54.0,21792.085139351537,697.6485374861434,557.3214456950558,10,Android,Basic,1,0
2812,65.0,11543.442926257461,644.385535709686,126.03974224384248,7,iOS,Basic,0,0
2813,30.0,34513.58160300332,613.4446950629302,16.31476540365562,16,Web,Basic,1,0
2814,45.0,89865.23228084594,659.3538927494734,84.66769488310037,14,iOS,Premium,1,0
2815,22.0,44947.89254871869,643.6407558673566,90.38922377601766,17,iOS,Basic,1,0
2816,30.0,82433.18735540853,671.6616184562757,86.69587843699126,10,Web,Basic,1,0
2817,34.0,69144.21262664026,626.6980818557304,101.1346796582858,11,iOS,Standard,1,0
2818,67.0,26158.125459492065,722.124436861757,2.2682689003237173,15,Windows,Basic,1,0
2819,57.0,23024.08228859032,643.4562536743244,149.05384096213444,12,Windows,Basic,1,0
2820,62.0,23559.61428174957,661.8115489313425,149.53978091145893,11,Windows,Standard,1,0
2821,49.0,12961.812725691314,678.9903948513116,14.723831318249937,16,Android,Basic,1,0
2822,46.0,37026.83280290528,736.1588473300842,101.3432481943589,5,MacOS,Basic,1,0
2823,68.0,6357.0604878887,767.9346418477431,100.81993330716486,13,iOS,Standard,0,0
2824,,51784.663116308155,771.3720970556898,137.65455791519733,9,MacOS,Basic,1,0
2825,57.0,37916.00363456702,615.9102189824296,10.711913328181895,13,Windows,Premium,1,0
2826,51.0,48187.933187873954,661.3429761897502,118.18153550926894,15,Web,Basic,1,0
2827,57.0,68474.02599371219,651.8306774773848,39.54587864991352,10,Windows,Standard,0,0
2828,44.0,40916.011842172884,698.5154563862804,84.87026050476008,12,iOS,Standard,1,0
2829,30.0,96658.84948159778,695.4641301606797,178.10779446912792,7,MacOS,Basic,0,0
2830,62.0,52742.00556439412,650.8499075817002,146.75663257724634,14,MacOS,Basic,1,0
2831,50.0,23056.981599455117,646.9031795618312,15.190509241647943,12,Android,Premium,1,0
2832,23.0,31488.364471316567,630.1283130624126,107.33904327270083,11,Web,Standard,1,0
2833,41.0,9350.876712688565,547.2918827145072,417.30410641598854,8,Windows,Basic,1,0
2834,36.0,21135.000480098664,615.0917733233632,20.461782696850157,12,Web,Basic,1,0
2835,33.0,28894.37320744558,723.3387332592306,230.0029002692586,14,iOS,Premium,1,0
2836,57.0,50400.892676332405,753.2352241870623,145.5003218837312,12,Android,Basic,1,0
2837,45.0,23150.77144864991,747.3928793631245,178.46819264520428,11,Windows,Basic,1,0
2838,50.0,17192.72471510025,725.4616971091485,39.747320571225366,17,iOS,Premium,1,0
2839,65.0,11701.59993707167,629.4029026742537,40.74256580094895,8,Web,Basic,1,0
2840,58.0,25390.98551027452,620.9388776195809,283.76009933763737,9,Android,Basic,1,0
2841,30.0,117068.0983241654,589.4488428559005,53.522962464837725,13,Windows,Standard,1,0
2842,60.0,42730.32869324959,650.8401421058139,7.810610685345477,12,Web,Standard,1,0
2843,62.0,63815.26138654024,684.3553109652986,110.13403255235514,15,Windows,Basic,1,0
2844,42.0,21162.107099827084,629.6107864041157,15.998764331322956,17,Android,Premium,1,0
2845,59.0,14128.229173487856,701.5544036818551,191.1074780061478,12,Android,Premium,0,0
2846,53.0,17454.51304734257,712.59288847578,123.18171385317386,8,Web,Basic,1,0
2847,44.0,34259.57389826135,656.2754777625814,249.27071682533523,7,Windows,Basic,1,0
2848,55.0,10976.618448582612,612.9991136038224,184.3632671354935,14,MacOS,Premium,1,0
2849,24.0,19851.71638537193,749.0463281900649,14.26938318518903,12,iOS,Basic,1,0
2850,22.0,25544.66042369071,681.7571112310436,57.571702946901844,12,Android,Basic,1,0
2851,60.0,16439.542115416963,777.0603004132961,178.76428072752273,12,Windows,Standard,1,0
2852,62.0,,684.6189574696034,64.81847780028767,16,Web,Standard,1,0
2853,68.0,43208.48724437555,688.1106458623112,430.6427683316572,9,Web,Standard,0,0
2854,48.0,37328.89112964488,631.7751590005199,159.6988217355238,10,Android,Standard,0,0
2855,40.0,57954.75625657452,658.822833330461,1.874555553798136,11,Android,Basic,1,0
2856,59.0,18652.669479303637,602.0598615291042,254.41731675782717,9,MacOS,Standard,1,0
2857,27.0,57294.14098066748,612.8187818357611,12.750614532898611,11,Web,Basic,0,0
2858,49.0,90906.11200573719,717.0582523663269,18.17184682127382,12,Windows,Basic,0,0
2859,60.0,42502.953190857435,665.8708308441509,159.13341789310525,8,iOS,Basic,1,0
2860,47.0,,658.8670985691439,240.2697161461852,12,iOS,Standard,1,0
2861,56.0,39618.3783649155,642.9787009656437,92.23494230282918,12,MacOS,Basic,1,0
2862,48.0,24473.04450173514,660.7238147778194,40.93833594116669,12,Windows,Standard,1,0
2863,35.0,22146.391835627353,736.6531720803587,51.937065930213684,8,iOS,Standard,1,0
2864,53.0,54718.45042845339,687.2110878436334,50.38833918958797,10,iOS,Basic,0,0
2865,19.0,33408.63933118385,620.9992559952857,47.46381159059626,6,Windows,Basic,1,0
2866,31.0,74836.22903328743,731.5192346944497,33.39272505379729,8,Windows,Basic,0,0
2867,30.0,27848.829241200106,766.2519294899008,112.64494383832663,17,Android,Premium,1,0
2868,46.0,29593.062907080817,704.7352334025112,276.79758180780453,11,iOS,Standard,1,0
2869,29.0,25850.711477390323,724.5645105894414,44.021305087466715,15,iOS,Basic,1,0
2870,56.0,18543.78435693767,741.0391458684466,24.797786667443024,8,MacOS,Premium,0,0
2871,19.0,59198.704617405805,597.1697540757804,218.84773899798853,7,Android,Basic,1,0
2872,49.0,134783.76045061796,773.2135183942836,162.47474924933508,8,Android,Standard,0,0
2873,30.0,28873.042602268382,734.9407035338601,320.55476372940376,15,iOS,Standard,1,0
2874,63.0,24141.85738237524,704.4427350456464,21.71354229315989,13,Web,Basic,1,0
2875,44.0,23220.851133642955,673.7269730423915,18.693424464533514,12,Web,Basic,1,0
2876,66.0,24152.907940331977,613.1378792040578,93.55692076194852,10,Windows,Standard,1,0
2877,58.0,97720.84883603711,663.4299448151868,114.36503990297398,8,Android,Basic,1,0
2878,34.0,23597.868948498046,702.4198508264807,78.51120780982244,16,iOS,Basic,1,0
2879,57.0,25561.431680610556,624.7820810480192,109.64527847391021,17,iOS,Standard,1,0
2880,48.0,17253.7958703912,676.5126366309632,23.869701453290777,10,iOS,Basic,1,0
2881,51.0,43312.18418310202,620.8229314594538,78.38207552134229,13,MacOS,Standard,1,0
2882,41.0,34879.769258628054,660.768791196791,128.7858269487836,14,Web,Basic,0,0
2883,62.0,18355.650486800183,612.3686316871307,68.02540596427065,13,MacOS,Basic,0,0
2884,52.0,21254.03931306094,607.1111956101399,136.5250436754365,11,iOS,Standard,1,0
2885,65.0,91104.27624993704,697.0044705731951,72.00063773916393,10,iOS,Premium,0,0
2886,23.0,37035.22085198772,651.0121220799775,48.7037470969827,18,Android,Standard,1,0
2887,,38600.14211833822,655.710470179576,43.420598221333115,10,Android,Basic,1,0
2888,47.0,38692.16079318922,648.327818261456,63.49953907240118,17,Web,Premium,1,0
2889,24.0,83849.2005506892,816.1558993813215,2.803243641292828,13,Windows,Basic,1,0
2890,27.0,19396.95516755782,710.3683542852893,132.50439655779306,11,iOS,Basic,0,0
2891,58.0,,715.7371769583854,223.8014338965906,11,Android,Premium,1,0
2892,49.0,32814.33941099074,641.2292231846719,52.551237731929696,9,Web,Basic,1,0
2893,51.0,12929.85819824676,705.2375344285665,5.655161044591072,19,MacOS,Standard,1,0
2894,45.0,20958.825258797373,668.6139498460957,519.0829767826376,16,iOS,Premium,1,0
2895,32.0,68050.4687496775,640.8275129549803,36.73383183179859,11,Windows,Basic,1,0
2896,47.0,57304.13692828835,776.4545700609285,16.246298582298053,9,Web,Standard,1,0
2897,54.0,63719.13093121919,708.6395681104813,55.3971230702993,12,Windows,Basic,1,0
2898,46.0,25502.859611362088,706.1169315236093,160.98469774661686,14,iOS,Premium,1,0
2899,39.0,27462.668599281606,631.4133189614139,41.76262965004061,10,Web,Standard,1,0
2900,21.0,12421.2091146734,616.4895378306527,102.59616120808543,10,Android,Basic,0,0
2901,37.0,63523.21606526933,677.1224264880921,64.45213747919799,15,Windows,Basic,1,0
2902,49.0,70121.96494591197,651.3242989739786,15.035481157959808,12,MacOS,Standard,0,0
2903,53.0,69588.359232062,710.6320471293853,48.10872422767169,14,MacOS,Standard,1,0
2904,67.0,95078.17739207852,713.9630440444357,154.86160846034284,8,Windows,Basic,1,0
2905,21.0,46782.53161291081,683.2751634059672,113.61119808935833,17,iOS,Basic,1,0
2906,44.0,92422.81122845232,721.3856586791377,15.309787461013052,17,iOS,Standard,1,0
2907,34.0,32199.790796402904,689.6652199052996,21.397977538954947,11,iOS,Basic,1,0
2908,29.0,12579.122584937239,636.4155192215595,122.8428521338125,8,MacOS,Standard,0,0
2909,39.0,60866.29220812234,670.0862641642839,201.46447202425648,12,MacOS,Basic,0,0
2910,34.0,12303.837989984315,686.786652129355,51.59697299637738,12,Android,Standard,1,0
2911,27.0,40220.06299942564,726.4462530320923,108.55629538733152,12,iOS,Basic,0,0
2912,18.0,64420.95718455387,691.2475422219577,22.452634453313422,15,MacOS,Standard,1,0
2913,39.0,44115.006086322566,651.4274697672874,44.767243752461496,9,MacOS,Premium,0,0
2914,43.0,142478.42195523076,728.3085652973828,2.4574158491797204,8,iOS,Standard,1,0
2915,35.0,11163.921951136745,699.0377922873967,175.46496545035944,11,iOS,Standard,1,0
2916,,34554.17276157652,757.2836862793331,61.50120895344328,10,MacOS,Standard,0,0
2917,31.0,36697.84375884328,684.3638734476108,203.22026638432393,6,Windows,Standard,0,0
2918,64.0,16212.507809009527,628.133564311514,147.8735612283899,15,MacOS,Basic,1,0
2919,46.0,18174.237087012854,738.8489681774244,211.75167811238288,10,Android,Standard,0,0
2920,29.0,21871.131142003633,651.1605018268374,40.3673252482059,12,Web,Standard,1,0
2921,53.0,18773.688554567747,694.7712063500381,24.564070345115695,15,iOS,Basic,0,0
2922,52.0,34036.99192329514,689.2858344684482,428.66255432284987,11,Android,Basic,0,0
2923,69.0,25291.434495670364,682.2814664993932,151.61607728797927,11,Windows,Basic,1,0
2924,29.0,43947.23683363712,671.50900139114,215.52265789351117,16,Web,Basic,1,0
2925,24.0,53618.974148321155,597.3927934055591,1.5864454901751126,7,MacOS,Premium,1,0
2926,46.0,,629.8948037684785,52.52047357640125,8,iOS,Standard,1,0
2927,28.0,28393.747824511625,736.1066161115239,162.9559418525187,15,MacOS,Basic,1,0
2928,50.0,43074.45365233585,701.440035888713,9.742972353859155,20,Android,Basic,1,0
2929,23.0,67580.67508957563,775.4648525313231,100.53634992471085,10,iOS,Basic,0,0
2930,64.0,47445.58473279869,628.1147588982762,67.25922192868116,13,MacOS,Basic,1,0
2931,32.0,110789.42612605257,678.4671947323781,2.1328229522492608,14,iOS,Basic,1,0
2932,49.0,65467.38718534885,738.1596759480689,32.298662784650055,5,Android,Premium,1,0
2933,68.0,101828.39195644819,651.7088244823161,40.221822505944445,14,MacOS,Basic,1,0
2934,28.0,8140.396136596123,655.731647794454,14.23509964172278,10,Web,Basic,0,0
2935,40.0,38484.30106932129,665.3330067680631,119.80976813918582,10,Windows,Basic,1,0
2936,43.0,29900.79953818156,657.7326102501725,33.31163206276745,15,MacOS,Standard,0,0
2937,51.0,33691.88081059033,706.5898699240312,39.02439240867421,17,iOS,Standard,0,0
2938,63.0,22404.662151217763,590.9894915092036,274.2149284723609,17,MacOS,Basic,1,0
2939,51.0,46060.89665210704,762.1362953698983,75.53577895522369,8,iOS,Basic,1,0
2940,,12270.903140139628,632.0168336722278,59.73494247266898,10,Android,Premium,1,0
2941,21.0,46261.34997611891,574.1414156002442,154.4264723892633,15,Windows,Basic,1,0
2942,34.0,22856.09882912495,679.4880301091388,288.43963723414544,9,iOS,Standard,1,0
2943,52.0,26896.954563491985,661.1299517973258,3.042609193751578,8,MacOS,Basic,0,0
2944,30.0,47244.95060645156,671.1010125583693,71.35680232545886,17,Android,Standard,1,0
2945,58.0,38073.227991002284,695.6288287667782,113.23368319515737,12,Web,Basic,0,0
2946,56.0,68346.97248273584,712.2420644777112,46.02619431089346,18,MacOS,Premium,1,0
2947,32.0,20298.411210866227,764.3325676833949,177.6239406948948,7,Windows,Standard,1,0
2948,46.0,,645.4929581225553,426.84563559188655,6,Android,Basic,0,0
2949,46.0,61899.28267811113,718.714552908218,344.6675896023936,11,MacOS,Basic,1,0
2950,28.0,45103.712819098095,715.4468225534358,37.106695480782356,11,iOS,Basic,1,0
2951,69.0,46880.47479492397,547.9607182212297,30.794466380687176,13,iOS,Premium,1,0
2952,49.0,70602.84464063871,638.3402798732063,378.9634114040649,12,iOS,Basic,0,0
2953,,28459.99029612183,615.6509717859619,73.63794255261267,13,MacOS,Basic,0,0
2954,64.0,25081.893084256015,702.3946429278961,28.028384499171757,8,Windows,Basic,0,0
2955,31.0,51304.95740984359,696.8912957965995,147.30867683791803,16,iOS,Standard,0,0
2956,37.0,33201.19367728536,697.8963849992441,40.15947947495784,17,MacOS,Basic,1,0
2957,39.0,,664.7203866242792,37.31358854553128,11,MacOS,Standard,1,0
2958,28.0,45336.33387455544,669.7621720459923,253.6830073991037,13,Windows,Premium,1,0
2959,44.0,24983.96734250873,678.5709624194463,21.27709489229268,10,Android,Standard,1,0
2960,20.0,44490.4757023739,659.9443364368535,7.987164630245456,9,Android,Basic,0,0
2961,34.0,21128.543999961712,718.8591136052412,37.63162798525721,12,MacOS,Basic,1,0
2962,61.0,64097.27184061906,626.5168186993767,112.05681337534473,17,Android,Basic,1,0
2963,,15704.594880590019,640.9093068320589,15.761815985520801,10,Web,Basic,0,0
2964,46.0,75602.08676646622,686.0659616128279,76.54699483660575,18,Windows,Basic,1,0
2965,,44025.571155277445,661.603539092752,118.44972591552119,15,MacOS,Standard,1,0
2966,64.0,32901.16736116921,624.5609210294745,226.64822236619364,19,Android,Standard,1,0
2967,33.0,57411.5332922312,706.5962660684427,31.343449967946036,16,Android,Basic,0,0
2968,54.0,49355.08043121546,651.3856313702848,204.0196075968409,10,Windows,Standard,1,0
2969,37.0,80678.6300109089,637.7639514616046,32.130830183204026,15,iOS,Basic,1,0
2970,23.0,80228.73672957667,671.281014629805,135.52565211614063,11,Android,Premium,1,0
2971,36.0,44863.250602736574,635.3375251240801,67.59615855262308,15,Windows,Basic,0,0
2972,22.0,21524.295237385864,678.2909335584756,14.616902486348653,10,iOS,Basic,1,0
2973,20.0,26241.42635789746,662.0150582013335,150.32221096852055,16,MacOS,Basic,1,0
2974,18.0,34787.446520482095,654.370994812662,29.471643318983315,14,iOS,Standard,1,0
2975,55.0,69496.59354683415,654.6833218734387,23.320994449059153,15,Android,Basic,1,0
2976,32.0,27616.484093788255,729.7807582012622,53.240412704934,9,MacOS,Basic,1,0
2977,51.0,29034.37313925203,698.4608705638839,127.11207471307857,11,MacOS,Basic,1,0
2978,52.0,110085.25362657486,594.5401736908323,31.988221484764242,15,iOS,Basic,1,0
2979,66.0,34112.55895179876,724.1493102730896,24.351147493355796,14,MacOS,Premium,1,0
2980,42.0,24813.93987171163,705.8278522399918,1.2004193084176435,5,iOS,Basic,1,0
2981,41.0,57871.92261619493,702.8757450922518,76.55799254039808,16,iOS,Standard,1,0
2982,29.0,35112.74434212775,724.3955443125876,67.16946511857263,13,iOS,Standard,1,0
2983,35.0,15775.927826502368,680.7515018455398,31.968055885014312,9,Windows,Basic,1,0
2984,32.0,67815.66196494999,711.0041840805978,6.617410342856058,18,Android,Premium,1,0
2985,61.0,23196.957517799234,656.7764030071827,67.29771436686919,8,MacOS,Basic,0,0
2986,33.0,37277.72935308464,722.3790159104589,186.2564373240128,13,Web,Basic,0,0
2987,44.0,34860.73948094675,690.9056777520278,150.75078282042685,6,Android,Basic,0,0
2988,25.0,41691.839954004194,611.1519172782054,236.61681851772036,7,Web,Standard,1,0
2989,63.0,9753.247217195194,731.8192483965272,1.155467653058014,11,iOS,Premium,0,0
2990,42.0,29701.128262941198,673.5547675614807,407.2565138679516,17,MacOS,Standard,0,0
2991,34.0,,666.5938645491076,50.11890159157324,17,Android,Premium,1,0
2992,46.0,77595.70152631821,657.8666269678381,557.4915159723238,6,Web,Premium,0,0
2993,25.0,,661.5318190535878,34.941696000349886,16,Web,Basic,1,0
2994,32.0,63092.61123950132,691.4817657536913,76.53375920526625,6,Web,Basic,0,0
2995,44.0,22997.53113848286,630.6210002417349,52.42125908403965,11,Android,Basic,1,0
2996,63.0,29006.65729058424,601.5693662758777,52.76220735857568,7,Windows,Standard,1,0
2997,67.0,29935.770439974436,626.7767230450189,221.63367322313644,14,iOS,Basic,0,0
2998,69.0,,699.0858925420017,164.64860912578493,13,MacOS,Standard,1,0
2999,24.0,66225.43441320278,671.9030926718369,581.6909514908237,12,Web,Premium,1,0
3000,20.0,42563.43037217666,735.6596562288489,114.07936807152997,12,Android,Standard,1,0
3001,46.0,33668.600422764044,676.7543633627489,74.66821760561801,11,Web,Standard,1,0
3002,61.0,64885.9725459475,722.1256554118098,11.327022100686527,8,Android,Standard,1,0
3003,41.0,22435.575407912584,645.3592695974954,680.7235850564387,9,Windows,Standard,1,0
3004,20.0,34671.36932701716,658.242889529889,96.22979343172672,10,Web,Standard,1,0
3005,37.0,,680.4762078966804,144.66787654149437,14,Web,Standard,1,0
3006,63.0,49890.39244722241,672.6511508976431,62.65518616438278,9,MacOS,Basic,1,0
3007,32.0,27452.639899976108,667.9817484183646,95.21331991917141,17,Android,Basic,0,0
3008,42.0,14650.444276697706,636.3942723745902,342.8787725725568,24,Android,Standard,1,0
3009,47.0,43761.72756429321,600.7218977067025,21.842991157326,11,Windows,Basic,1,0
3010,31.0,14084.002796846955,711.5508285994247,41.50050874320975,19,Web,Standard,1,0
3011,24.0,,705.9630177178856,19.793409524557603,17,MacOS,Basic,1,0
3012,34.0,73671.33342913231,649.3065388463141,188.55068849236162,7,iOS,Standard,1,0
3013,61.0,51950.94504422736,698.9441893901418,7.68642998267265,7,MacOS,Standard,1,0
3014,37.0,10783.879004636743,671.6776995265031,10.218805914816626,15,MacOS,Premium,1,0
3015,53.0,40956.70870504844,735.3085875896165,42.54311845855453,20,MacOS,Basic,0,0
3016,,29986.364817400477,614.3870203337316,86.63207203265594,14,MacOS,Basic,1,0
3017,55.0,16911.845280509806,673.6636829218623,62.56064326429973,19,Web,Standard,0,0
3018,65.0,44400.80049752208,669.6726632775528,5.502193457997964,9,MacOS,Standard,0,0
3019,39.0,27036.88410531705,688.0557979428089,378.96631013366334,16,Android,Standard,1,0
3020,19.0,27137.710659182587,756.85689054409,366.58024333203247,10,Android,Premium,1,0
3021,41.0,39121.48451117886,673.8141414930757,39.313256501887004,7,MacOS,Basic,1,0
3022,25.0,,717.15660899291,157.79997251483533,10,Android,Basic,1,0
3023,28.0,38462.59541364363,672.6091867462114,103.69373153857157,18,Web,Basic,1,0
3024,30.0,25438.144188350132,733.5456471687294,32.53466484487047,15,iOS,Premium,1,0
3025,34.0,26289.45332886177,717.6424165600135,36.48527236055265,5,MacOS,Basic,1,0
3026,25.0,65891.04750576658,663.3342502745998,81.07298874819988,11,Android,Basic,1,0
3027,38.0,70038.682940187,659.7349469598329,65.20949064010526,10,Android,Basic,1,0
3028,35.0,13027.365360585092,704.3480319714839,41.30679094185301,10,Web,Standard,0,0
3029,47.0,56854.10512350561,647.2296980197697,197.7263241138073,11,Web,Standard,1,0
3030,35.0,84048.94635066896,689.5316297815606,78.80924823967283,6,iOS,Basic,1,0
3031,63.0,92450.26381818106,662.2101711035061,127.65246720309656,5,Windows,Basic,1,0
3032,64.0,49623.899207710114,698.4051324078406,25.178942391493436,15,Windows,Basic,1,0
3033,48.0,19255.678540915607,671.949121216879,91.50164212489092,11,Windows,Standard,1,0
3034,55.0,52996.88961000855,645.3709411304767,45.92286043702119,9,iOS,Basic,1,0
3035,49.0,21556.843024588907,735.2653453701806,89.69051207881814,12,MacOS,Basic,1,0
3036,28.0,29561.28663420909,691.9778118621691,182.14663008066591,13,Windows,Standard,1,0
3037,62.0,45699.804283067104,677.320731234057,175.79543101589897,5,Windows,Premium,1,0
3038,42.0,22407.351859963834,700.9994372610403,52.47569285095867,9,Android,Basic,1,0
3039,50.0,18254.37061276205,596.4406333551683,142.2091438457815,17,Android,Basic,1,0
3040,55.0,48024.375845113704,784.509241238303,340.21732367740765,6,MacOS,Basic,1,0
3041,58.0,111338.9601838822,681.2343881942829,117.9138873128866,7,Web,Basic,1,0
3042,25.0,76568.46587267038,581.8413545059337,19.27802802227426,11,iOS,Standard,1,0
3043,28.0,55509.62516143374,739.8547263129478,136.62289967636477,8,Windows,Basic,1,0
3044,39.0,65349.90473947057,642.4305748658562,13.298968262240532,12,iOS,Standard,0,0
3045,68.0,53243.53662705773,732.1856676638065,246.79055471813814,10,Android,Standard,1,0
3046,41.0,47569.16982603652,686.0783743856324,87.24431580129571,12,iOS,Basic,1,0
3047,58.0,62265.99342133909,601.4792587580507,58.36342522732843,10,Android,Standard,1,0
3048,34.0,15978.225127221602,693.0630854302592,7.043518756677376,10,iOS,Basic,1,0
3049,29.0,40932.97204253771,689.3854724063963,57.516082635363986,8,Android,Standard,1,0
3050,63.0,34593.845733584036,737.5885734693437,280.22126045997055,14,iOS,Premium,1,0
3051,49.0,38076.085949643595,706.1081935194209,2.544752178154206,15,Windows,Standard,0,0
3052,32.0,27533.99414982513,618.0294176472454,77.24244782450748,8,Windows,Premium,1,0
3053,33.0,49627.118480641715,730.1134636309257,321.1131094391799,15,MacOS,Standard,1,0
3054,39.0,22231.004534800868,659.2967783599838,60.2716854208949,13,iOS,Basic,0,0
3055,45.0,26362.21574992588,766.0132654427467,67.07081768329874,9,Web,Premium,1,0
3056,37.0,24530.4885089279,662.2610056324821,103.68935896855679,9,MacOS,Basic,1,0
3057,50.0,60984.071271665045,669.4354321103372,74.59685928392086,12,iOS,Premium,1,0
3058,27.0,36060.95204406491,638.9039833713124,22.157554364410334,14,Web,Premium,1,0
3059,57.0,27542.914542745562,655.0700982162913,2.2475823331013394,16,Windows,Standard,1,0
3060,49.0,29025.852663236434,641.8529658333943,112.9350873805234,9,Windows,Basic,1,0
3061,67.0,36400.157116695314,738.8224412683136,304.3034583493286,12,Windows,Premium,1,0
3062,50.0,96115.4114821667,613.4245850222774,13.494827330107183,11,Web,Standard,1,0
3063,19.0,17293.531315978038,720.2289817868821,28.43148420362817,11,Android,Standard,1,0
3064,50.0,54464.58748862616,721.4330060758866,55.4879747004915,16,iOS,Standard,1,0
3065,50.0,48200.1495542238,748.8773761473287,198.49598094379962,14,MacOS,Basic,1,0
3066,58.0,21380.204743405295,682.1880764219968,37.643759128563396,11,MacOS,Basic,1,0
3067,30.0,87563.88971664314,628.6653120962858,256.50381768529024,10,Windows,Standard,1,0
3068,47.0,50189.85885986691,671.4120976320019,6.783093047045571,10,Android,Basic,0,0
3069,50.0,26778.64493460305,709.7349264990406,339.53794467939707,14,iOS,Standard,1,0
3070,30.0,11900.694091699592,684.2364969250069,98.72158792818244,11,iOS,Basic,1,0
3071,69.0,41667.97389896998,698.3363876092907,129.02652538727625,14,MacOS,Standard,1,0
3072,43.0,35353.49903915757,748.2643067945683,55.00496923863468,7,MacOS,Basic,1,0
3073,39.0,19566.46168914538,709.1001677214308,182.78808039415108,14,MacOS,Basic,1,0
3074,56.0,19415.584628483637,689.9220764265427,21.864127698572585,13,iOS,Standard,1,0
3075,19.0,61151.27065861446,587.7819168889657,6.017820340349272,16,MacOS,Standard,0,0
3076,55.0,11232.684379216387,640.8074707672641,60.40579651445191,17,iOS,Basic,0,0
3077,56.0,,659.7662440902906,230.64800103460675,16,Windows,Standard,0,0
3078,43.0,32452.664016853094,581.1443410272773,168.74381844584119,13,Android,Standard,1,0
3079,63.0,48937.188967887276,624.5365706766416,87.36739172958417,15,MacOS,Standard,0,0
3080,67.0,30437.083443106767,666.5773719401618,101.87447692476813,11,iOS,Basic,1,0
3081,32.0,43302.470992173956,674.7140987649451,16.69666641098354,14,Windows,Basic,1,0
3082,51.0,23256.387239904707,705.2905132821829,220.42199877805257,11,Web,Basic,1,0
3083,59.0,35259.03368981486,669.7353702974303,185.5528619191239,14,Windows,Basic,1,0
3084,61.0,48700.78007407004,692.4020321447903,128.21783777714117,9,Android,Premium,1,0
3085,66.0,39756.28110284393,659.1105275460467,75.32606999551517,11,Windows,Premium,0,0
3086,57.0,45623.76880573582,682.1006614776737,400.4491041385596,16,MacOS,Standard,1,0
3087,28.0,20811.213277956384,702.5486405375854,253.46747984213434,14,MacOS,Basic,1,0
3088,20.0,25478.628020041262,753.6315125331529,124.08414375721846,9,Web,Basic,1,0
3089,23.0,25745.009885829382,654.2678595949393,55.78779361138162,12,iOS,Standard,1,0
3090,26.0,,687.2090995754464,115.48715918785177,16,Windows,Standard,0,0
3091,23.0,82055.38472864946,723.4563768609097,102.80449473556652,6,Web,Premium,1,0
3092,26.0,29363.061349167132,608.0203196084891,60.15296310261921,7,MacOS,Basic,0,0
3093,56.0,18285.51186935824,779.8913062513566,43.95059173187512,11,iOS,Basic,1,0
3094,48.0,50261.13596989524,738.9515376295974,62.709489544610946,11,iOS,Premium,1,0
3095,49.0,81469.66805572364,594.425575731753,102.37295847325991,11,Android,Premium,1,0
3096,58.0,17039.217686089196,698.569092080172,67.06224694750608,17,MacOS,Premium,1,0
3097,67.0,,651.7773283067942,36.71366235380064,13,iOS,Basic,1,0
3098,29.0,46588.358038136335,660.1325984040944,171.73659079865539,15,Android,Standard,0,0
3099,25.0,67530.48965317123,697.5250748411053,90.97797609007655,10,Android,Basic,1,0
3100,25.0,87574.31104670836,732.519976793722,8.408878525197249,14,MacOS,Basic,1,0
3101,67.0,65092.88869699741,656.7063528913358,55.124017238260905,13,iOS,Standard,1,0
3102,45.0,33985.13974710527,657.3775897108196,259.4485065188362,6,iOS,Premium,1,0
3103,37.0,75404.24759155526,698.6083381183054,168.895556188519,12,Windows,Basic,1,0
3104,64.0,42309.20111894117,708.597816098625,46.85383179505891,16,iOS,Standard,0,0
3105,24.0,,629.643431409796,334.0295197240481,9,Android,Standard,0,0
3106,28.0,74602.20103658084,766.1836450845977,9.563510223988349,14,Web,Standard,1,0
3107,37.0,18872.517570353968,647.8342836420089,390.0275835366409,10,MacOS,Basic,1,0
3108,33.0,58488.221974842236,728.233711984321,33.8366236101138,10,Web,Basic,0,0
3109,21.0,32560.814947128838,702.5852324945339,1.0962941749615824,16,iOS,Premium,1,0
3110,23.0,39454.93375965875,710.3161961004143,68.2586520222277,11,Android,Standard,1,0
3111,39.0,39193.08665195721,648.8024291879366,53.361562991035875,10,Web,Standard,1,0
3112,43.0,38260.83742686476,593.807489059498,92.94603893865205,11,MacOS,Basic,0,0
3113,20.0,90591.45639761272,678.9299251045401,191.21172144100913,13,Windows,Basic,1,0
3114,58.0,15996.599123753755,679.1359931969351,221.7468678932753,9,Web,Basic,1,0
3115,59.0,12920.803759356735,632.0989046157356,61.54532726923342,11,Windows,Basic,1,0
3116,31.0,11384.703749109016,725.8971595781055,67.4217995627188,5,iOS,Basic,1,0
3117,28.0,68974.11431675272,677.423528090678,19.245285310402203,9,iOS,Basic,0,0
3118,35.0,22832.437583189916,639.5463669028774,5.845818756937639,16,MacOS,Standard,1,0
3119,29.0,39313.053062602776,709.2535672192041,123.00383141696054,18,Windows,Standard,1,0
3120,40.0,33899.980750117975,710.5810000556355,7.9928952608292505,9,Windows,Standard,0,0
3121,,21336.508864422933,644.182603043205,158.8344630309925,8,MacOS,Premium,1,0
3122,30.0,60529.51295625394,741.6695966204691,92.94633569447934,13,Web,Standard,0,0
3123,,33641.719215547404,792.1621981615177,26.564860915001585,8,MacOS,Basic,1,0
3124,62.0,31487.910382917613,625.4984752263177,93.05906970886947,10,iOS,Basic,1,0
3125,68.0,41761.19276981339,670.8153016811704,24.253606712324114,12,Windows,Basic,1,0
3126,36.0,55963.96334637645,696.8504900449495,69.30792567971118,11,Android,Standard,1,0
3127,63.0,20427.02900080966,794.0130115149464,192.8690287958369,9,Android,Basic,1,0
3128,53.0,61313.235269564924,643.311135859631,74.36960613878146,16,iOS,Basic,1,0
3129,62.0,86674.2495113614,633.0207755702626,19.318786237713773,10,Windows,Basic,0,0
3130,,15433.975795274147,632.6790426357625,154.40806653575228,8,Windows,Premium,1,0
3131,46.0,42915.11558417137,741.0711796695977,24.8087230992271,11,MacOS,Standard,1,0
3132,49.0,30243.805710368804,644.6084360883033,160.98140854032061,6,Web,Basic,1,0
3133,68.0,,637.4932898641191,78.32179738295838,15,MacOS,Basic,1,0
3134,61.0,17500.8454904387,691.5483664347577,72.5596135631896,10,Android,Basic,0,0
3135,35.0,,695.411065579199,228.80795530679114,10,Windows,Basic,1,0
3136,23.0,13839.237256695977,733.5510236056418,147.96845757668788,16,Web,Basic,0,0
3137,35.0,31364.483598446655,684.5963018503613,4.0157448696723295,15,MacOS,Basic,1,0
3138,,47125.88222816837,692.4466052980133,42.14694713420384,9,Web,Standard,1,0
3139,39.0,24057.39931015588,674.736469221035,245.67936378046915,12,Android,Basic,1,0
3140,54.0,21893.806573084792,614.7846538236793,2.21954075945656,12,Web,Premium,1,0
3141,49.0,41495.54628302041,670.019766381816,94.56180479744297,11,Windows,Basic,1,0
3142,58.0,38049.984350221464,683.1416786459671,156.15749950012898,11,Web,Premium,0,0
3143,20.0,36445.12201196979,657.8088260154334,116.69765155069315,17,Web,Standard,1,0
3144,45.0,60791.977296001096,601.7773006688016,171.5203592066409,14,MacOS,Premium,1,0
3145,27.0,28661.68189154735,623.250476611944,155.22037986353675,13,Web,Standard,0,0
3146,68.0,43991.670575471406,678.0309351052426,141.33061926755275,7,Web,Standard,1,0
3147,52.0,26796.8149700296,726.637654795263,206.8068015849363,15,Android,Standard,1,0
3148,46.0,21816.073824965642,764.1142048061608,124.51019153590116,15,Web,Basic,1,0
3149,32.0,30611.922091829852,670.8084709839939,61.78375118331108,9,MacOS,Basic,1,0
3150,50.0,26923.125699114687,644.1562864643763,76.61842437324457,13,MacOS,Basic,0,0
3151,24.0,27742.41419057201,661.3745250733098,151.36036254614524,11,Windows,Basic,1,0
3152,29.0,73071.70152023382,627.6792381903144,250.7933694055854,23,Android,Basic,1,0
3153,66.0,31180.180375789667,719.3872770655715,38.13057918767077,12,iOS,Basic,0,0
3154,47.0,24397.98916542148,786.8805814689612,50.240047880440486,7,Windows,Standard,1,0
3155,38.0,36932.50233535398,645.3732557822499,320.3854829419364,13,Web,Premium,1,0
3156,48.0,38659.07258535524,620.3979227919034,103.67561750138468,12,Android,Standard,1,0
3157,,17816.33945693988,730.3241664995143,23.662279543010584,6,Windows,Basic,1,0
3158,37.0,30362.277247406622,695.902577408948,130.76846468683408,8,MacOS,Basic,1,0
3159,54.0,29637.312548360136,696.7464512947744,562.1336044831214,19,Android,Basic,0,0
3160,21.0,32751.807676688877,759.4086964085477,208.1005615670212,7,Android,Standard,0,0
3161,45.0,56123.8998922102,611.6756839682316,164.32828602076145,13,Web,Premium,1,0
3162,61.0,39418.996458060086,610.2791717370548,27.990335496557517,10,Android,Basic,1,0
3163,37.0,75868.9211437877,671.9142841909697,250.63219741100968,13,Android,Standard,1,0
3164,41.0,36062.31836144363,683.1701755430246,89.53230944516596,10,iOS,Standard,1,0
3165,67.0,105414.17231354726,662.2525866629671,264.1009570173718,9,Web,Basic,0,0
3166,,27543.86191518564,803.037646435419,48.0264754321052,11,Android,Premium,1,0
3167,68.0,22885.586280318403,664.4878970907037,7.687171028854523,13,Android,Basic,1,0
3168,49.0,50432.02176890856,652.4637358863893,77.54612812515977,17,iOS,Premium,1,0
3169,58.0,82326.56873712204,686.2171792440565,37.73859725117717,9,iOS,Standard,1,0
3170,53.0,15878.448321084426,728.5443456006676,150.72851376584478,18,MacOS,Basic,0,0
3171,51.0,32267.170884861443,643.7286128408302,377.8843454330489,14,Web,Basic,1,0
3172,53.0,25173.089676714157,672.6506674917509,140.91964228223318,9,iOS,Basic,1,0
3173,19.0,39565.41305094213,729.9642320117255,261.5739525956577,11,Android,Basic,1,0
3174,32.0,36534.44357159571,732.7403216547311,72.40204536893576,14,iOS,Premium,0,0
3175,51.0,81407.99359456585,690.8814050061425,177.22022113282003,11,Windows,Standard,0,0
3176,53.0,34028.61693933567,800.919561012725,222.21434143342427,13,MacOS,Standard,1,0
3177,23.0,82856.91300469192,779.032552334781,148.90779948760635,14,MacOS,Standard,1,0
3178,56.0,30059.67340233385,609.6941909470131,85.05887931887236,19,Web,Basic,1,0
3179,59.0,63315.73307661059,595.4019390156212,117.97698599423222,14,MacOS,Basic,0,0
3180,68.0,41655.88011584142,719.7857223932679,144.67970634705586,12,Web,Basic,1,0
3181,68.0,102532.10409569381,748.268282232058,35.0163707784049,6,Windows,Basic,1,0
3182,29.0,,668.7620507570797,199.02230865489582,9,Android,Basic,1,0
3183,20.0,18064.164075238146,654.8902104138085,360.2693051527698,13,Windows,Standard,0,0
3184,62.0,108985.85376267166,638.9854703047154,75.11231403072628,13,Web,Basic,1,0
3185,35.0,23389.464008619165,621.5994038078147,144.9043708216568,14,Web,Premium,1,0
3186,57.0,24297.238603479265,736.8171397955924,160.28397033119188,15,Web,Basic,1,0
3187,38.0,21473.3057290162,660.9352519597712,130.25304491326258,10,Android,Basic,1,0
3188,32.0,72335.30300157265,695.090037850549,95.05407456711283,14,Web,Standard,1,0
3189,50.0,17118.678085198782,588.7097129053506,256.0909992386885,17,Windows,Standard,0,0
3190,52.0,36807.99100159689,730.1135517837805,71.50649575725119,11,Android,Premium,1,0
3191,43.0,30965.436410145674,709.3889113944824,7.56593407271652,12,Windows,Standard,1,0
3192,25.0,67636.92563504726,612.7655399875024,223.3766589444993,15,Android,Basic,1,0
3193,53.0,25894.617371652468,692.9514410741857,134.49605428604306,6,Web,Premium,1,0
3194,65.0,46591.040956024095,680.2371679763794,227.06276026685322,18,Android,Premium,1,0
3195,47.0,17984.585267874696,657.4922540078636,17.896235293476863,10,iOS,Premium,1,0
3196,40.0,142111.12816182495,534.8536339049227,3.7482883481684675,11,Windows,Premium,1,0
3197,59.0,31452.841418189742,646.9835369124313,326.8549865279589,11,iOS,Basic,1,0
3198,61.0,36506.95578735956,695.1215572888061,19.181989576876546,11,iOS,Premium,0,0
3199,31.0,98012.72687676964,652.5717524721438,199.06836572581952,15,Web,Premium,0,0
3200,31.0,25539.87755720048,668.9152481620521,207.9350837295789,14,Web,Standard,1,0
3201,19.0,98758.16923411746,754.8378392995237,148.01033616881762,11,iOS,Standard,0,0
3202,54.0,28370.844522625113,676.1245994426857,16.88567257633928,17,Android,Standard,1,0
3203,22.0,54340.164504405766,575.1600259586014,132.0972692179643,11,Web,Basic,1,0
3204,55.0,25755.179098439155,670.7574819674735,263.88064944278864,14,Windows,Standard,1,0
3205,62.0,16096.837979792837,684.9697044780714,66.51723186532975,10,iOS,Premium,1,0
3206,58.0,46572.08518806497,638.7322671519047,64.03336182239293,11,Windows,Basic,1,0
3207,64.0,53313.34961375359,716.7374297870504,70.19228280465735,8,Windows,Standard,1,0
3208,31.0,,606.8885513739476,10.302493132556931,7,Windows,Standard,1,0
3209,56.0,30205.068145031626,673.1129450471211,267.10329961982643,10,iOS,Basic,1,0
3210,42.0,74641.7571508474,606.31205493283,244.07458070600345,14,MacOS,Standard,1,0
3211,37.0,52055.79330181494,665.2156141271232,740.4320116067399,9,Web,Standard,1,0
3212,19.0,28648.919250323303,715.406493024764,105.59017931646245,11,Windows,Basic,1,0
3213,56.0,25374.10840604838,671.9160036392752,166.92867637596117,7,iOS,Premium,1,0
3214,23.0,116885.09007777885,668.9973246314153,27.178682886835944,8,MacOS,Premium,1,0
3215,34.0,,681.3885039267658,132.14425127919512,13,iOS,Basic,0,0
3216,42.0,35048.24624324498,683.8883734486265,125.8870951669418,13,Web,Standard,1,0
3217,45.0,15080.863116762712,714.6875960353385,277.7695317104476,12,iOS,Basic,1,0
3218,19.0,79928.58175756272,714.9907861552508,213.1956988211465,13,Android,Standard,1,0
3219,52.0,36160.6153822232,751.0847941642425,334.5807515419165,9,Android,Basic,0,0
3220,54.0,,688.3808492764689,243.75450747857903,6,Windows,Basic,1,0
3221,22.0,191249.73876946696,596.9637752444992,243.62688016935147,14,iOS,Basic,0,0
3222,18.0,25435.888645781903,722.8974299812172,7.901310604616222,8,iOS,Basic,1,0
3223,57.0,103688.40224094727,747.4912229602296,224.46667760004428,12,Windows,Basic,1,0
3224,29.0,28726.08435009653,803.0847508592412,112.21964369072555,17,Windows,Standard,0,0
3225,53.0,31567.788406297746,752.5852940388412,57.45034988344391,16,MacOS,Basic,0,0
3226,62.0,176823.11365301552,655.4850794869709,6.980929732798874,14,iOS,Basic,1,0
3227,40.0,32969.750667863715,689.3592013744292,135.8629349353115,12,Web,Basic,1,0
3228,64.0,,666.4686626729871,47.735664905946095,17,Web,Basic,1,0
3229,48.0,43008.423587575424,659.673653744842,75.68295882134848,8,Web,Basic,0,0
3230,28.0,32740.165467548894,674.3257304581686,137.38203469241395,8,Windows,Basic,1,0
3231,27.0,45263.55693545772,744.2871551066532,291.34317301303173,14,Windows,Standard,0,0
3232,20.0,33518.11520352543,600.5414357744335,209.45629050154955,12,Windows,Standard,1,0
3233,31.0,137218.08078286948,629.8727183805239,71.87079357869054,13,Web,Standard,1,0
3234,33.0,50718.27119720381,740.9746511283315,58.88024895930007,7,MacOS,Standard,1,0
3235,27.0,19053.788332152897,752.6834087036975,32.89764844562647,11,Android,Premium,1,0
3236,46.0,39133.26224794399,647.0252145841191,55.90738603140932,13,iOS,Standard,0,0
3237,27.0,22476.421502396806,762.5374172152608,14.125226881272152,14,Android,Basic,1,0
3238,29.0,31299.94735250476,728.7941041653876,425.2925163464352,11,iOS,Premium,1,0
3239,47.0,21030.637323032268,666.6119431977204,102.37465895594283,15,Windows,Basic,1,0
3240,58.0,128575.44272055195,558.2367214004367,16.409186701522298,4,Web,Premium,1,0
3241,18.0,23984.64782979678,596.5992428166147,52.21310379629367,7,Android,Basic,1,0
3242,22.0,54859.9367302666,647.0911656195178,95.03394803895165,11,Windows,Basic,0,0
3243,37.0,29908.929099100187,717.9968490979913,91.34173942485359,7,iOS,Premium,1,0
3244,25.0,18123.271260741494,718.1550012273957,4.337872722274102,9,Android,Basic,1,0
3245,60.0,40887.90519276037,656.6775404046565,361.5235239031902,11,Android,Basic,1,0
3246,29.0,46185.21952820512,668.4362867318712,38.652232772947656,10,Android,Basic,1,0
3247,18.0,50775.83948037901,678.3759325029057,1.9580485465401545,14,Android,Standard,0,0
3248,37.0,7530.1369454509395,669.0630993524591,9.542862239827777,19,Android,Basic,0,0
3249,45.0,17310.916132248014,688.1816881834396,104.15576769168682,12,Windows,Standard,0,0
3250,60.0,64507.2456035244,678.4979421625919,17.790146801499645,15,iOS,Standard,1,0
3251,54.0,20865.15501519613,596.2886425454016,5.114432360476773,12,iOS,Basic,1,0
3252,64.0,41018.0064173646,669.6219216890365,57.29202105953155,19,MacOS,Standard,1,0
3253,54.0,17071.83285434966,678.8701083477549,116.98522200064868,9,Web,Premium,0,0
3254,29.0,56328.76804292903,729.4899672963755,14.232378276833112,12,Android,Premium,0,0
3255,54.0,63497.877402978236,638.4346934179857,45.107795336230595,14,iOS,Basic,1,0
3256,66.0,56339.205739662604,690.1952675672452,64.90484383648005,12,Web,Standard,1,0
3257,66.0,67476.46081757668,708.1419998160802,20.845302346091472,13,Web,Standard,1,0
3258,61.0,92812.82289158899,672.5826410596089,84.64432380265131,14,Windows,Premium,1,0
3259,45.0,17953.772178076084,592.2601057314378,10.687825900681569,15,Android,Basic,1,0
3260,64.0,22624.68489796066,730.5034510296806,5.71623029988628,15,MacOS,Basic,1,0
3261,32.0,62225.87208615612,717.3570616013302,88.0351498551207,6,Web,Basic,1,0
3262,23.0,71548.57460353355,691.4386690012341,34.18583521150656,12,Windows,Basic,0,0
3263,61.0,24231.148869577275,682.0165200444571,12.028016161310536,9,Android,Basic,1,0
3264,37.0,23240.886619165856,590.9287550224185,66.17950463595952,11,iOS,Standard,1,0
3265,67.0,24555.02768745647,718.7328317945038,296.01133845647564,11,MacOS,Basic,1,0
3266,31.0,13862.505405197882,754.3198021664188,154.56623123486176,11,Android,Standard,1,0
3267,19.0,,624.3127239789063,202.88811364893894,17,Windows,Basic,0,0
3268,26.0,17182.117006105465,747.2509328135791,246.60639334863575,6,Windows,Basic,1,0
3269,54.0,30440.85548989716,736.5728898172678,431.7870285833987,11,Windows,Basic,1,0
3270,37.0,42723.39363499455,622.840233832498,172.8883288809223,14,Windows,Standard,1,0
3271,43.0,47102.61030633068,660.2928200323552,112.50415178426537,14,Windows,Standard,0,0
3272,46.0,26765.329350894666,610.2281178445165,54.5761419282766,13,MacOS,Standard,1,0
3273,18.0,27162.910310773095,676.7430832135556,24.054827560056,17,Web,Basic,1,0
3274,52.0,39112.48080021112,702.4158781215078,139.25592166133498,11,Web,Basic,1,0
3275,23.0,14800.130328754261,613.9765934489865,634.6037145081983,12,iOS,Standard,1,0
3276,54.0,64580.276076059454,699.2901387562349,75.58884427302358,7,Web,Basic,1,0
3277,22.0,78529.62078265866,711.9562881739247,154.34320532628132,14,Windows,Basic,1,0
3278,,24950.561785702026,712.6739328109367,82.0055922911261,10,Web,Basic,1,0
3279,66.0,28593.603112362056,702.7251286042814,67.86199856898907,14,Web,Standard,0,0
3280,68.0,76572.04450754577,618.5754661809547,63.37810384435984,13,Windows,Standard,0,0
3281,31.0,33730.8809497318,673.9262990724977,84.29275048975315,9,MacOS,Basic,1,0
3282,29.0,51686.26033178361,697.6176055157027,54.85440470937406,8,Windows,Basic,0,0
3283,59.0,34358.9138158379,753.0512811169549,165.76795765062755,11,Web,Basic,1,0
3284,37.0,92390.96145445807,680.123291474376,248.8361576527758,20,Web,Basic,0,0
3285,67.0,,701.2770647137891,257.35218471193605,12,iOS,Standard,1,0
3286,41.0,50442.70734243997,633.3986593177399,31.005664501058295,13,Windows,Premium,1,0
3287,60.0,51010.35463923816,622.2552981917064,271.4989314265731,9,iOS,Basic,1,0
3288,51.0,26028.093638201844,615.8464005134806,50.14422740021136,6,iOS,Standard,0,0
3289,42.0,27503.169122867093,658.9865862944572,44.4072961306553,14,Android,Standard,1,0
3290,67.0,57615.52742670973,783.102557650343,155.6868384171346,12,iOS,Basic,1,0
3291,46.0,39177.101028667355,659.8961870280075,43.60879297203187,5,Web,Basic,0,0
3292,56.0,17915.712414420792,698.2313176971026,6.530485426116557,13,Web,Basic,1,0
3293,48.0,111732.47252661467,707.8548979285498,56.135340822112,11,Android,Basic,1,0
3294,64.0,65306.256373618584,625.423544548192,153.38564516138254,11,Android,Standard,0,0
3295,60.0,37144.6784267674,658.244657469393,47.51378023036907,15,Windows,Basic,1,0
3296,,30819.392915034266,711.2207569466262,119.16734908191577,17,Android,Standard,1,0
3297,40.0,40913.0971512866,701.4163707084712,129.49932357010024,6,MacOS,Standard,1,0
3298,61.0,49538.828712434544,580.3002686660379,158.79204302659303,10,Web,Basic,0,0
3299,55.0,10723.5716838662,709.7205176978625,272.91525082336733,14,Web,Basic,1,0
3300,37.0,128979.63797003932,652.4504804578107,67.99538294212404,10,Android,Standard,0,0
3301,40.0,22608.233080085258,653.7591401853567,21.844810608581636,13,Android,Premium,1,0
3302,62.0,,700.2432846481805,46.0900676620532,14,Web,Standard,1,0
3303,69.0,37083.23017903216,756.1467962241896,67.91140403499699,13,Android,Basic,1,0
3304,33.0,120344.06544737532,669.9782686652819,150.16608747264866,6,Windows,Basic,1,0
3305,67.0,34445.22621375721,738.9525107769633,1.585077757121981,16,Android,Premium,1,0
3306,59.0,94193.3041296828,607.9538616059076,45.53803724080374,8,Android,Standard,1,0
3307,25.0,46352.77694332505,686.5371672956065,181.60949372229223,16,Windows,Basic,1,0
3308,67.0,20391.411426458944,652.947229703596,133.35181308609023,13,Windows,Standard,1,0
3309,38.0,39372.56294931308,694.1003493378031,157.89582252510593,13,Windows,Basic,0,0
3310,18.0,33822.947356036166,665.1846298607448,200.43687322119388,13,Web,Basic,1,0
3311,25.0,18949.971547484925,612.9469290518098,183.47337335548656,9,Android,Basic,1,0
3312,46.0,45009.716230685015,635.6295318599429,137.55360676097604,14,Windows,Standard,1,0
3313,49.0,36800.3137490439,597.8399460071707,69.50571256222636,13,Windows,Basic,0,0
3314,,50708.712716927286,614.6549385525641,493.24464620035883,9,Web,Basic,0,0
3315,22.0,40782.6354368084,704.0162187437523,101.01804367870163,18,MacOS,Standard,1,0
3316,64.0,24571.39552413943,667.4481435071389,27.193328150191743,13,Android,Standard,0,0
3317,39.0,57584.02102135266,691.5432205064044,41.57519343493056,6,MacOS,Basic,0,0
3318,64.0,24968.268354940334,770.7788740797536,141.92895790665239,15,MacOS,Basic,1,0
3319,51.0,5654.4475209345155,665.2014103393869,310.41608598252776,9,Windows,Basic,0,0
3320,18.0,39229.793241534084,711.7141966591118,23.626960499129684,8,Web,Standard,1,0
3321,43.0,26044.340379147787,681.4067756100627,10.31224871503448,11,Android,Basic,1,0
3322,60.0,,818.1342266365751,255.97252338366624,13,Android,Basic,0,0
3323,27.0,120490.12056795799,529.1176553626307,296.2055666271282,11,Android,Basic,1,0
3324,47.0,122595.28163419987,644.116886201394,38.818557783459106,16,MacOS,Premium,1,0
3325,67.0,32890.07589322955,712.7011987115741,56.84009903941562,13,iOS,Premium,1,0
3326,35.0,22116.75836609814,642.354730228603,129.5235297736125,15,Web,Basic,1,0
3327,34.0,51575.90933773913,708.303577865499,48.044775065701515,7,iOS,Basic,1,0
3328,43.0,29081.707430931747,676.9960403551655,251.62344814998636,8,MacOS,Basic,0,0
3329,25.0,,723.2474419005819,13.65803418348994,10,Windows,Basic,0,0
3330,64.0,24427.957210019504,623.3938584786171,4.64668165882198,7,iOS,Standard,1,0
3331,57.0,42210.127087625624,688.6421155308177,28.056956769886675,8,iOS,Standard,1,0
3332,66.0,22310.56269200842,703.3009115006693,40.43943154350612,3,Web,Premium,1,0
3333,29.0,73906.20362461393,686.5894579105668,14.379304731672102,14,MacOS,Premium,1,0
3334,44.0,25489.283439736086,687.4706242460444,8.153693948079393,16,Web,Premium,1,0
3335,25.0,53995.79874174645,740.121545288978,169.07767357868912,16,Windows,Basic,1,0
3336,42.0,17002.90736843888,596.0047126747552,21.534904930540815,9,Android,Premium,1,0
3337,63.0,58029.35684440968,686.2483595395843,294.3004475602758,15,MacOS,Basic,1,0
3338,21.0,20336.43855076885,619.542593356036,55.06384189824369,8,Windows,Premium,1,0
3339,50.0,42476.49249767449,717.8805468463155,133.26001184137476,6,Windows,Basic,1,0
3340,18.0,67098.7426281701,638.1033208815142,30.649349045790473,7,iOS,Basic,1,0
3341,36.0,32209.29198497717,556.3777170952826,32.98339575533063,14,Web,Basic,1,0
3342,48.0,19584.620200640034,719.0733707123725,102.59785385861609,9,iOS,Basic,1,0
3343,33.0,48927.138657187366,666.5814353020515,98.69313770012916,16,iOS,Standard,1,0
3344,31.0,21925.621437143323,697.8314808050801,175.69992981731858,14,Android,Premium,1,0
3345,65.0,28494.108924349825,751.3504451349531,170.16556634131427,13,Web,Basic,1,0
3346,,42585.86184915728,698.5700542966117,133.28987216380733,11,Android,Basic,1,0
3347,58.0,82158.50281707058,688.4714041954475,71.55089515239082,17,Windows,Basic,0,0
3348,43.0,36898.71524743042,677.6364810385285,265.5736342518715,10,Android,Basic,1,0
3349,45.0,36816.98276586978,622.6346758125494,116.92711836332073,9,Windows,Basic,0,0
3350,19.0,56528.92517731041,669.2376070952304,555.0262644857222,14,iOS,Basic,1,0
3351,67.0,37429.825468259165,778.6949289221292,205.35642370682532,14,Android,Basic,1,0
3352,23.0,53173.64298234513,661.2390384933051,5.438578654302108,21,Web,Premium,1,0
3353,26.0,69363.78134554811,672.1993170288372,46.384350624821224,17,Android,Premium,1,0
3354,50.0,,742.8542446052672,101.80100921710078,10,Windows,Basic,1,0
3355,58.0,5089.799000415203,602.9355669549021,153.38734155836977,14,MacOS,Premium,1,0
3356,42.0,22231.016754326756,711.0062025478468,95.91068984923483,16,Web,Basic,1,0
3357,65.0,74997.43609253023,600.5560040097475,185.08666806104978,16,Windows,Standard,1,0
3358,30.0,35587.19393369555,699.959435844073,39.86391510283596,14,MacOS,Standard,1,0
3359,26.0,29629.38360983692,678.8795275800899,24.387977936878176,10,Web,Basic,1,0
3360,30.0,73135.63398086268,710.6200080399007,6.650957004545005,16,MacOS,Basic,1,0
3361,48.0,34173.47544180078,629.3762814922804,102.20475607559685,7,iOS,Premium,0,0
3362,58.0,10347.291530268565,653.2483457654215,140.00105763921903,10,iOS,Basic,1,0
3363,28.0,14717.885934594575,713.2026476652792,47.36967899633026,14,Android,Basic,1,0
3364,21.0,46685.495777356766,654.5083741749099,114.10094976232136,10,Android,Premium,1,0
3365,51.0,34886.856582698936,717.7757630264251,6.4279974975777145,11,Android,Basic,1,0
3366,55.0,,690.4584905344376,12.54907835541829,21,Android,Basic,0,0
3367,63.0,23389.413623307722,657.7124121034919,145.18070627986125,16,MacOS,Premium,1,0
3368,21.0,30160.83606717118,664.2322910984662,55.07714207800238,14,Web,Premium,1,0
3369,55.0,21360.48836118206,680.175241583431,133.52560032975867,10,Web,Premium,1,0
3370,36.0,26572.80207747163,668.9908942979299,213.85592130233115,13,Android,Basic,1,0
3371,23.0,,716.5124876866474,229.7709038996504,5,iOS,Basic,1,0
3372,51.0,28813.208848965813,661.4360335237958,22.673353855735655,14,Windows,Standard,1,0
3373,35.0,35202.72177456847,651.348453689389,79.93053073865944,12,Android,Standard,1,0
3374,30.0,33463.19625117375,725.5125840766431,158.8780239685064,9,Android,Standard,0,0
3375,58.0,131891.112815986,658.8935417963604,178.4561311403174,22,iOS,Premium,1,0
3376,40.0,109107.69994802307,652.9814189867495,184.27335827544084,9,Windows,Premium,1,0
3377,36.0,23143.2934422256,555.7168099214465,31.078500819717817,14,MacOS,Standard,1,0
3378,62.0,10653.438503520132,628.0248315698035,25.662641128692886,15,MacOS,Basic,1,0
3379,28.0,34217.065445835135,638.0686260668394,106.99542362038062,11,Windows,Basic,1,0
3380,18.0,45519.95512195247,652.9934703746012,162.15102450739602,17,Windows,Basic,1,0
3381,41.0,21670.55175642672,643.8930391685568,46.12774349362832,6,MacOS,Basic,0,0
3382,24.0,22323.9332008038,729.1525074339476,13.272261754244127,5,Android,Basic,0,0
3383,42.0,93857.50262878789,641.2426177774458,151.3695131039953,11,Android,Standard,1,0
3384,38.0,31115.73931081315,644.9686814880712,42.749204114886304,11,iOS,Standard,1,0
3385,32.0,54032.99251169005,687.7827098549866,21.83482709593677,14,Windows,Standard,1,0
3386,18.0,20781.46123103071,624.915906003566,19.181316912501746,12,Android,Basic,1,0
3387,29.0,35095.76422302383,758.1996077423388,45.38452824373794,10,Android,Basic,1,0
3388,24.0,29679.05887808842,720.1078395581407,107.77816960423083,12,iOS,Basic,0,0
3389,32.0,24216.17450152363,621.5956523946076,53.25524540063018,13,Windows,Standard,1,0
3390,38.0,72633.40703066724,730.6833542933418,2.505395309255005,11,iOS,Standard,1,0
3391,36.0,15782.764895362257,741.0854069759977,12.231759535581118,14,iOS,Standard,1,0
3392,46.0,43479.032757793,622.8942631540693,41.18392309617033,11,MacOS,Basic,0,0
3393,42.0,29346.454189745757,621.7416692120588,129.352904247116,17,iOS,Basic,1,0
3394,50.0,46578.516254213,649.4793427050934,12.44543482914468,12,Windows,Premium,1,0
3395,66.0,29585.92500599941,609.2397440127546,98.69694196129356,9,Android,Basic,1,0
3396,49.0,61102.97515312392,640.9855732788614,15.324442520849685,7,Android,Standard,0,0
3397,66.0,20664.62212539083,659.9937707640628,28.5322973969969,19,MacOS,Basic,1,0
3398,52.0,72731.64967013933,705.2076180688241,22.676380896837987,15,Windows,Basic,1,0
3399,61.0,35693.30385883196,684.0612751575125,8.351419484141964,12,Android,Basic,1,0
3400,55.0,16364.97210842841,672.5989246732653,133.52406185977281,10,iOS,Premium,1,0
3401,43.0,54618.57326306894,655.8413352537543,74.70107422437344,12,Web,Basic,0,0
3402,28.0,32231.198304021786,614.6022125018311,213.380739887288,9,Web,Premium,1,0
3403,52.0,13033.747630627002,709.5858863390994,12.49546493036781,17,Web,Standard,1,0
3404,25.0,44332.83377571421,708.4687078411856,18.76098001803218,13,Web,Standard,1,0
3405,63.0,66433.54669321762,649.1575704504143,43.913170960512495,14,iOS,Basic,1,0
3406,31.0,78376.65892481871,624.9422429437789,174.22339466014455,11,Android,Premium,0,0
3407,27.0,28940.256706308563,757.8052218763542,43.79230341344231,16,MacOS,Standard,1,0
3408,19.0,39624.02214694427,692.3365225543466,62.99474046193816,8,iOS,Basic,1,0
3409,63.0,37433.51876420104,699.8484145662521,43.0762057022097,15,Android,Standard,1,0
3410,26.0,88776.88392594046,702.0073930349879,10.035052091746975,12,Windows,Basic,1,0
3411,20.0,22330.457897909302,619.8758150709353,336.48184477850674,13,Android,Basic,1,0
3412,38.0,27479.741203949037,754.9638292008433,95.43195252371233,9,Android,Premium,1,0
3413,43.0,22008.14331052593,659.8251033527885,186.04589586374937,18,Android,Standard,1,0
3414,25.0,15222.192670714996,721.1021001964472,128.87870599187156,14,iOS,Standard,0,0
3415,65.0,42136.6129765713,752.921635171339,86.64839999389591,11,Android,Basic,0,0
3416,19.0,94918.98327146491,684.06880160091,11.27486134196776,7,Android,Standard,0,0
3417,,32238.263222219673,620.9260795632442,123.51280845690513,11,Windows,Standard,0,0
3418,45.0,21393.91954176817,555.3264743257132,20.262844650247803,13,Windows,Basic,1,0
3419,46.0,40624.06164269237,678.079209534903,64.21074910736314,6,Web,Standard,1,0
3420,43.0,51713.332396641505,692.5072223866277,119.02298782045631,13,iOS,Basic,0,0
3421,42.0,33063.39696265961,650.961243315719,182.9173475034081,15,Android,Basic,1,0
3422,29.0,84298.65586260582,686.7842726728459,138.63912784672914,8,Web,Premium,1,0
3423,22.0,22305.372850487773,701.5172419085529,133.59846160848662,14,Web,Premium,1,0
3424,51.0,30571.33909338755,729.6963895397317,19.367130136762825,9,iOS,Basic,1,0
3425,65.0,43373.01458329665,668.5717304436895,50.98133895531595,12,Web,Standard,0,0
3426,54.0,45971.56129506914,677.7329163269968,5.263226714272102,12,Web,Standard,1,0
3427,32.0,37359.288785799035,671.0699835283223,152.5319016173641,12,iOS,Standard,1,0
3428,61.0,,681.6797316663425,365.8604809452334,17,MacOS,Basic,1,0
3429,53.0,147680.56011986398,654.3407809538068,36.80101897904846,10,Web,Basic,1,0
3430,32.0,31521.276806516147,654.1017307752758,11.013934613895417,13,Windows,Basic,1,0
3431,60.0,38799.417443303275,657.248858036385,77.45321602167385,15,Web,Premium,0,0
3432,65.0,52578.189050842055,687.8133120809748,233.13630534682068,12,iOS,Standard,1,0
3433,40.0,24787.54981256959,637.6342986074432,96.34853380634179,18,iOS,Basic,1,0
3434,23.0,37577.31611552049,657.4503033436795,5.7487874832160895,17,MacOS,Premium,1,0
3435,63.0,24189.788430442757,770.4294983560704,439.2221681889338,11,MacOS,Premium,1,0
3436,67.0,46598.817529322136,724.8199670252192,211.6855806243191,8,Windows,Basic,0,0
3437,61.0,30772.798429527295,632.1459461366692,16.931522456518334,11,Windows,Standard,1,0
3438,60.0,,723.2336465296784,305.814833115475,7,Web,Standard,1,0
3439,62.0,,711.3696037041842,71.89070619365363,14,MacOS,Standard,0,0
3440,38.0,22084.91642092553,674.804024426058,55.80632283779003,12,Windows,Standard,1,0
3441,40.0,16009.148096867468,644.6013526496799,74.1766387719046,7,Web,Standard,0,0
3442,60.0,23710.70593651477,638.9242943757381,215.90627561160184,14,Android,Premium,0,0
3443,33.0,7753.390059847192,691.1920086391618,129.27365678356009,15,Web,Standard,1,0
3444,,30204.309038760097,637.6883168901746,7.329144532707766,16,Windows,Basic,1,0
3445,32.0,26356.121364086026,734.8610664835912,379.28520173053556,10,Web,Basic,0,0
3446,42.0,39757.21361364391,749.0403294227505,19.18985037385294,21,Android,Basic,1,0
3447,53.0,37300.59788756101,677.8597751215954,164.24657754808933,12,Windows,Basic,1,0
3448,28.0,77207.18959061014,736.9390405961065,121.31718783607306,7,Web,Basic,0,0
3449,68.0,172230.0067229422,659.4225525848626,24.92086631084469,6,Windows,Premium,1,0
3450,32.0,71863.47431542158,644.282410835794,22.465438417536618,11,Web,Premium,1,0
3451,21.0,27670.868120963285,735.013759007262,245.12927526278494,7,iOS,Standard,1,0
3452,38.0,27010.08382262388,758.9933477802754,65.30415837141561,11,Windows,Premium,1,0
3453,30.0,61156.89103307779,778.1578993496108,127.55809434714973,11,Windows,Basic,1,0
3454,39.0,13226.705163274646,696.6327535738554,84.15870185296926,9,Windows,Basic,0,0
3455,36.0,30057.82316353123,723.1055197594812,155.94951087520064,17,Windows,Basic,1,0
3456,51.0,31480.016887209582,695.5308614233074,78.29646680172054,21,Web,Basic,0,0
3457,31.0,51558.836501823585,750.1689328349295,40.65682092580987,7,MacOS,Premium,1,0
3458,21.0,52486.947975700285,701.6642066719629,54.19051714636703,15,Web,Standard,0,0
3459,65.0,23231.48328284696,720.2541894331017,235.14558779331114,14,Android,Basic,1,0
3460,69.0,28321.496897951743,623.2290772398567,75.74124048332037,9,iOS,Basic,1,0
3461,63.0,47432.48226790085,668.4418612316164,28.811776409577483,17,Web,Basic,1,0
3462,44.0,22485.98727605395,720.6818074321118,327.27784924983376,10,Web,Basic,1,0
3463,46.0,74882.16778589488,716.1986372034684,191.1099647649999,7,Windows,Basic,1,0
3464,64.0,52339.422377900904,724.9451604934554,6.8730619824492845,13,Android,Standard,1,0
3465,45.0,40251.62798724801,686.0327323595443,822.2741524206178,8,Windows,Premium,1,0
3466,52.0,45915.79061356119,647.398899843236,142.46438300531975,15,Windows,Premium,1,0
3467,25.0,27442.978718665992,677.0526733240523,20.96049807967576,5,MacOS,Standard,1,0
3468,33.0,24939.923370805565,682.3517182004251,32.486044516896385,11,iOS,Basic,0,0
3469,59.0,,692.0870404266287,141.4923492810388,11,MacOS,Premium,0,0
3470,53.0,49019.82148290705,631.6067286557457,181.56506515865513,12,Windows,Standard,1,0
3471,47.0,40970.55792851762,666.7066707156351,32.78029844488623,19,iOS,Standard,1,0
3472,35.0,28180.099721635812,675.5666195252935,35.64207789133211,6,Web,Standard,1,0
3473,19.0,56939.75431311706,567.8889170627986,44.02793494018741,14,Android,Basic,1,0
3474,66.0,,721.6252390686884,109.3618650095847,14,MacOS,Basic,1,0
3475,30.0,23956.945304734378,688.2007978320306,22.622417082509134,6,Android,Premium,1,0
3476,21.0,42302.64554776876,693.2659435224109,13.210359621243722,7,Windows,Standard,0,0
3477,43.0,19775.16809593543,654.225184448586,136.3069016366966,14,iOS,Standard,1,0
3478,42.0,13195.95668670973,709.3125187765127,181.20430106119264,15,Web,Basic,1,0
3479,47.0,36204.447691069676,638.4037088033281,83.40092629463012,8,iOS,Basic,1,0
3480,28.0,24478.530929445635,646.2592877884432,54.27524592722779,10,Android,Basic,1,0
3481,24.0,31179.228173170584,711.4165022870898,67.88508755510337,10,Android,Basic,1,0
3482,48.0,20332.182389970265,697.8580868072025,59.00275365904854,16,Web,Basic,1,0
3483,61.0,75008.69235140628,616.1199867415853,386.21983223611045,24,Web,Basic,1,0
3484,27.0,24418.69615280217,758.8685435044018,175.36866059020414,12,iOS,Standard,1,0
3485,56.0,28023.546245236197,642.0751173213426,27.996481558989288,19,MacOS,Premium,1,0
3486,30.0,,673.370322268933,58.177851315051534,8,iOS,Standard,1,0
3487,48.0,15899.316836166192,767.3393693300976,94.23473094896381,15,Android,Basic,1,0
3488,24.0,15209.418240755022,577.0109215394956,113.91528653813586,8,iOS,Standard,0,0
3489,66.0,45641.455822381606,594.6869590015181,75.77490223498523,18,Windows,Standard,0,0
3490,59.0,27806.676194340995,702.0966843544259,199.3677514913402,14,iOS,Standard,1,0
3491,59.0,21143.819844993955,556.073164207309,175.11853867477126,8,iOS,Basic,1,0
3492,53.0,52157.53326420538,577.825324875744,84.42199138142468,12,Windows,Basic,1,0
3493,37.0,22311.265394577884,738.7578913147071,231.2512795059041,12,Android,Premium,1,0
3494,21.0,30800.697668218065,659.5563315797955,166.8794408621053,15,Web,Basic,1,0
3495,24.0,21211.98686891637,789.8044779648408,180.92427335638132,15,iOS,Basic,0,0
3496,18.0,43567.307136475596,628.2615110973217,375.92592068402007,13,MacOS,Basic,1,0
3497,61.0,80760.69802811435,664.075910056476,37.18591349863382,8,Web,Basic,1,0
3498,62.0,11889.08513199086,707.0315363089293,37.379307359152186,14,MacOS,Standard,1,0
3499,59.0,38855.099686789596,703.576424208762,263.73540494826887,19,iOS,Premium,1,0
3500,64.0,60715.42510629704,667.2550192255577,177.5283610766435,14,MacOS,Standard,1,0
3501,30.0,28201.0178886374,647.5769994528791,313.33076114050573,13,Web,Standard,1,0
3502,39.0,18423.357638576348,691.5681162170646,7.825310179024731,11,MacOS,Standard,1,0
3503,38.0,46750.40118963315,748.8442943087924,118.5850343662265,9,MacOS,Basic,1,0
3504,39.0,66236.84128625745,718.1404344786647,18.74630546920872,11,Web,Basic,1,0
3505,45.0,61964.27613456998,648.3765791844933,84.1166534671222,11,Web,Basic,1,0
3506,26.0,45231.34517273185,630.411367696033,20.316358266576103,14,Web,Basic,0,0
3507,43.0,38512.88896513004,645.3605506145021,16.446707083911992,5,Web,Standard,1,0
3508,26.0,21175.33768569363,616.3128557317092,1.4691582978110103,13,Windows,Basic,1,0
3509,32.0,61031.59562993579,687.3704741163622,119.38775047223065,9,iOS,Basic,1,0
3510,27.0,59040.214241030066,720.6893089367142,53.37133273581776,19,Web,Basic,1,0
3511,41.0,18345.966293608333,676.4330000749799,13.337034840657537,11,Android,Standard,1,0
3512,59.0,45192.563895862855,765.9883396464758,46.78132985641874,19,MacOS,Standard,0,0
3513,,53728.25603788045,768.7707287577344,22.206984930181164,11,Web,Premium,1,0
3514,41.0,61652.45092306348,695.3867634414211,341.0477443280817,12,Web,Basic,1,0
3515,33.0,34717.74534770818,715.0968870238341,46.28035989371465,8,iOS,Standard,0,0
3516,66.0,21708.50624360517,634.9771011015276,48.76749912309977,18,Web,Basic,0,0
3517,43.0,26869.048562828666,661.9596753080411,219.80332542865742,9,Windows,Basic,1,0
3518,44.0,19843.863305185627,743.6135188883275,125.21165808127708,10,Android,Basic,1,0
3519,,35219.796389570816,651.036369135578,148.61595369840884,12,Android,Basic,1,0
3520,21.0,31315.509408356997,754.3689903508226,121.27276408455663,12,Web,Standard,1,0
3521,67.0,131534.15786033627,735.6282051037416,350.68952911340716,21,iOS,Basic,1,0
3522,41.0,62118.944478367484,717.5811980523179,27.8319727165016,12,Web,Basic,0,0
3523,36.0,64973.114493387504,621.365255517018,541.6120580387925,12,MacOS,Basic,0,0
3524,53.0,48185.40698240782,664.4006757964839,213.311675192797,13,Android,Standard,1,0
3525,56.0,29132.492529014176,712.2104419422064,106.69144475739635,6,MacOS,Standard,1,0
3526,27.0,30784.48242734687,630.7125962748985,130.2971362600129,14,Windows,Standard,1,0
3527,42.0,32522.206766568943,670.4961376391701,125.57677202119515,14,Android,Standard,0,0
3528,35.0,40657.555449471314,717.6065474563819,7.22048554938256,10,Android,Standard,0,0
3529,36.0,45867.03224017085,651.5913886038852,29.51059638315819,15,Windows,Basic,1,0
3530,53.0,36330.94645943833,637.6772754365676,390.76092928655885,14,MacOS,Basic,1,0
3531,27.0,30504.84839077587,589.961277060591,91.72223843822746,11,Web,Standard,1,0
3532,50.0,25426.078062952336,660.6682901142846,57.04606102645769,10,iOS,Standard,1,0
3533,67.0,15747.088111162095,718.6590756405069,172.27754750994887,8,MacOS,Premium,1,0
3534,22.0,78435.15402591386,636.3548162336751,89.2113882157878,10,Windows,Premium,1,0
3535,64.0,136396.00579832337,680.8936053233854,1.5900202175864628,14,Windows,Standard,1,0
3536,66.0,74578.09188199413,668.7895364102966,159.92478823500497,15,Windows,Premium,0,0
3537,52.0,17061.17382631491,646.6688222015977,158.10965032730928,12,Android,Standard,0,0
3538,,58233.143162823064,721.8852799687944,21.660200199356645,16,Web,Basic,1,0
3539,51.0,67121.9089086281,762.1136140582948,376.6417587745069,6,Android,Basic,1,0
3540,50.0,28507.92451677215,730.2168971820852,30.41812543402115,14,Android,Standard,0,0
3541,38.0,48696.203238519956,645.2031798774642,73.44323551469326,8,Android,Basic,0,0
3542,34.0,27617.86653471168,779.6182831922972,14.624319553638507,14,Windows,Basic,0,0
3543,39.0,90885.64954296945,730.0701455115033,110.94364600640175,10,MacOS,Basic,1,0
3544,,45216.73557285965,657.1321465517855,56.48708183455229,13,iOS,Basic,1,0
3545,54.0,20946.07810451792,641.2336808944043,52.28125473125824,14,iOS,Standard,1,0
3546,32.0,54278.57488953532,736.0519631922461,210.51960428800373,16,Web,Standard,1,0
3547,52.0,68546.55333120933,688.6884600978636,1.1529263436136545,13,Web,Standard,0,0
3548,45.0,40899.74023063578,637.4617575656137,191.9068927032188,12,Windows,Standard,1,0
3549,24.0,48419.84430835072,672.5945510264058,101.68134178652298,15,iOS,Basic,1,0
3550,49.0,34826.99009020758,659.640159105932,513.0911400831609,13,MacOS,Basic,1,0
3551,28.0,18387.598616151652,638.7970440655981,106.82892504043448,17,Windows,Premium,0,0
3552,,33155.362424084306,730.7293126630734,6.8365958576734505,9,Web,Basic,1,0
3553,26.0,49703.15941478,719.0862094157156,6.236737944433193,16,Windows,Standard,1,0
3554,31.0,33630.33880632585,721.927073877963,257.62677307622636,8,Web,Standard,1,0
3555,30.0,58715.51353799588,721.2335196659757,220.82385739947162,10,iOS,Basic,1,0
3556,42.0,28701.1096074677,634.1983127646201,50.93758337988151,11,Windows,Basic,1,0
3557,19.0,29853.14589931826,649.8156364101501,115.49036533377826,7,Android,Basic,0,0
3558,52.0,59794.681556203424,752.9328761468831,80.70523361117222,16,Web,Basic,0,0
3559,24.0,41486.008719351514,685.4006061219499,409.9477780358131,10,Android,Basic,0,0
3560,38.0,28366.582287682442,606.4764653147848,359.39407160169696,18,Web,Premium,0,0
3561,35.0,67527.0289503995,690.8472163797874,495.0185850115613,11,Android,Standard,0,0
3562,20.0,24022.7978587041,712.7395630834067,241.59242508740888,17,iOS,Basic,1,0
3563,59.0,23478.27077688351,706.2020718685104,288.3570785565221,11,iOS,Standard,1,0
3564,,6649.724560786939,633.106519841918,29.39744228187455,17,MacOS,Basic,1,0
3565,58.0,26045.984016248876,774.3360779628777,213.34760836837066,13,MacOS,Basic,1,0
3566,66.0,,604.9702706445623,148.07293348858735,20,MacOS,Standard,0,0
3567,28.0,10473.718394135425,685.5448215081706,394.93007010459957,13,Windows,Premium,1,0
3568,56.0,20513.693461488063,766.8276426383042,101.62906429042908,10,Web,Standard,1,0
3569,41.0,47261.020013814086,709.5828541967722,10.68167115072823,10,Windows,Premium,1,0
3570,63.0,9443.480948026758,721.8109784525677,109.17708139799612,10,MacOS,Premium,0,0
3571,36.0,26731.04309875843,627.3417925414932,139.2256915011038,12,Web,Standard,0,0
3572,21.0,72006.9505939842,697.3523228798435,29.86476231494312,14,Windows,Premium,1,0
3573,43.0,123724.85663860248,678.1698668652526,60.12748943095746,12,iOS,Standard,1,0
3574,,43223.86012201629,623.4977915417818,109.50674986482188,10,Web,Basic,1,0
3575,59.0,20829.380416705368,723.2535744737481,56.228859792015996,13,MacOS,Standard,1,0
3576,49.0,20412.90865279379,639.0256630674666,56.39039763915195,14,iOS,Basic,1,0
3577,56.0,39614.27379236771,644.9537683915737,17.137948444399758,9,Web,Basic,0,0
3578,62.0,42983.77477691271,701.6289661042424,339.11210325482375,7,Windows,Basic,1,0
3579,63.0,110719.72155986195,672.8377277177492,166.59286284121944,12,MacOS,Standard,1,0
3580,53.0,65022.12733734148,688.4644011828007,0.14930550931808634,14,Windows,Basic,1,0
3581,57.0,38195.15265646294,669.7750170615082,174.09394744016805,9,iOS,Basic,1,0
3582,54.0,29699.20771119858,750.6530421752021,161.55425626606782,16,iOS,Basic,1,0
3583,50.0,,633.7484676380692,1.1734338425035813,9,iOS,Standard,0,0
3584,53.0,52889.329144189556,656.7595609896994,55.368906929090805,13,Web,Basic,1,0
3585,20.0,24312.57467578024,704.0585778789614,111.9964636515503,17,MacOS,Standard,1,0
3586,26.0,31736.611991847152,630.6041083179491,72.34208804784768,11,iOS,Premium,1,0
3587,25.0,21451.013142646403,628.3888308802062,180.60184449343996,10,Windows,Basic,1,0
3588,50.0,8580.695797637996,686.8871947001569,66.50191875262738,15,MacOS,Premium,1,0
3589,23.0,43808.82651739626,723.3676689459439,20.0488749421842,18,Windows,Basic,1,0
3590,58.0,105817.64166633812,729.8938907897127,449.6604998040815,8,Windows,Basic,1,0
3591,,13652.332684522282,684.5869937993641,33.25495867799267,13,iOS,Standard,1,0
3592,21.0,37539.82158732857,646.3933670751337,151.77092465843648,12,MacOS,Premium,0,0
3593,30.0,23762.33712574768,693.7831598817129,18.53997252327026,11,Android,Basic,1,0
3594,66.0,49657.341090037175,708.3069154356185,47.88059288074688,6,Web,Standard,0,0
3595,19.0,32748.155077503434,693.0930329645137,70.01349543585053,14,Android,Basic,1,0
3596,22.0,16058.076445974011,741.7084929395687,25.61764752091982,13,Web,Standard,1,0
3597,61.0,20157.622257039056,629.2919367372516,71.73162071337732,16,MacOS,Standard,1,0
3598,44.0,22066.58342148187,645.1511991178219,20.51777840634099,15,iOS,Basic,1,0
3599,,81356.08619566502,734.7674597199361,98.24702775331505,9,MacOS,Standard,1,0
3600,38.0,78901.50379500409,606.3490084742368,130.77492814225099,10,Android,Basic,1,0
3601,25.0,,653.030713645925,7.736211186895817,10,Windows,Standard,0,0
3602,55.0,75862.8254452622,643.4229852636819,245.87611126816685,14,Web,Standard,1,0
3603,25.0,32731.38545314131,601.7897549326516,24.568805491970032,10,Web,Standard,1,0
3604,67.0,,670.6425597679544,30.643200550043435,10,Android,Basic,1,0
3605,20.0,37581.63218607467,717.3146929944227,129.93452173229,14,iOS,Basic,1,0
3606,61.0,43083.491168191234,687.8163957760552,75.90294658288092,9,MacOS,Premium,0,0
3607,20.0,26022.92408931147,719.9801892651038,83.03269306974798,11,Android,Premium,1,0
3608,39.0,36795.08094719905,739.5977983821487,16.457232655268406,15,MacOS,Standard,1,0
3609,23.0,58243.83351309082,660.7184119527241,196.62435640136547,9,iOS,Standard,1,0
3610,19.0,39250.66962300014,812.3423011494365,115.1834321483374,16,Windows,Standard,1,0
3611,40.0,37259.78005930357,662.7292287968083,17.45610458164708,11,MacOS,Basic,0,0
3612,61.0,,669.3734487078154,56.20846760895951,10,iOS,Basic,0,0
3613,19.0,54177.64435227708,644.6189731565612,199.5469294051791,9,Android,Standard,1,0
3614,55.0,34976.45881314013,707.2694740462337,100.81822732374962,15,Windows,Basic,0,0
3615,34.0,27323.198049673792,665.4748290511512,13.80200902824738,6,Windows,Premium,0,0
3616,52.0,40681.22578505629,676.0553889042502,55.97438552437643,14,Windows,Basic,1,0
3617,51.0,13955.399343886087,669.7393496887019,33.35860873906505,5,Web,Standard,1,0
3618,40.0,32010.101463339077,668.6047726386563,87.44435632321198,13,iOS,Standard,1,0
3619,47.0,8242.541872546717,687.9143014699288,222.45747684221817,14,MacOS,Basic,1,0
3620,69.0,13286.781262527333,657.4888223481685,68.78097395504773,7,Android,Standard,1,0
3621,25.0,12140.332953006637,659.8352209041453,68.15992625190265,13,Windows,Standard,1,0
3622,39.0,68078.1130000009,733.6425745310496,282.9094721609131,9,Windows,Basic,1,0
3623,61.0,36621.43814518904,665.3238768059294,103.01510556481891,8,Windows,Standard,1,0
3624,53.0,17030.660988228497,699.1776201853562,100.21813624581684,5,iOS,Basic,1,0
3625,22.0,,635.5254129755776,36.442723692619325,11,Android,Standard,0,0
3626,30.0,,657.7654986423564,112.29436959212649,11,iOS,Basic,1,0
3627,46.0,49271.01882300459,618.371971875466,102.93728211483123,8,Android,Standard,0,0
3628,48.0,32427.88315553876,772.7216716680914,60.671015369422655,18,MacOS,Basic,0,0
3629,64.0,41751.55483120824,748.7729838834026,561.2717048897331,10,Web,Standard,1,0
3630,33.0,62373.63318111044,709.7729496639344,256.3376466362275,10,Android,Standard,1,0
3631,59.0,27404.22554351076,787.5551360144915,166.15690669987677,16,iOS,Standard,1,0
3632,47.0,36972.14809423161,718.5143025691563,92.4929897830393,10,iOS,Standard,0,0
3633,33.0,31122.433521794756,671.4012128175589,74.40094571239274,13,iOS,Basic,1,0
3634,,13793.46886421776,698.6259833545836,24.53295338805383,14,Web,Premium,1,0
3635,34.0,62940.23525556914,748.039317773957,43.788613258458945,8,Android,Basic,1,0
3636,33.0,124786.9446159643,635.9841912496016,178.44562111694876,12,Android,Basic,0,0
3637,29.0,,621.359110636672,72.56119411028479,14,Android,Basic,1,0
3638,25.0,64705.93070244962,700.3039583314969,256.72287667633685,13,Android,Standard,1,0
3639,37.0,21912.307234691063,650.6575133225631,19.20773490333137,10,Windows,Standard,0,0
3640,20.0,39327.24005983214,567.0049316270762,85.19787493922988,7,Windows,Standard,1,0
3641,33.0,89752.15922459296,617.8533326544716,124.94280172433223,13,iOS,Basic,1,0
3642,47.0,26575.27652905182,664.4287825323228,87.2909903381202,10,Windows,Basic,0,0
3643,62.0,35996.90175468744,682.4094377373951,264.03254855543037,5,Android,Standard,0,0
3644,40.0,12321.465736078098,683.898454969165,547.4910116875906,3,Android,Premium,1,0
3645,45.0,,780.2598170117723,14.77334349102721,10,Windows,Basic,1,0
3646,68.0,11570.761176136482,669.6187371649453,16.705228113902372,8,MacOS,Premium,1,0
3647,57.0,46981.39127279451,693.9062744768053,16.756161728083402,14,iOS,Standard,0,0
3648,22.0,59813.25287518097,598.7053986312752,137.17433885416966,12,Web,Standard,0,0
3649,37.0,31793.56112935808,678.4432230842363,55.95507331589916,16,iOS,Basic,0,0
3650,57.0,43110.9446630919,696.7099471585883,158.60229866169246,9,iOS,Standard,1,0
3651,,29868.560767828672,611.2370259509405,62.39838947414482,12,iOS,Premium,1,0
3652,18.0,56631.87224235236,633.3004020181522,118.53657389182278,18,Windows,Basic,1,0
3653,,39248.83970333466,704.4584316918435,176.28705527253655,12,iOS,Basic,1,0
3654,38.0,11032.513739598997,652.6836867844045,95.34610700576236,11,Android,Premium,1,0
3655,37.0,,674.8729114245012,93.05402642021195,9,iOS,Basic,1,0
3656,23.0,28746.58691706729,707.038875947949,11.084670904995647,14,Android,Basic,1,0
3657,39.0,16945.749548724205,781.8436085897908,63.475033036463095,10,Windows,Basic,1,0
3658,,27907.189327198463,668.9107399460804,94.70008193300873,12,Windows,Standard,1,0
3659,25.0,11599.9748718483,768.4599039438722,74.38332953162195,16,iOS,Basic,1,0
3660,56.0,17155.368115322322,582.0613169352204,277.25229977254384,11,Android,Basic,1,0
3661,49.0,39567.7537417227,687.4181429340993,284.41458151399763,16,Android,Basic,1,0
3662,50.0,41607.13773936495,663.2955396452385,207.06092188565717,11,Android,Basic,1,0
3663,33.0,43645.842067852594,653.3770507965801,56.45767963266329,18,Android,Standard,1,0
3664,29.0,36385.51084450754,712.9033787778427,151.6039216242643,14,Web,Basic,1,0
3665,55.0,23963.35160794571,669.268966730739,60.360447577275536,13,Windows,Premium,1,0
3666,69.0,35148.05341473481,578.7523332553392,31.768651202465097,12,Android,Basic,1,0
3667,51.0,27936.113788921764,600.5815375874708,50.39077057723206,17,Web,Standard,1,0
3668,31.0,13691.507665135763,716.1013479178222,8.83301654790964,7,Web,Standard,1,0
3669,53.0,22846.449593136786,598.1386046537968,48.37609086585398,13,Windows,Basic,1,0
3670,50.0,61927.81668205013,717.4410590590389,74.10738735510412,14,MacOS,Standard,1,0
3671,40.0,94181.25895348244,686.2386743955578,373.4204221413793,15,iOS,Premium,1,0
3672,67.0,53678.34962441153,671.48577340871,45.122257967883584,9,Windows,Standard,0,0
3673,62.0,,675.9262913400863,279.29117922112533,10,MacOS,Basic,1,0
3674,19.0,38224.546473910355,705.7379010090042,31.185972439778176,8,iOS,Standard,1,0
3675,58.0,,621.125701319678,25.430150084548412,16,iOS,Standard,1,0
3676,38.0,124578.7175039645,682.1145546998863,87.82542754008176,14,iOS,Standard,1,0
3677,19.0,12834.835814100703,623.0248602959367,133.95623279056213,13,Web,Premium,0,0
3678,44.0,41477.06837751697,688.1822388001434,5.441396282148017,16,Android,Standard,1,0
3679,26.0,38248.442269787614,712.3238393099176,29.9794544943182,15,iOS,Basic,1,0
3680,18.0,28156.618197712774,688.2972931406157,72.98696468725689,10,Android,Basic,1,0
3681,28.0,48783.59283398504,710.4301081965294,48.23732401982022,8,iOS,Basic,1,0
3682,20.0,37222.7361795747,644.9992582453357,149.63443836129719,9,Web,Standard,0,0
3683,69.0,23358.836953769984,676.8909972839712,85.88655128525173,17,iOS,Basic,0,0
3684,40.0,35740.398441190315,668.1012093437552,20.97371822677402,14,Windows,Basic,1,0
3685,43.0,74813.73331822104,664.8280306431504,269.84594660967895,10,MacOS,Premium,1,0
3686,21.0,40518.86139455585,639.9679417774056,41.590944819200125,18,iOS,Basic,1,0
3687,35.0,52900.75283093236,658.4088725287529,157.62376945381348,14,MacOS,Basic,1,0
3688,,30753.778379998428,624.364770249675,181.64939803672553,14,MacOS,Basic,1,0
3689,52.0,47630.967484487366,595.292266908771,396.13303732273965,8,Web,Basic,0,0
3690,39.0,17579.19328058897,644.964166972962,82.81998720888403,14,MacOS,Basic,1,0
3691,60.0,26907.698126293657,711.2979824390582,114.80213675559536,12,Web,Premium,1,0
3692,32.0,34145.93536268244,691.703299552784,48.933867694074245,14,iOS,Premium,0,0
3693,39.0,,617.1698397876373,136.051284042447,7,Android,Basic,0,0
3694,54.0,22067.6931305351,659.6994323309807,74.69658791561528,13,Web,Standard,1,0
3695,,43820.93986121455,714.6232170682164,69.07620626601957,11,MacOS,Standard,0,0
3696,,39257.55346928962,657.575431510645,232.11013016092076,18,MacOS,Basic,1,0
3697,29.0,58913.12939874605,609.1116903435548,6.176524821842161,12,iOS,Basic,1,0
3698,64.0,25328.699238940117,792.8814273207172,256.4102756391723,12,Web,Premium,1,0
3699,66.0,,671.6520584673525,229.32179925685116,13,iOS,Standard,1,0
3700,59.0,24267.16675814658,621.8210550000492,84.71537288895507,15,Web,Basic,1,0
3701,55.0,55474.41095098218,688.5631762910097,80.8490862879574,10,Android,Standard,1,0
3702,35.0,74194.67563314739,675.7198333843633,53.89381322765722,10,Windows,Standard,0,0
3703,62.0,48532.788320410145,602.9260947542816,617.4466637316295,12,iOS,Basic,1,0
3704,52.0,68645.89173415069,684.6684430401582,14.141824457955696,15,MacOS,Basic,1,0
3705,47.0,37030.601513727386,729.1867755697823,107.05478664887369,10,iOS,Basic,1,0
3706,41.0,58885.86165410711,668.3544896254878,137.36437298432512,7,Web,Basic,0,0
3707,59.0,37996.55001725998,576.990072639165,326.77358446848547,10,iOS,Premium,1,0
3708,47.0,19634.493286808683,697.0960805294652,181.80637756867208,17,Android,Basic,1,0
3709,,42109.676262225374,710.1450022624077,123.8874521552321,15,Web,Standard,1,0
3710,23.0,19986.693052627117,650.6793961586044,14.906105906693718,17,MacOS,Premium,1,0
3711,20.0,147779.61733877237,651.0469199330388,56.157516780077316,8,MacOS,Basic,0,0
3712,33.0,29719.156139420626,792.8928150128824,17.937224250914205,10,Web,Basic,1,0
3713,24.0,53477.843839688496,647.0892850578948,255.65052641195382,11,Android,Premium,1,0
3714,69.0,36046.032035244054,623.9059516832874,166.1736156480815,13,iOS,Standard,0,0
3715,31.0,17323.72010261913,681.2557042013005,170.02863338937945,15,Windows,Standard,0,0
3716,26.0,11624.685565506275,708.7421162885199,126.7548229263763,14,MacOS,Standard,0,0
3717,32.0,56920.359783389154,706.6216864355158,84.8801302866568,7,Android,Basic,1,0
3718,,,556.5966122847152,19.49818588648573,9,Android,Standard,0,0
3719,,23367.881562074024,646.9634247055513,48.002673273540374,11,Android,Standard,0,0
3720,19.0,13439.917669326876,737.6444022564369,17.669162077612754,10,iOS,Basic,1,0
3721,44.0,29878.736739156822,696.3344732670853,154.8802064412647,8,Android,Basic,0,0
3722,19.0,20696.7046899125,618.2104294246788,20.955093197589456,16,Android,Basic,1,0
3723,52.0,24583.00407986264,742.1204653948103,145.3251487122989,6,Web,Basic,1,0
3724,35.0,52377.07213272633,728.2448859553089,141.41820323687372,9,Web,Premium,0,0
3725,,35232.42743848135,665.1699195988564,73.78787595824204,13,Android,Standard,1,0
3726,,22077.08484375366,723.9733593405568,17.434817641813073,11,Android,Basic,1,0
3727,,51694.17948982025,779.987791597901,45.365486185915785,9,Web,Standard,0,0
3728,27.0,54183.04995424047,627.2809902377292,46.29592983578263,12,iOS,Basic,1,0
3729,,29666.25573654874,707.7723091101465,144.63088874616753,9,Web,Premium,1,0
3730,19.0,39448.44515926163,779.2972388044004,14.489798954852676,10,Web,Standard,1,0
3731,42.0,49627.53649071024,712.6514776647765,211.97918915258506,9,Web,Standard,1,0
3732,50.0,46894.79083221251,642.2808570317849,171.75866764629376,9,Web,Basic,1,0
3733,53.0,37211.32584712657,691.9456620220694,24.740644012166676,11,Windows,Basic,0,0
3734,48.0,85780.90179824039,748.4941629976181,152.39829232295014,8,MacOS,Basic,1,0
3735,31.0,51513.979056480406,629.211676653792,132.50006798967735,11,iOS,Basic,1,0
3736,18.0,27711.217943456028,678.4951646354733,165.45668063071733,20,iOS,Standard,0,0
3737,63.0,27811.324125487085,667.8258589109133,25.12789612266659,15,Android,Basic,1,0
3738,33.0,25981.712130448497,648.4294181622935,20.578659577213866,18,Windows,Standard,1,0
3739,,53064.98472475182,692.0777434238198,32.37854159790177,11,Android,Standard,0,0
3740,69.0,24993.00998110245,674.9641372972011,54.6604780864042,20,iOS,Basic,0,0
3741,20.0,28143.186073245113,712.1675089784876,189.39049506529187,11,iOS,Basic,0,0
3742,52.0,68515.37371534578,737.0484747128216,160.69446028656648,10,Android,Premium,1,0
3743,58.0,40740.54948281117,616.3584789773028,311.55679158373414,12,MacOS,Basic,1,0
3744,23.0,74542.1172075372,683.3765531990246,7.250225951166355,16,Android,Basic,1,0
3745,42.0,,677.3436930622771,1.3948288521567966,16,MacOS,Standard,0,0
3746,30.0,17925.81089318187,690.1707336694791,144.1327618648298,13,MacOS,Standard,1,0
3747,51.0,34156.90924578123,679.2264577616477,39.301796054141114,11,Web,Standard,1,0
3748,25.0,65773.31079291849,630.9668543884983,48.790089266566255,9,iOS,Standard,1,0
3749,38.0,17443.011510487002,752.7374767685294,94.97114640985512,10,Web,Premium,0,0
3750,51.0,46715.27566547473,774.0380573101324,12.965443747186209,7,iOS,Basic,1,0
3751,21.0,35470.55220172247,707.3444851725842,123.49966647422357,9,Web,Basic,1,0
3752,42.0,12671.703994057425,709.9050889880577,47.19132609981761,14,MacOS,Standard,0,0
3753,32.0,39018.672114801804,686.5524581980586,120.19410047688802,12,Web,Standard,1,0
3754,21.0,21971.89004934551,728.4601610889501,215.4970963815802,19,Windows,Standard,1,0
3755,62.0,18023.088884921257,557.8427347384634,22.520331746645105,8,Web,Standard,0,0
3756,29.0,36515.21877806396,679.8068860604069,320.6173476696208,14,Web,Standard,1,0
3757,49.0,,651.3686498652244,90.77853445004334,10,Web,Basic,0,0
3758,49.0,24231.914503402924,687.2909049010644,307.56146187110204,10,Windows,Premium,1,0
3759,45.0,167829.61570319932,734.6313782586554,27.94237679134335,17,iOS,Basic,1,0
3760,30.0,53644.45759671588,680.9517088108039,111.33155380003963,12,Web,Premium,1,0
3761,48.0,21399.975503212445,661.9753830664664,62.07902752644482,15,iOS,Standard,0,0
3762,31.0,84330.55754892548,609.8364485129777,178.5844692028314,10,Android,Standard,1,0
3763,37.0,20025.74277300836,674.5361743890805,111.74079453479835,15,MacOS,Basic,0,0
3764,35.0,26050.256878680695,713.613884845534,81.8685382263064,11,Android,Basic,1,0
3765,46.0,18227.544335929386,637.9455936494015,293.0015318666861,13,Windows,Premium,0,0
3766,23.0,42346.79114008092,579.8330071495279,56.80760181818762,19,Windows,Basic,0,0
3767,49.0,82551.5126526296,793.712007560568,29.812317754183127,14,iOS,Basic,0,0
3768,46.0,19942.257673749293,696.7587742050348,112.41019226851319,14,iOS,Basic,1,0
3769,60.0,10548.449671682985,668.921320570452,117.3890123077385,8,Web,Basic,1,0
3770,19.0,69883.16147511317,749.5497402602186,69.38436643063861,14,Android,Basic,0,0
3771,40.0,92252.09767352146,687.0739670741901,80.00634885893554,12,iOS,Basic,1,0
3772,36.0,10970.352876369707,746.6015905815617,384.9327656338454,13,iOS,Standard,1,0
3773,48.0,47859.86806956919,742.3180607938612,158.31961525704102,10,iOS,Standard,1,0
3774,68.0,41601.98707228036,616.2739563057435,14.065220423164796,16,MacOS,Premium,0,0
3775,22.0,22640.93470603958,702.9997308206528,28.610672076662887,14,iOS,Basic,1,0
3776,36.0,15730.96905992139,766.2642828484672,445.4657999753043,7,MacOS,Basic,1,0
3777,51.0,65844.43591644049,630.0674654826097,155.55932629683784,9,Windows,Basic,0,0
3778,27.0,40434.64794791315,630.6812703973828,295.87620711436233,4,Web,Standard,0,0
3779,42.0,42304.80172105147,639.1399465248993,43.46479109538328,12,Android,Basic,1,0
3780,19.0,25007.683291661102,724.5209292745103,162.51357371886695,14,iOS,Standard,1,0
3781,28.0,22445.703125641612,694.2192856431797,150.2127526282868,12,MacOS,Basic,0,0
3782,67.0,8324.979690246444,583.2113834580188,41.89414030324895,12,iOS,Basic,1,0
3783,48.0,31671.838262375808,697.0473061758466,96.03880802017224,10,iOS,Basic,1,0
3784,32.0,86102.68095954154,667.4042533564422,118.47484535016754,13,MacOS,Premium,1,0
3785,26.0,21286.904447940527,674.3862065674915,78.73264786057362,14,iOS,Basic,1,0
3786,40.0,14567.54201888868,638.1489951779442,210.6596645814096,15,Android,Premium,1,0
3787,36.0,47164.59291074885,697.4129110757067,214.6773111629011,14,Windows,Premium,1,0
3788,26.0,52682.994585443674,732.522914015348,228.13580115767536,9,Web,Basic,1,0
3789,52.0,25551.630856410367,647.901681633376,195.2044754359399,7,iOS,Premium,1,0
3790,38.0,29458.604547130235,595.877198453154,80.35124503631957,12,MacOS,Basic,0,0
3791,26.0,42546.03181587677,664.8442839241643,57.642999798582935,9,Android,Basic,1,0
3792,45.0,33079.54249633609,717.8143364301114,213.61026927823227,11,iOS,Basic,1,0
3793,63.0,66176.29534575797,658.9484827068752,80.84875776965262,12,Windows,Basic,1,0
3794,68.0,156740.29544697728,605.1225519419919,33.94267241422001,15,Windows,Basic,1,0
3795,24.0,13023.385003572295,718.162142445969,84.9531801549158,13,MacOS,Basic,1,0
3796,33.0,75951.7142344559,750.7674073499156,18.357139449895136,11,iOS,Basic,0,0
3797,33.0,38683.0121693679,681.0007775055462,141.17439196500015,10,iOS,Standard,1,0
3798,50.0,,599.7104570009201,49.12255017134204,19,iOS,Basic,1,0
3799,21.0,56084.384789066746,664.1084728990228,36.239490897627086,11,Windows,Basic,1,0
3800,21.0,37672.80935537501,687.5769440412636,376.2234508765258,14,iOS,Standard,1,0
3801,56.0,57297.585587119225,639.5143346374138,180.00599982662422,16,iOS,Standard,1,0
3802,57.0,28667.132524470722,709.1686115635707,185.6147364467552,10,iOS,Standard,1,0
3803,34.0,22820.60527021255,634.62694425501,117.2912358527275,11,iOS,Premium,1,0
3804,54.0,59072.32793891063,681.2813836201012,219.29098171978447,15,MacOS,Standard,0,0
3805,,21881.63393229104,668.5838957830819,170.83593222747368,12,Windows,Standard,0,0
3806,69.0,53392.39264587996,710.7927399075043,109.58756184064313,10,Web,Basic,1,0
3807,46.0,36991.68918787982,679.2865411202721,389.68662265801294,8,MacOS,Basic,1,0
3808,69.0,8976.227827809556,670.175414996037,25.523045540920986,9,iOS,Standard,1,0
3809,53.0,25728.909700108237,639.8567379883036,344.5665643568834,4,Web,Standard,1,0
3810,55.0,44395.9228728009,681.7384507296634,61.587052521851845,11,Android,Standard,1,0
3811,56.0,28464.11931420183,666.989624932053,90.19463456208283,13,Web,Standard,1,0
3812,67.0,7879.035153789092,636.4734871885996,15.71413075977707,21,MacOS,Standard,1,0
3813,54.0,80213.73806036882,687.9745512209216,93.21148555830128,11,Windows,Basic,1,0
3814,69.0,40200.110797618065,698.1985670028049,113.36490869244683,14,MacOS,Basic,1,0
3815,52.0,47393.6520046434,663.0796388971593,729.0620078838307,7,Windows,Standard,1,0
3816,24.0,27338.037015142752,726.5784615531878,443.59268009290264,14,Windows,Standard,0,0
3817,44.0,49955.795975367735,693.1987154718079,407.1778339537626,7,Windows,Basic,1,0
3818,45.0,,615.807305657068,51.39672941442293,15,Android,Premium,1,0
3819,39.0,23364.10641539766,746.8696997456841,568.8706715281519,8,Web,Premium,0,0
3820,31.0,98736.26882427151,718.3493965690018,72.94166541423834,5,MacOS,Standard,0,0
3821,24.0,46126.29420227971,730.0915605630765,229.13247084792152,9,MacOS,Basic,1,0
3822,54.0,21554.509931018863,700.0251478431385,29.25053588226981,7,Windows,Basic,0,0
3823,39.0,136958.6565904694,563.113642973649,84.5858550956201,11,Android,Basic,1,0
3824,22.0,45935.069418301144,734.6309295628413,405.8100703350685,13,Android,Standard,0,0
3825,19.0,54496.25165228669,683.0393841659992,352.5667122896139,13,iOS,Basic,1,0
3826,44.0,30896.20800788582,697.6609590915398,138.14093075017945,6,Android,Basic,0,0
3827,38.0,22521.011858687394,707.0192023886832,191.82825702003956,10,Windows,Standard,1,0
3828,55.0,40162.45756357629,776.8138556322282,23.292326265407148,13,Windows,Premium,0,0
3829,32.0,93796.06977751545,652.6888157766947,153.46880156335985,16,Web,Standard,1,0
3830,38.0,30157.957952625242,653.9798504880274,115.49612224022394,12,Windows,Premium,1,0
3831,27.0,35737.26470596623,637.4482739145217,11.522080693068997,15,Web,Premium,1,0
3832,40.0,87011.63142039877,626.5028724302441,14.410749130818276,16,Android,Basic,0,0
3833,,30327.30960068232,627.4234383207653,13.774391931471449,7,iOS,Standard,0,0
3834,22.0,49323.986668269674,587.411762686479,154.63781908336284,10,MacOS,Basic,1,0
3835,18.0,61476.502280436136,701.3327905296238,18.338317133970115,12,Windows,Basic,1,0
3836,30.0,32271.230982887322,779.3903282381043,75.67303997320408,12,Android,Basic,1,0
3837,38.0,43734.93789923055,782.5787160910111,52.989871135779524,11,Windows,Basic,1,0
3838,43.0,53995.80658019418,637.3815937979,95.95543644719811,5,Web,Premium,1,0
3839,67.0,28551.10401528175,666.3922811180381,147.09570374810153,10,Android,Premium,0,0
3840,62.0,59246.32898352887,741.6671090225399,138.51626323743798,13,MacOS,Basic,1,0
3841,38.0,26155.332016868902,701.6173482103892,86.96147455375441,13,Web,Basic,1,0
3842,35.0,24220.325410398604,686.7257835797308,74.90952928275523,10,Android,Basic,1,0
3843,54.0,14527.161216235918,667.1632710578716,60.86298722218925,12,MacOS,Standard,1,0
3844,62.0,26847.355236710253,738.9150722471605,237.581910974778,10,Web,Basic,0,0
3845,49.0,22263.378301444838,626.3474520646766,48.209967120607075,11,MacOS,Standard,0,0
3846,53.0,28551.810446100262,704.0437532722983,36.02981536501123,6,Android,Basic,1,0
3847,34.0,52427.97380746302,697.2466921261306,163.188905997443,13,Web,Basic,1,0
3848,52.0,12895.00682996097,682.1685978341675,53.51010957738252,8,iOS,Standard,0,0
3849,66.0,11105.518914561339,719.3864828716793,225.27698468619624,7,Windows,Standard,0,0
3850,28.0,23168.5832576592,681.68686474664,47.679762588305714,9,iOS,Premium,0,0
3851,38.0,47893.65428124076,653.2736205031276,145.25719886172735,10,MacOS,Standard,1,0
3852,69.0,43188.04363479241,684.6255654491071,5.538970526800748,8,Android,Basic,1,0
3853,43.0,22947.461520750898,600.3948165181087,58.44584189838813,6,Windows,Standard,1,0
3854,21.0,73250.83596413689,710.6357365598284,50.45059971577594,10,Android,Premium,1,0
3855,51.0,24463.904853821397,723.4114626749787,203.58181706255058,10,MacOS,Basic,1,0
3856,69.0,47928.82570650364,647.1692734276921,409.55136169560245,16,Android,Premium,0,0
3857,65.0,29211.80547032986,635.2744389190864,74.13833597428068,9,Web,Basic,1,0
3858,35.0,21563.000592834585,649.012417166446,209.0441019959893,8,Web,Standard,1,0
3859,57.0,25259.558742639925,676.8488511310055,144.3546789982702,12,MacOS,Basic,1,0
3860,52.0,56409.91561939667,690.7942979017798,410.7615908029493,14,Android,Standard,1,0
3861,58.0,,760.774597194504,199.98990945260834,9,MacOS,Basic,1,0
3862,,64916.79151458765,754.4545508055578,9.677295194044007,12,Windows,Basic,1,0
3863,69.0,45097.93104127781,721.5771332536267,149.91061876873482,20,Android,Standard,1,0
3864,46.0,13812.072700835444,686.0630331174592,92.01517296897225,7,Web,Basic,1,0
3865,55.0,129139.55245381375,633.6537956950197,1.9887154145187074,10,iOS,Premium,1,0
3866,59.0,45483.341109469715,763.9818616710631,34.732106183632276,9,Web,Basic,1,0
3867,38.0,49454.23288268929,667.6178934658845,305.7496177087319,14,Android,Premium,1,0
3868,59.0,28966.561509651016,694.0687066967625,312.54238702464477,9,Android,Basic,1,0
3869,,70820.72593099558,711.3676194272183,192.44480021244036,11,Android,Standard,1,0
3870,,18847.498219930436,683.0797927686339,480.62563360825936,10,Android,Premium,0,0
3871,58.0,52359.95950344389,737.5548672724411,197.1253815380374,16,Windows,Standard,1,0
3872,34.0,10427.689829992874,702.7695972051259,1.2307928290786687,9,iOS,Premium,1,0
3873,26.0,54520.12141615565,729.4319261069631,40.733367182080244,17,Web,Standard,1,0
3874,58.0,19001.434456633906,702.3672779653168,3.732348174513824,15,Windows,Basic,1,0
3875,,42881.54012767487,678.1050168890717,11.860218099908277,13,MacOS,Standard,0,0
3876,19.0,81994.24001401865,683.7092805761083,29.637159646268863,11,Android,Premium,1,0
3877,65.0,59493.98087788219,676.8879760837999,84.03476646328569,11,Web,Premium,1,0
3878,46.0,75707.2344378918,615.7857090785275,225.6960676470519,12,MacOS,Standard,1,0
3879,50.0,71147.40041651053,629.9590269508192,237.63128705085535,13,iOS,Basic,1,0
3880,27.0,26514.05779780641,717.0273767911841,114.91662455224385,7,Web,Basic,0,0
3881,67.0,51999.953549520425,617.0314362517018,316.0242898280184,17,Windows,Basic,1,0
3882,57.0,12900.867839088778,659.7888354812407,83.19262098122579,8,MacOS,Basic,1,0
3883,38.0,24048.746395147184,627.4948215266666,263.825982278894,13,Web,Basic,1,0
3884,45.0,83750.12422505318,657.1140525980591,72.63069929658792,14,Windows,Standard,1,0
3885,28.0,28824.41120947052,672.236534794812,38.95887826143231,11,Android,Basic,1,0
3886,51.0,11839.52593067619,659.6883120816761,297.8239552276484,13,Web,Standard,1,0
3887,25.0,121566.8201167383,608.5817786374963,58.91002999253223,18,Android,Basic,0,0
3888,39.0,50886.358966990476,670.7234748826768,83.99744158729146,11,MacOS,Standard,1,0
3889,25.0,57450.95648764477,632.0551919276052,47.85341549169844,17,MacOS,Basic,0,0
3890,66.0,20165.293841265728,648.1721395136949,130.4628679750024,14,MacOS,Basic,0,0
3891,,43063.62457300597,717.0260076649997,636.5498339210914,9,Android,Standard,1,0
3892,34.0,42384.79559844938,727.7696498228679,3.10135962392194,9,Android,Basic,1,0
3893,40.0,,614.4514582138555,276.12795684055476,8,Windows,Basic,0,0
3894,41.0,32797.520227238594,758.4332948539073,0.47205410190863833,20,Web,Standard,1,0
3895,62.0,14760.638740654113,654.495671164051,54.349810024455614,9,Windows,Basic,1,0
3896,36.0,29494.948202024385,649.9494939684054,22.158292648476035,13,Android,Premium,1,0
3897,22.0,65140.890829833275,635.417260632961,169.93215966279234,12,Web,Standard,1,0
3898,49.0,23199.616900411158,682.7956037493268,6.2323789758189845,11,MacOS,Standard,1,0
3899,61.0,114048.45738648706,779.0775125024468,96.75386167848418,9,Windows,Basic,1,0
3900,18.0,15341.93323114338,603.0170290523556,41.934324836502334,10,Windows,Standard,1,0
3901,40.0,31066.793360428663,577.1556868289213,17.218760149569032,18,Windows,Standard,0,0
3902,54.0,24492.98482435068,693.4255262873544,177.3135182850508,10,Android,Standard,1,0
3903,25.0,32594.260747839155,708.4669586462649,29.41860961361554,20,Web,Basic,1,0
3904,30.0,82692.55636517041,682.6336104907609,30.38211662358294,9,MacOS,Standard,0,0
3905,25.0,20117.12461298932,709.7899737708166,38.60274483257343,9,Android,Premium,1,0
3906,40.0,27701.384737302506,623.436950330498,106.04917307170398,9,MacOS,Basic,0,0
3907,,53782.502001195426,632.7565113852123,129.3393107893521,10,iOS,Premium,1,0
3908,18.0,38403.16925876795,686.1978966252948,2.131114860815305,6,iOS,Basic,1,0
3909,62.0,40340.24841759907,767.9034680364413,33.227990893029,7,MacOS,Basic,1,0
3910,68.0,20349.959409310315,708.0340330045026,67.65883233221982,13,iOS,Basic,1,0
3911,41.0,34788.77015670885,710.3601994872123,48.41191239456631,10,Web,Basic,1,0
3912,,71606.92534190547,626.3161752216374,258.6764838244453,10,Web,Basic,1,0
3913,41.0,13825.74081534178,701.1202541415961,185.9755243618818,4,Android,Basic,0,0
3914,34.0,23899.5404471157,620.8925375599101,117.9847179962882,14,MacOS,Basic,1,0
3915,22.0,12218.115693707146,768.3878678980105,49.50645571211287,11,Android,Basic,0,0
3916,37.0,50120.50166142132,629.4036345318314,144.74597627366532,8,Web,Basic,1,0
3917,38.0,75756.71203649435,640.1759690750819,222.66978351578965,13,Web,Basic,0,0
3918,57.0,32531.170715825327,606.3462178467693,108.41393738651247,10,Web,Premium,1,0
3919,48.0,19864.470069300267,684.2908159778198,184.1538693003853,12,Windows,Premium,1,0
3920,63.0,20216.45446198592,682.1895823931554,165.92647202596655,15,iOS,Standard,1,0
3921,53.0,30386.863590676217,755.6620540588357,101.76222152425628,13,Android,Basic,1,0
3922,28.0,30317.390561121025,718.8207459319216,44.90793360402122,14,Android,Basic,1,0
3923,69.0,62761.62301096932,640.4616643372475,164.34764806406542,9,Web,Basic,1,0
3924,32.0,,723.6697768208642,27.80103616266838,17,Windows,Basic,1,0
3925,36.0,47148.00629732567,617.8242163837954,181.41656820270464,21,Android,Premium,0,0
3926,24.0,30233.866503356454,644.0823480584679,195.892051508505,12,Android,Premium,1,0
3927,68.0,23228.745639226214,685.922977436961,207.21431883380356,13,Windows,Basic,1,0
3928,45.0,29785.422114004326,623.40568107337,76.84743543510231,16,Web,Basic,0,0
3929,68.0,44441.234798953905,733.2329425204072,25.654608859964636,11,Windows,Standard,1,0
3930,60.0,62878.52905441974,793.9656417424011,12.606414212287987,18,iOS,Standard,1,0
3931,22.0,31220.059119355745,665.2738954593682,163.21029922235633,14,Android,Basic,1,0
3932,22.0,17634.934377662743,647.4156540654399,260.86227719260444,8,iOS,Basic,1,0
3933,47.0,66159.83805783176,673.5205194662977,126.26643705694337,8,Android,Standard,1,0
3934,49.0,21186.053069985675,652.1313835743997,18.6806288111459,17,iOS,Basic,0,0
3935,25.0,42467.48063962554,693.0865219096942,327.81314123929286,10,Android,Standard,1,0
3936,,35778.4272286,613.8797759648587,542.3012792339332,11,Web,Basic,1,0
3937,55.0,33019.644281357374,695.9253199300688,68.16767288199138,9,MacOS,Basic,1,0
3938,64.0,27114.237011230383,775.5961619284913,108.41243044631256,7,Windows,Basic,1,0
3939,49.0,52685.168814371966,579.8928723379724,180.1930543573676,14,Android,Basic,0,0
3940,65.0,4233.407212963763,621.5676285029845,159.9940493238059,15,Windows,Standard,1,0
3941,45.0,71817.41720103002,657.7471328056373,412.24693673733174,8,Android,Basic,1,0
3942,34.0,21004.570489112222,707.0946410237952,14.644265066731482,14,MacOS,Basic,1,0
3943,,46386.98234072568,724.5191047882524,104.30735166069476,6,Web,Standard,1,0
3944,25.0,44936.93632090665,720.4967246250418,141.29194288743918,21,Web,Basic,1,0
3945,57.0,78040.75187808563,595.4149088702503,264.98040948883556,10,Windows,Basic,1,0
3946,42.0,40890.354434590314,646.282708670185,248.68125744105694,11,MacOS,Basic,0,0
3947,26.0,22082.362492706925,634.9841545940958,458.00441305081415,12,Windows,Basic,1,0
3948,19.0,13865.333446216624,676.7400557825088,86.11207827828083,11,Web,Standard,1,0
3949,32.0,29457.92069995804,680.9140042879411,213.17310899306077,10,iOS,Basic,1,0
3950,67.0,11215.979064187064,611.5386443264711,66.8833584457282,7,Windows,Standard,1,0
3951,20.0,24907.10980949746,658.022282245712,65.84695189001829,15,Android,Standard,1,0
3952,66.0,30467.676928461537,709.0259272797853,35.05878647930742,13,Web,Standard,0,0
3953,53.0,24005.79199124831,648.5834582705224,204.6063860868161,7,Android,Premium,0,0
3954,21.0,37237.22434660631,669.9883332304987,510.6693204341958,14,MacOS,Basic,1,0
3955,31.0,31518.74078465763,764.844490979032,35.54083943519398,18,Web,Standard,1,0
3956,58.0,29833.52604559126,779.5014756759588,6.9322219971617365,7,Web,Standard,1,0
3957,58.0,8480.372288581197,571.931945368732,202.84030260837343,8,Windows,Premium,0,0
3958,42.0,16700.215317557915,685.694878599924,116.18275331980635,15,Windows,Standard,1,0
3959,67.0,53401.49597734592,825.8516385604328,385.3648856964045,11,Android,Basic,0,0
3960,27.0,58838.62251600814,703.9423433916288,34.8806596510199,11,Windows,Basic,1,0
3961,38.0,12048.964109568547,680.9245029473578,8.841157489259782,9,iOS,Basic,1,0
3962,53.0,22273.86041610581,745.6344089224824,81.37737634152961,12,Web,Premium,0,0
3963,29.0,69090.96305751683,690.9046403230833,10.720878980090367,12,MacOS,Standard,1,0
3964,44.0,,715.4568572755668,36.42323322088525,15,Web,Standard,1,0
3965,57.0,33965.66796563869,669.4847752503979,16.1579487332287,9,Android,Standard,1,0
3966,19.0,86256.7159034549,690.1755180207458,30.45277295052115,12,Windows,Basic,1,0
3967,30.0,29233.003683807252,701.33153450211,13.46535851413013,6,Web,Basic,1,0
3968,49.0,26827.113528137947,723.2779382836993,369.2486972242692,10,Windows,Premium,1,0
3969,48.0,33050.03768907117,658.413965895529,39.18117905691703,15,Android,Standard,1,0
3970,33.0,110419.99148682386,657.0550456104561,70.41633646065583,12,Windows,Standard,1,0
3971,49.0,47463.729163367076,583.6258786232953,274.65583688427535,14,MacOS,Basic,0,0
3972,49.0,36733.66722744387,660.6424472075088,135.7318896108389,12,Android,Basic,1,0
3973,51.0,,727.6517682548879,115.491935021181,10,Web,Basic,1,0
3974,28.0,50175.90231738778,703.1612228000067,146.7229040641963,13,Web,Basic,0,0
3975,27.0,53950.371785416144,630.1624048797117,211.80633962192843,12,MacOS,Basic,1,0
3976,32.0,19074.2186689438,584.8068762437899,252.12323794981836,8,iOS,Basic,1,0
3977,34.0,54829.13077426728,672.8789632456218,123.48128164333103,11,Windows,Basic,0,0
3978,57.0,33166.9317870473,726.1888926321989,264.8809258750782,12,Web,Basic,1,0
3979,35.0,36859.88756070798,656.0550834095092,91.98877640608906,2,MacOS,Standard,1,0
3980,26.0,21363.232122150454,607.7538747927101,38.9698114310077,14,Windows,Premium,0,0
3981,42.0,28567.09423816157,650.5246413847693,254.50835775602906,14,Android,Basic,1,0
3982,57.0,19573.16238540184,696.3079431957882,93.56828699376845,11,MacOS,Basic,1,0
3983,31.0,19016.62922874604,742.1218643262846,283.91103197850623,7,Android,Standard,0,0
3984,42.0,45535.80107033899,667.1652485937806,4.919617919899382,15,Android,Standard,0,0
3985,67.0,29346.543814788165,732.7446206275873,60.803250911517985,12,Android,Standard,1,0
3986,39.0,16650.864201948436,727.2021074074543,354.3322711112468,15,Windows,Standard,1,0
3987,69.0,134085.31943147324,621.1667421307257,34.46587659122325,16,iOS,Basic,1,0
3988,47.0,18494.098800258078,742.5354059134576,340.72179686056376,11,Android,Standard,1,0
3989,37.0,69930.82209587636,694.7556383538571,369.239486058754,16,Web,Standard,0,0
3990,38.0,14974.76627267197,619.6658473127891,256.59329221739125,12,Windows,Standard,1,0
3991,61.0,47757.97755173563,768.0415669968867,99.52223530309017,12,Windows,Premium,0,0
3992,49.0,31246.535306587255,673.7212206034958,124.93388452912386,10,Android,Basic,0,0
3993,,24898.577721052316,582.8278423844541,244.47347930368161,14,Web,Basic,1,0
3994,63.0,40865.66055983393,644.6866826047946,179.47798548286565,16,MacOS,Basic,1,0
3995,66.0,37697.75843827032,632.3772879142387,119.3407143233449,8,Windows,Basic,1,0
3996,38.0,22303.990548247577,645.9130032942566,483.8279909347306,15,Android,Standard,1,0
3997,52.0,21706.275071501972,657.7407293920877,138.87996028584107,8,Android,Standard,0,0
3998,49.0,14124.29259235542,667.1305366857534,445.0016915137249,10,iOS,Standard,1,0
3999,47.0,43622.94841289433,665.2498645741432,7.092124479718486,21,iOS,Basic,1,0
4000,56.0,17115.1121511237,675.125738701147,17.953769832130515,15,MacOS,Standard,1,0
4001,66.0,36402.21756593808,709.3696693208777,72.05915664003844,15,MacOS,Basic,1,0
4002,29.0,51817.68558167052,642.6781820386359,58.312443818248646,17,MacOS,Basic,1,0
4003,58.0,41143.984844185834,739.0500265501972,183.1964090591173,6,MacOS,Standard,1,0
4004,64.0,23532.11166443602,618.7408250714163,21.010156600281707,16,Android,Basic,1,0
4005,35.0,62648.02570944186,710.7559427912713,448.0410155483023,15,Android,Premium,0,0
4006,38.0,28430.48071255426,762.1635663842967,45.41191363301805,12,Android,Basic,0,0
4007,30.0,16309.508244309047,671.1321725680045,67.22789599054818,11,Web,Basic,1,0
4008,38.0,30630.8667647257,689.673268549412,38.54784078709123,7,MacOS,Standard,1,0
4009,25.0,51641.3727039589,631.6013804812264,103.91838211388146,9,Web,Basic,1,0
4010,63.0,24230.11139873152,654.4109137937486,7.250116492580969,11,Windows,Basic,1,0
4011,57.0,61507.195624954315,758.3839268607327,19.456751549099472,7,Windows,Basic,1,0
4012,63.0,22875.102268078725,717.4241147191821,164.3549862867412,11,Android,Basic,0,0
4013,24.0,24821.663616998107,700.9272160046986,24.76920833727988,6,Windows,Basic,1,0
4014,40.0,19386.89478992207,583.1012726391726,32.226258848461896,11,Android,Premium,0,0
4015,61.0,54733.19840556841,644.1763549466708,188.99408059733923,11,MacOS,Premium,1,0
4016,49.0,35173.71880786305,766.9495905163426,11.753393273031227,12,Web,Standard,1,0
4017,28.0,20173.856880882897,700.5415981562076,69.03811304281265,6,Android,Basic,1,0
4018,39.0,28631.815100451557,706.7797698422024,2.8000209916046517,12,iOS,Standard,1,0
4019,39.0,5752.037433330808,688.5277576973053,51.105989489804415,15,iOS,Standard,0,0
4020,60.0,57917.99548258823,649.3505255533227,144.069987695468,16,MacOS,Premium,0,0
4021,42.0,32779.284223839575,696.6270795228222,11.330901612834142,13,Web,Standard,1,0
4022,39.0,8572.006453009126,603.4892927088745,263.06983427827663,7,Android,Premium,1,0
4023,45.0,15153.565582178291,599.7272650480461,288.2873823709761,15,MacOS,Premium,1,0
4024,46.0,28199.049832214143,643.2362640311222,13.310496805797321,10,Web,Premium,1,0
4025,30.0,16506.302299998242,689.6082118016633,561.7481709188348,22,iOS,Basic,1,0
4026,35.0,58454.829765885115,601.5163437485763,42.3782337059439,13,Android,Basic,1,0
4027,19.0,46683.391200841026,686.352134600745,10.541989818423858,9,Web,Standard,1,0
4028,46.0,45058.709145219545,630.2720376834264,0.6095995025470515,12,Windows,Basic,1,0
4029,38.0,7611.319597195402,637.0087264606052,63.01587651386459,8,Android,Basic,1,0
4030,32.0,26495.361302829264,744.9794238832603,119.24866236252146,11,Windows,Premium,1,0
4031,69.0,23895.134257357193,681.8647039910331,48.4482575559882,13,MacOS,Basic,1,0
4032,44.0,20487.440678225637,634.8097310782226,217.47271507139175,8,Web,Basic,1,0
4033,67.0,28307.861350758954,689.3416736380476,151.3101714976245,15,Web,Basic,1,0
4034,48.0,18476.539584638795,606.5190847996855,51.72377492356923,8,Web,Basic,1,0
4035,32.0,41321.260962530534,699.1165163899943,159.0508570252805,9,Web,Standard,1,0
4036,68.0,57522.4630710831,735.3659093257967,338.5887463571248,11,Android,Premium,0,0
4037,40.0,54624.088352208404,713.0864367510799,11.726241156261421,6,Windows,Standard,1,0
4038,,33431.4799641147,787.8857152218984,43.85197538331062,16,Windows,Basic,0,0
4039,61.0,120516.72485997464,583.0804469368892,74.6837198067871,5,MacOS,Basic,1,0
4040,30.0,71968.59114335266,686.3484540039893,82.69625923879482,12,MacOS,Basic,0,0
4041,39.0,34168.69243093802,612.824963508774,93.75760300468083,9,Web,Basic,1,0
4042,60.0,27190.873798747718,671.3389284324118,42.90851111763439,10,iOS,Standard,1,0
4043,54.0,81049.5761505652,680.0771984206126,132.0471372965194,7,iOS,Basic,1,0
4044,50.0,66472.81922677018,793.9922741487256,124.3050667145383,23,Web,Basic,1,0
4045,20.0,15580.005582014659,677.0111444803833,103.47925001433156,6,Windows,Basic,1,0
4046,36.0,69667.74994009119,676.0784889857675,14.492331289590522,11,MacOS,Basic,0,0
4047,40.0,33102.890345383654,730.2579553345045,77.77349077244727,15,Android,Standard,1,0
4048,46.0,21664.9945289377,677.3589130236211,52.84907096634727,12,iOS,Basic,0,0
4049,47.0,11075.34210696432,771.5573537627316,81.04594134451433,10,MacOS,Basic,1,0
4050,56.0,30904.289844882296,713.4842244658253,305.9202661831596,9,iOS,Basic,1,0
4051,61.0,36050.047086916704,721.4251539910008,78.59385642965032,10,Windows,Basic,1,0
4052,64.0,94126.65919025392,586.6218031780622,1.68953324115141,16,Windows,Basic,1,0
4053,42.0,64494.82613783652,779.2606409418275,69.32920756074145,13,Web,Standard,1,0
4054,54.0,25597.96070092189,647.1770539848969,206.20871130898624,12,Web,Standard,1,0
4055,64.0,45871.78203552133,679.5134916245828,181.72856336390106,17,iOS,Basic,0,0
4056,25.0,59620.19593379862,647.3648047432326,86.43509390236916,6,iOS,Basic,1,0
4057,59.0,38237.593465992075,628.7874344686063,34.48489644174221,11,MacOS,Premium,1,0
4058,33.0,25532.501918231847,619.891581641283,75.07851250727568,7,Web,Standard,1,0
4059,25.0,26388.841418838605,685.1620829349542,99.53163429288499,11,Windows,Basic,1,0
4060,18.0,45765.40989401203,581.5051603279701,1075.092169443392,13,MacOS,Basic,0,0
4061,61.0,46527.0126128882,667.8598856344024,123.99899118999534,12,MacOS,Basic,0,0
4062,22.0,30461.75467120187,732.8884323651118,142.204360386718,11,Android,Standard,0,0
4063,20.0,7544.006432429827,711.5971118871092,81.14398653027632,9,Windows,Premium,1,0
4064,18.0,16742.1766693004,701.621769382803,52.52566572455651,15,MacOS,Standard,1,0
4065,21.0,52670.634176417356,635.230772890422,201.16743232594354,8,Android,Basic,1,0
4066,57.0,10112.192991382377,600.6952403840544,81.96754169712526,10,Web,Standard,1,0
4067,52.0,73902.99322374689,732.0897059510797,628.5825503347529,7,Windows,Premium,0,0
4068,49.0,67622.38570416733,657.5520092029913,73.3041642917308,7,Web,Basic,0,0
4069,59.0,37222.09550641513,675.8460779518058,8.450732236738364,16,Android,Premium,1,0
4070,51.0,51987.50189681583,670.120271563882,137.70283104100267,9,Windows,Standard,0,0
4071,60.0,49874.48393722531,713.6196484940438,5.731705692999006,15,iOS,Basic,0,0
4072,42.0,,772.1658023062979,34.602131045011056,16,iOS,Basic,0,0
4073,27.0,15925.335208956303,753.1187075711714,52.386081096973996,12,iOS,Basic,1,0
4074,38.0,64884.48311943346,563.3880742401839,161.41072904679154,9,MacOS,Standard,1,0
4075,63.0,,664.573051435548,81.80219713789893,17,iOS,Standard,1,0
4076,56.0,17585.776228641873,612.662824074073,3.4877080572287475,18,MacOS,Basic,0,0
4077,44.0,15572.269213676622,726.9214428790092,115.11940000851618,14,MacOS,Basic,0,0
4078,44.0,33453.83999905501,680.1991740812042,63.608401263928684,14,Android,Premium,1,0
4079,19.0,24940.92338029273,710.3075935767681,305.871243931357,9,iOS,Basic,1,0
4080,58.0,39615.25475394776,660.2937764721104,83.07266229120505,25,Windows,Basic,1,0
4081,65.0,74966.48484550265,628.031419703451,148.12159275775593,12,MacOS,Basic,0,0
4082,30.0,9438.928412172874,636.585963410002,29.641411153971713,10,Android,Basic,1,0
4083,26.0,93785.27793010704,603.3493666371135,171.74173494157702,11,MacOS,Premium,0,0
4084,69.0,28452.716971563063,616.8182965249215,153.16599990119244,8,Windows,Basic,1,0
4085,53.0,49368.477252112796,606.2853472245735,281.31102966843207,15,Windows,Basic,0,0
4086,,,628.2148661093445,4.128819109353505,13,iOS,Standard,1,0
4087,59.0,56455.31349006883,625.3860917984408,71.19637298964558,11,MacOS,Standard,1,0
4088,43.0,37689.80311386468,699.7046552514109,136.4158072512697,18,Windows,Basic,1,0
4089,29.0,43361.895955651395,697.7430822327499,12.000174809366865,13,Web,Basic,0,0
4090,34.0,43192.11482457803,699.6502103429093,63.43885310310381,14,Windows,Basic,0,0
4091,31.0,24880.268025702582,738.7497681125791,341.9811728857093,18,Windows,Premium,1,0
4092,31.0,12646.89342743922,676.0831054311942,68.71018599921804,9,MacOS,Standard,1,0
4093,51.0,17474.334848433457,640.9592701458544,507.2473727534187,11,Windows,Premium,1,0
4094,37.0,34113.7979126863,790.5701787965102,7.022201277014409,12,Android,Basic,1,0
4095,28.0,22650.019817648565,725.2822951651898,151.82937113396363,4,Windows,Basic,1,0
4096,33.0,22681.442464942676,687.6159896602279,104.39077317680035,16,Web,Standard,1,0
4097,68.0,106889.47411785641,684.1437226996165,83.30725412958012,13,Windows,Basic,1,0
4098,48.0,60799.50205257238,694.4826760450151,424.2253472732761,12,iOS,Standard,1,0
4099,23.0,31218.13392349862,669.8949359822891,16.66323714396452,11,MacOS,Basic,0,0
4100,36.0,54351.145429836324,686.4112270751912,271.60251598804194,14,Web,Basic,1,0
4101,54.0,28221.484728211202,704.9689830307898,141.0230801369753,10,Android,Standard,0,0
4102,21.0,38810.03245095419,643.6731893017228,35.969922541117406,11,Windows,Basic,0,0
4103,64.0,47333.67134831378,598.2942074081483,278.3300905737759,14,Windows,Standard,0,0
4104,21.0,28266.606917356123,576.2178616055193,67.30592356582788,11,Android,Premium,1,0
4105,37.0,24073.084544287653,724.3949409466858,201.9877856037965,10,Windows,Standard,1,0
4106,27.0,75686.80298079876,600.8537918641274,59.08689472713529,6,iOS,Basic,1,0
4107,41.0,52494.71518231651,703.2671996978938,228.40138024209,10,Web,Standard,1,0
4108,52.0,9388.431069806278,622.2822052475933,121.47975048449145,15,Windows,Basic,1,0
4109,43.0,24321.559105484026,623.0877026970035,18.244877603368643,19,Android,Basic,1,0
4110,54.0,,644.090061974712,125.8632236654457,13,Android,Standard,1,0
4111,55.0,,689.7066076002822,25.485913421140953,13,Web,Standard,1,0
4112,38.0,60927.58904838073,615.5704145811204,63.70761054312912,14,iOS,Standard,0,0
4113,57.0,36736.40781311729,649.1533764852941,22.4022920668963,12,Web,Premium,1,0
4114,56.0,15775.639059412828,678.7140463909722,2.6714504724389223,8,Windows,Premium,0,0
4115,38.0,28855.938688032584,619.486910457653,28.57358568234884,15,iOS,Premium,1,0
4116,27.0,50263.909247773016,751.4117107237346,92.24073883405111,11,iOS,Basic,1,0
4117,55.0,31831.54285033787,593.8731128703099,78.83194117669406,12,Android,Basic,0,0
4118,63.0,24666.329864964206,669.0915408774586,83.53750358281484,13,iOS,Basic,0,0
4119,21.0,44299.628378156856,743.627031629275,34.152318798249645,14,Windows,Standard,1,0
4120,62.0,95886.02194354066,613.7766718054694,138.68334229508832,12,Windows,Standard,1,0
4121,37.0,47899.23918045773,674.5187074756142,146.19428435802496,10,Windows,Standard,1,0
4122,34.0,79266.0272447285,686.6429341333624,53.17402327167137,12,MacOS,Premium,0,0
4123,24.0,25679.068127641716,639.661477399874,255.60745478694844,16,iOS,Basic,1,0
4124,21.0,36133.75443387022,676.1258612834057,123.9467718630129,12,iOS,Basic,1,0
4125,46.0,35698.67346658385,708.0722230429976,149.8091904213664,9,Windows,Basic,1,0
4126,31.0,38995.73072151758,656.6429650841055,38.977958000561166,13,Android,Premium,0,0
4127,20.0,47302.18480664227,718.2164807065193,0.07341867368090749,13,iOS,Basic,1,0
4128,41.0,20923.2974440656,699.6365470190995,240.6320028282477,15,MacOS,Premium,1,0
4129,54.0,53551.528094196176,650.8549899423283,207.40305100951647,15,iOS,Premium,1,0
4130,33.0,13674.231614267457,736.3727183561275,15.776053326625703,5,Web,Basic,0,0
4131,69.0,16293.898678119365,642.9531443158439,56.228744304155796,11,MacOS,Premium,1,0
4132,21.0,130793.58346238064,722.7946652702607,129.9307899056556,13,Android,Basic,1,0
4133,41.0,26740.313011093236,643.8492150856966,126.70456862200648,11,MacOS,Basic,0,0
4134,51.0,56258.454477332336,664.1963320579132,236.23420608926673,8,MacOS,Basic,1,0
4135,47.0,100606.71012390096,671.8677855111429,18.13617050572861,10,iOS,Premium,1,0
4136,35.0,9057.300102851932,696.9291545443181,67.44158617198156,13,MacOS,Basic,0,0
4137,36.0,71378.19489752183,559.3275914858262,12.273753754563726,13,Windows,Basic,0,0
4138,48.0,53603.31347735454,702.9007775744928,59.23596176421614,10,MacOS,Standard,0,0
4139,36.0,97172.04717253294,674.8760388428796,1.8267270689796402,17,iOS,Basic,1,0
4140,66.0,17873.708317644385,694.2870080638296,274.255579738221,14,Windows,Standard,0,0
4141,63.0,86747.1456565071,705.1244161811051,89.85034936411614,15,Android,Premium,1,0
4142,36.0,23303.3251818396,699.6904418995632,227.49631100541762,10,Web,Basic,0,0
4143,39.0,68382.12154789605,579.6319573870474,7.412883233468516,14,MacOS,Basic,1,0
4144,41.0,35539.05027153708,626.9494700605989,30.968285490646444,18,Windows,Basic,0,0
4145,62.0,57668.206332395355,696.6407967163032,36.032111914058866,13,Windows,Standard,1,0
4146,29.0,37396.092898207215,689.9848098312699,58.66646379070762,20,Android,Basic,0,0
4147,47.0,12044.44756198668,640.522315724184,194.86481609897027,15,Android,Basic,1,0
4148,55.0,5584.072267431449,716.881960002994,58.64032235898476,16,Web,Premium,1,0
4149,48.0,41189.93957266544,667.1787415435709,27.47729370006525,6,Web,Basic,0,0
4150,53.0,31000.51131678796,724.2863176940928,8.063799959726847,13,iOS,Standard,0,0
4151,36.0,46116.79922023262,740.5010655722872,9.93951768470758,17,Web,Premium,1,0
4152,65.0,31216.682315264985,693.9151025781589,171.2775679788635,5,Web,Basic,1,0
4153,62.0,121886.60565220406,707.7776240916278,70.6118708541449,11,Windows,Basic,1,0
4154,53.0,41702.74682401489,649.576995928387,155.43461044407977,9,MacOS,Basic,0,0
4155,47.0,27773.326577293115,724.6104936404993,137.59286432261132,21,MacOS,Standard,1,0
4156,66.0,44463.230238151096,690.9062184840501,17.453386896596168,7,Web,Basic,0,0
4157,50.0,28079.501969996258,665.2644480577909,18.50239244361894,14,iOS,Standard,1,0
4158,35.0,38397.90348990808,619.0590833391173,168.94728301091632,16,iOS,Basic,0,0
4159,69.0,17492.226962370965,655.7279315447951,153.3006702257831,18,MacOS,Basic,1,0
4160,66.0,36128.91809404745,624.5262227580129,56.98375822734174,6,Android,Basic,0,0
4161,45.0,27263.076658927606,718.074486946968,9.670036707345192,8,Windows,Basic,1,0
4162,64.0,18515.398658738246,741.0214954794433,1.4606158081831873,14,Web,Basic,0,0
4163,28.0,118829.08995100184,725.8134599464935,40.787739180807485,14,Windows,Basic,1,0
4164,62.0,18953.78218199276,804.3010123138836,1.1118074431910119,16,Web,Standard,1,0
4165,50.0,36467.565718315826,656.9796539251513,31.37508980446349,11,Web,Basic,1,0
4166,34.0,22433.601459617064,709.8286172441775,65.26401035666424,8,MacOS,Premium,1,0
4167,23.0,43400.388971614266,620.9322517708578,15.533218953050667,12,Windows,Basic,1,0
4168,21.0,16905.07107175588,670.137467982385,13.214989397548736,8,Windows,Basic,1,0
4169,37.0,60126.98938597643,606.1325395572561,272.109523571443,10,Android,Premium,1,0
4170,65.0,123215.94086080375,708.4097158652395,105.67320008192893,14,Android,Basic,1,0
4171,64.0,21944.601825133162,662.22541685429,327.00345925401325,11,Windows,Standard,1,0
4172,44.0,75371.26025506733,577.2708987569041,50.925858988280595,9,Android,Basic,1,0
4173,32.0,28879.070089247656,645.7490778532468,135.66621346161665,14,Android,Basic,1,0
4174,23.0,89632.62694090855,769.6557163803748,27.483049062031615,13,Web,Standard,1,0
4175,64.0,135009.36044649474,700.5214943625451,115.58711404552699,8,MacOS,Basic,1,0
4176,31.0,31564.141512271595,718.4546331477875,16.654320991835156,12,Web,Standard,1,0
4177,28.0,14586.334138734173,686.2772639649882,0.24993680556878675,14,Android,Standard,1,0
4178,56.0,64141.74201567433,670.9220539202383,321.76630748012656,23,Web,Basic,1,0
4179,26.0,41549.897142390815,680.7789506904776,97.13324016851394,9,Web,Standard,0,0
4180,43.0,49073.51214324323,692.2716362111893,313.97799952871236,9,iOS,Basic,1,0
4181,33.0,29616.67940120501,625.1673777199492,48.745520762196364,10,Web,Basic,1,0
4182,22.0,21360.619784972765,718.1531007869277,47.66143675917048,8,Web,Premium,1,0
4183,69.0,72853.7225084089,736.091374599374,61.43014676316121,15,MacOS,Basic,1,0
4184,27.0,43996.87979929938,670.1705301527835,146.91779070947612,8,Windows,Standard,1,0
4185,67.0,15273.365592944336,653.8479785191707,100.11238884121546,8,iOS,Standard,1,0
4186,20.0,54837.25808201057,642.9045500177598,311.40125902895625,12,iOS,Standard,1,0
4187,30.0,48615.66868137331,767.9608301781215,3.0924139860083883,19,iOS,Standard,0,0
4188,60.0,29876.29529371927,657.3864580403222,147.8007266883283,14,iOS,Basic,1,0
4189,66.0,95979.31135875084,712.665715710727,48.11601298161212,10,MacOS,Standard,1,0
4190,47.0,,670.5213152258672,23.848310468319966,11,Windows,Premium,1,0
4191,62.0,32813.92021391483,667.8184972141034,85.69891282713841,21,MacOS,Basic,1,0
4192,23.0,57594.87417927035,641.7625149897138,84.39916579745986,12,iOS,Basic,1,0
4193,34.0,38027.2303484302,631.4850251952992,17.682404094853126,10,Windows,Basic,1,0
4194,62.0,15824.997790395922,716.9960380123275,27.061972145071998,10,MacOS,Basic,0,0
4195,68.0,40549.53628309034,630.3538759984965,62.943219955273264,8,Windows,Standard,1,0
4196,36.0,28321.205806683585,703.1259619796039,63.07442559724449,12,MacOS,Standard,1,0
4197,59.0,60730.28288452952,684.5291961740749,45.84935301690309,19,Windows,Basic,0,0
4198,52.0,39764.546642051915,717.6319267239619,19.29705673605532,18,MacOS,Standard,0,0
4199,63.0,38434.26244116425,649.5023044704722,0.5259925938427833,12,iOS,Basic,1,0
4200,43.0,19361.64452640251,734.0072083260047,421.73090036908195,12,iOS,Basic,1,0
4201,,31633.906513068858,672.9404708954831,344.8201208836636,12,iOS,Standard,0,0
4202,22.0,64994.67720738943,809.5847360654782,79.31654198452398,15,MacOS,Basic,1,0
4203,46.0,22790.024408910936,599.291183251758,637.0466354537945,6,Windows,Basic,1,0
4204,54.0,35613.137018636044,801.4467369038452,134.3757749219701,13,Windows,Basic,0,0
4205,37.0,20705.03878114165,673.681700097193,8.561159109822553,8,Android,Standard,1,0
4206,66.0,,691.140105085943,15.029252619768513,9,Web,Basic,1,0
4207,38.0,34512.76632598244,649.7855284195425,297.39107056973495,19,iOS,Premium,1,0
4208,27.0,40307.01083471575,601.5559353488306,119.32720442261355,19,iOS,Premium,1,0
4209,,120128.55782688032,653.5801613989812,222.32157056271498,9,iOS,Standard,1,0
4210,53.0,27631.83336036074,661.7156507563773,274.2515508124104,9,Android,Basic,1,0
4211,23.0,35238.63833049118,689.140085636537,71.29226234375477,13,Android,Premium,1,0
4212,43.0,17153.47213952284,736.0569172505176,5.969144040266262,12,Android,Premium,0,0
4213,21.0,,689.5365363303557,25.032030683781812,18,iOS,Standard,1,0
4214,56.0,46113.30816124753,690.407088164132,8.266966992372454,13,Windows,Basic,0,0
4215,56.0,88701.91933949997,699.2183858258403,25.099979302035592,11,iOS,Basic,1,0
4216,67.0,70754.63253618864,592.2534903441876,63.42436985419648,12,Android,Basic,1,0
4217,52.0,44839.467488670256,596.8737748931953,15.094366685819331,12,Android,Basic,1,0
4218,18.0,27390.652930318924,605.150550556785,21.88817488227974,18,Web,Basic,1,0
4219,,41060.4669435903,661.3363071002323,70.83227411466557,17,MacOS,Premium,1,0
4220,53.0,33975.39695608078,586.414244013798,49.89293919026062,13,Web,Standard,1,0
4221,23.0,64346.54494296364,645.5106227635447,75.6563246793599,11,Web,Basic,0,0
4222,58.0,59619.554446226764,611.5875377509492,67.28008671032111,15,iOS,Basic,1,0
4223,63.0,30398.56656474623,704.3857713099341,124.10018640713525,14,MacOS,Basic,1,0
4224,61.0,15105.34195513687,701.8827814454125,332.1160560215792,12,MacOS,Standard,1,0
4225,48.0,80824.25459799623,664.9677980132018,13.69644852243099,15,iOS,Basic,1,0
4226,37.0,51489.04646828613,585.0019540916529,12.54465564455368,11,Windows,Basic,1,0
4227,41.0,29980.60518238241,668.1428045281912,229.92055069348189,6,iOS,Basic,0,0
4228,42.0,50298.1717677767,696.4313057688051,84.72277563161343,8,Windows,Standard,1,0
4229,53.0,37983.86653739666,720.5363333619507,174.49998399134327,17,Windows,Basic,1,0
4230,38.0,,767.6702313656485,29.1130995007177,7,MacOS,Standard,1,0
4231,47.0,11408.704103671047,735.9249090210842,211.8346055470793,7,iOS,Standard,1,0
4232,41.0,28614.973824404588,688.2388264533964,309.0007043522202,14,iOS,Standard,0,0
4233,61.0,94791.2807959785,665.7379329846312,121.10185584464784,8,MacOS,Basic,1,0
4234,59.0,50915.31503624495,642.853295185436,13.42970282732152,11,Web,Premium,1,0
4235,47.0,,747.7830947944964,270.7927958195122,15,iOS,Basic,1,0
4236,39.0,17446.873527539592,688.3295289849553,188.70777550271006,8,Android,Basic,0,0
4237,45.0,69100.55417090874,711.5272104341726,166.77739746923692,9,Android,Premium,1,0
4238,24.0,66658.28700736671,650.4890131035321,4.490358299919713,14,iOS,Premium,0,0
4239,52.0,13239.537260973484,617.9545467245097,192.5116736152216,15,Windows,Basic,1,0
4240,45.0,30415.226274005043,659.9831140863637,17.81318130360548,10,MacOS,Premium,1,0
4241,31.0,34066.93473150523,664.8535867097187,30.183029816321806,12,Windows,Basic,1,0
4242,27.0,13742.745759390098,689.588621682207,103.28422911675968,14,Android,Standard,1,0
4243,33.0,30799.033977032654,643.1283055508012,36.94303449776293,5,Android,Basic,1,0
4244,33.0,61322.97724911463,681.2484931690982,129.9339428101825,4,MacOS,Basic,1,0
4245,48.0,28722.790028563464,738.8853177177509,112.40078026321788,14,Android,Basic,1,0
4246,59.0,41993.91027936141,596.3519195231432,13.734824549322349,10,Web,Premium,1,0
4247,42.0,42176.65591673795,574.1548704021826,128.05872060484228,12,Android,Standard,0,0
4248,30.0,36051.86782064742,742.2956924309228,309.1714587415866,6,Windows,Premium,1,0
4249,23.0,23786.91183707878,606.8186770983857,21.08106918593974,10,Windows,Standard,1,0
4250,61.0,53921.70602042513,660.9964016553773,109.07671524003526,15,Web,Standard,1,0
4251,26.0,14013.546432373205,710.4239840653244,50.201491999802435,15,Windows,Basic,1,0
4252,62.0,36503.115171930905,677.0386915664614,73.8560725831311,11,Windows,Basic,1,0
4253,53.0,83390.67773244888,676.3356060498213,40.592893167662794,20,Windows,Basic,1,0
4254,60.0,27766.236581225414,683.6198323909149,52.45896229174781,8,iOS,Standard,1,0
4255,37.0,23473.02731483586,805.9357049647232,3.5205605500434474,11,Web,Standard,0,0
4256,35.0,56123.48791300438,769.0312477958607,479.13421307851746,8,Web,Basic,1,0
4257,60.0,40057.0135234533,645.3137345565808,117.63550249858262,8,Android,Standard,1,0
4258,38.0,56798.68024034792,732.5444120473435,83.34712298416267,13,Web,Standard,1,0
4259,21.0,37164.121216379805,705.2753878795897,58.08555926575382,17,MacOS,Basic,1,0
4260,67.0,8664.80354414451,679.024259862415,93.02040699145454,10,Web,Standard,1,0
4261,,73714.00197727019,634.6065595761295,57.38481374759371,13,MacOS,Basic,0,0
4262,44.0,125745.56632492889,702.5684015722733,53.53718996215379,17,Windows,Premium,0,0
4263,24.0,78466.30720867436,664.6977267467792,74.82256647496075,21,MacOS,Basic,0,0
4264,23.0,4344.584321823693,661.021996253542,38.75285432582189,14,iOS,Basic,1,0
4265,32.0,47603.08873491897,641.6464324340565,23.821415303223098,7,Windows,Basic,1,0
4266,35.0,27445.363173057984,729.9911760531213,97.59555408649805,10,MacOS,Standard,1,0
4267,49.0,18948.001587640334,641.6130990685309,222.0019861605448,15,Windows,Basic,0,0
4268,28.0,39090.677755955745,641.9177380532118,19.90220940907214,11,iOS,Standard,0,0
4269,37.0,33210.840512210234,718.8968883790153,3.9938515112649804,13,Windows,Standard,0,0
4270,41.0,49276.11119073155,672.7834766098453,34.0128091191722,15,Windows,Basic,1,0
4271,32.0,37569.51065451013,674.129073810702,467.7782195105006,14,Web,Basic,1,0
4272,65.0,18536.79094344216,731.6446742045836,211.76135386772575,13,Android,Basic,1,0
4273,24.0,25694.67199328764,745.6850305895967,108.72106863599696,13,MacOS,Basic,0,0
4274,38.0,23323.69011619788,573.6077139033239,317.8304892388598,10,Android,Premium,1,0
4275,59.0,12966.314665537831,673.5612872607877,70.71482459510783,13,iOS,Standard,1,0
4276,43.0,15946.796053202705,609.4867735913001,490.94228533920614,13,iOS,Standard,1,0
4277,61.0,31995.764001579424,660.6603331071337,42.16872675015521,14,Windows,Basic,1,0
4278,31.0,85327.53175057234,679.6631921942949,32.980707436988965,7,Android,Basic,1,0
4279,54.0,26335.306021410284,662.2572713462893,121.94930740340823,9,MacOS,Basic,1,0
4280,38.0,23052.77738629312,628.736228466515,57.007530453954935,12,MacOS,Basic,0,0
4281,35.0,17876.243221491008,626.1996681142602,118.13728133795985,12,Windows,Standard,0,0
4282,22.0,36987.00438150057,716.3970694516125,43.66043819433505,13,MacOS,Standard,1,0
4283,20.0,73685.07892542462,756.7404903051929,115.45448471189809,9,Web,Basic,1,0
4284,40.0,120765.9507193169,576.976153553325,38.71361750292824,14,Android,Premium,0,0
4285,43.0,43098.33421465611,663.6190666967242,6.2780458296919015,10,iOS,Basic,1,0
4286,54.0,39497.6417107615,716.5982068697158,291.83567979148154,12,MacOS,Premium,1,0
4287,41.0,26210.519994008497,678.3698119799576,257.6804095401186,12,MacOS,Basic,0,0
4288,66.0,28971.27286378996,624.315668904723,424.0227828772221,15,MacOS,Premium,0,0
4289,36.0,52971.27447839726,656.1105297968211,151.276682411599,10,Windows,Standard,0,0
4290,68.0,30063.731803526443,695.1075118715929,137.7569191430576,12,iOS,Basic,0,0
4291,42.0,32946.177750495706,664.6403945309822,98.24608382165457,10,Android,Standard,1,0
4292,38.0,35767.38183543652,677.601003304072,16.15308243801057,10,MacOS,Premium,0,0
4293,29.0,25476.280797108913,679.0419751209179,25.1732899324916,10,Web,Basic,1,0
4294,58.0,34717.961154918616,653.7859195170853,41.009240446572456,11,Windows,Basic,1,0
4295,50.0,10811.399035241477,720.8284511985518,265.0436882865445,15,Android,Premium,1,0
4296,67.0,,656.125420157945,22.789648091639187,17,MacOS,Standard,1,0
4297,21.0,148904.8966139991,629.7266003883879,307.4764953014142,4,Android,Standard,1,0
4298,59.0,26076.083465699732,791.48197167116,88.77476303944198,7,Windows,Basic,1,0
4299,24.0,45447.00891554651,676.1102955281291,150.87201837359024,14,Web,Basic,1,0
4300,,60533.111519417944,549.9939649900508,14.01702697554143,14,MacOS,Standard,0,0
4301,50.0,,742.7372418668826,37.60652575725937,15,Web,Basic,1,0
4302,34.0,30989.605065153875,742.5764434606949,381.9012410659427,13,Windows,Premium,0,0
4303,41.0,12308.060448980677,702.8587765578516,37.13406703288018,19,Web,Standard,0,0
4304,51.0,42631.093931808035,711.5817604910335,42.2061933192906,15,Windows,Premium,1,0
4305,,,787.9871156334068,26.417373980230213,13,Web,Basic,1,0
4306,60.0,29513.41471871631,631.8599118015751,16.583745751144704,21,Android,Basic,1,0
4307,58.0,33519.838154882294,686.6620026987406,31.872533048170023,5,Android,Basic,0,0
4308,,39585.108043648506,778.485133952556,123.37629788693872,11,Windows,Basic,1,0
4309,,45118.931078819376,789.0784540484104,72.91733429185669,9,Android,Standard,1,0
4310,66.0,43997.40025952218,661.6953843546131,96.826682952259,4,Web,Standard,1,0
4311,34.0,31868.98645093575,780.5075425044566,15.66291530555733,10,Web,Basic,1,0
4312,51.0,45732.62883440161,720.1315350661808,194.40918459366907,13,MacOS,Basic,0,0
4313,23.0,30606.92259762209,754.7607248934285,183.9498475255564,16,Windows,Basic,1,0
4314,63.0,53381.27462086533,718.4910451578893,2.619165968966564,19,Android,Basic,0,0
4315,23.0,24922.699625469668,695.2723121930187,58.046572905493335,12,Windows,Standard,1,0
4316,51.0,37942.795211082645,790.469356295146,8.54995589461454,14,Android,Basic,1,0
4317,18.0,13708.301137021248,653.5695017881129,188.48710602219802,18,MacOS,Premium,1,0
4318,27.0,29087.206529407806,775.1141570176985,160.39526208268597,10,Web,Standard,1,0
4319,38.0,51046.54960040737,783.0344466863959,278.71995850631515,15,Web,Premium,0,0
4320,22.0,,748.1524160638376,32.3659646081081,11,iOS,Basic,1,0
4321,19.0,29969.626992082085,676.41355090945,73.12200994841244,6,Windows,Premium,1,0
4322,,8578.018914313974,692.2217673989509,24.472678980792303,12,Android,Standard,1,0
4323,65.0,15980.99583368508,616.2597192363562,55.67971161363492,12,iOS,Basic,0,0
4324,19.0,18696.942117288483,657.3710015028405,88.63842846153825,11,Windows,Basic,0,0
4325,27.0,38601.66273119917,711.035587655259,6.576665965005781,10,Android,Premium,1,0
4326,51.0,44357.86926166233,608.6643847116685,150.57738032163923,15,MacOS,Basic,1,0
4327,33.0,35114.40276363748,665.1044336000964,94.0456824749567,13,Windows,Basic,1,0
4328,65.0,28866.700278604414,777.2414320784052,211.90225029119887,16,Android,Basic,1,0
4329,68.0,28927.2388506589,672.2817963613059,38.058332025301254,10,Web,Basic,0,0
4330,56.0,55805.48546847237,731.6814167743759,280.36321865462594,17,Windows,Basic,1,0
4331,39.0,41261.77923164062,708.3251227527609,796.917601379466,12,Android,Standard,0,0
4332,29.0,29721.698349929036,664.615528174655,302.0396823522331,17,Web,Standard,1,0
4333,41.0,78903.40778911255,672.2475670574185,180.55124055266563,11,Web,Standard,1,0
4334,64.0,117006.53004790063,688.3432623720828,200.79323523044135,19,iOS,Basic,1,0
4335,57.0,17198.10581770982,577.4488755736951,102.32588918986266,18,Android,Basic,0,0
4336,55.0,49687.36935829967,727.3487400437753,25.30932042868062,7,iOS,Basic,1,0
4337,27.0,231870.37466577385,674.0809962472935,135.62747086833423,10,iOS,Standard,0,0
4338,52.0,42964.23586923429,729.0958581634446,149.6895376011995,11,MacOS,Basic,0,0
4339,68.0,38920.079606995896,699.4100306775978,507.08597735943704,14,iOS,Standard,0,0
4340,66.0,35121.17964142598,671.8720191262465,93.52340963033684,19,iOS,Basic,1,0
4341,49.0,48732.86417320001,689.8774314025075,37.99054422991714,13,MacOS,Standard,1,0
4342,24.0,57121.70808012654,690.0455468664208,138.11727340784117,9,MacOS,Standard,0,0
4343,38.0,17208.175600808274,753.8095049864902,465.75493067459547,13,Windows,Basic,1,0
4344,37.0,35743.00351255405,683.1327246389329,23.40708299165033,17,iOS,Standard,0,0
4345,43.0,9304.945214416803,694.4082753821043,47.342649581818776,10,Web,Basic,1,0
4346,21.0,32029.416656499507,616.9055108636612,93.675144285889,7,MacOS,Standard,1,0
4347,63.0,21128.68434129373,677.6478275850759,22.390584945197606,8,Android,Standard,1,0
4348,69.0,44511.66405843724,752.7155050898245,2.6965484616693995,10,Windows,Basic,1,0
4349,39.0,,701.4410503006075,49.31457993266923,13,Windows,Standard,1,0
4350,32.0,26705.09402715322,625.949396511872,240.6277148844252,8,iOS,Basic,1,0
4351,57.0,64856.119571538904,631.3085832045897,5.332974339125392,15,Web,Basic,1,0
4352,38.0,24202.231269982465,642.9252286294666,67.22902045715333,10,MacOS,Basic,1,0
4353,32.0,11580.04380053286,729.9815521796742,172.3594254060817,14,Android,Basic,1,0
4354,39.0,42383.73214945938,723.8270256146152,367.3800341163764,14,iOS,Basic,0,0
4355,69.0,25542.080944979352,507.28725735795007,507.8293736167368,9,Web,Standard,1,0
4356,45.0,32482.889032218718,675.9307152857939,65.77541243850123,14,iOS,Standard,1,0
4357,31.0,23437.1640354473,687.3819050193458,360.41374197486954,16,iOS,Standard,0,0
4358,44.0,118733.65219431618,631.8928235570343,4.327372934982809,11,Windows,Standard,1,0
4359,58.0,14259.182419487975,660.4762501528055,164.4112859601459,14,Android,Standard,1,0
4360,57.0,198808.50761570822,746.5499274564849,123.51700350453436,10,Android,Basic,1,0
4361,45.0,28727.728396523777,700.4421605907252,34.445370283789785,11,Android,Basic,1,0
4362,43.0,40540.95374410576,655.020867984408,84.94708316645227,10,Android,Premium,0,0
4363,66.0,25722.51993976418,670.634581919598,16.64991044903978,8,MacOS,Basic,1,0
4364,19.0,25084.862714394356,668.6063435502218,246.30992389460087,8,MacOS,Basic,1,0
4365,42.0,22676.899858138615,694.0977599092749,53.16098911618448,15,Android,Basic,1,0
4366,20.0,52091.38074120418,608.5134671881996,118.03420723510928,10,Web,Basic,1,0
4367,25.0,15576.523935168158,646.5122350105026,20.747717425493104,13,MacOS,Premium,1,0
4368,,45182.50017331135,731.7698224902372,27.705534261022933,20,MacOS,Standard,1,0
4369,50.0,9791.837005847567,676.3716756520405,578.7449885994588,15,Web,Basic,0,0
4370,59.0,,637.5045873619937,167.8460134327004,10,Android,Premium,1,0
4371,69.0,60444.78384442566,639.5669979171143,392.33149488196517,13,iOS,Standard,1,0
4372,52.0,16903.712234157407,716.0421801065343,42.0918638541133,14,MacOS,Standard,1,0
4373,23.0,54570.327467419884,654.1097367334942,21.576022806725693,10,iOS,Basic,0,0
4374,56.0,37452.59378054281,705.5451689543291,83.91636190235079,13,iOS,Basic,0,0
4375,69.0,94755.56675160788,648.6582839554261,81.9048238167419,15,Web,Basic,1,0
4376,40.0,21739.28280788546,623.5017553666672,23.076847552853685,10,Android,Standard,1,0
4377,42.0,196730.79340647507,692.2223979248727,158.55951802638205,12,iOS,Basic,1,0
4378,,8651.869531695378,675.1309497043267,53.88820371768146,11,Android,Standard,1,0
4379,60.0,29801.01462159229,714.2562169207653,24.74924403796768,10,Windows,Basic,1,0
4380,,13106.42928130552,724.20621605157,48.413069674359214,10,Android,Basic,1,0
4381,22.0,110263.97097141626,662.10165556233,99.51966514298203,12,Web,Premium,1,0
4382,68.0,31038.368251881508,697.4466913675557,155.56168582699442,16,Web,Basic,0,0
4383,28.0,32760.832626011088,660.5595107270314,78.90832970741496,13,Windows,Basic,1,0
4384,29.0,47379.40212210737,711.6823482035694,89.483264434122,7,Web,Premium,1,0
4385,27.0,36210.95180843441,691.6707730553654,17.95175812284611,9,Android,Basic,1,0
4386,25.0,25431.480265986414,648.8081741318613,295.37693250105247,7,Android,Basic,1,0
4387,41.0,17085.947988774617,644.6211054490743,316.94380703314516,10,Android,Basic,1,0
4388,45.0,40179.3331393248,693.4333962551917,138.0240146981992,7,Web,Standard,1,0
4389,58.0,45583.45859639464,738.1095526326292,2.1346432482191737,13,Android,Basic,1,0
4390,,55117.709048391436,725.0648105603013,92.42262375263827,13,MacOS,Premium,1,0
4391,,114420.56550638819,632.8495298010048,119.05723342643375,11,Windows,Basic,1,0
4392,38.0,9855.04373426899,638.1078351988722,627.7738041275942,7,MacOS,Basic,0,0
4393,25.0,,645.4761144216789,664.6009672174283,17,Android,Basic,1,0
4394,26.0,74238.83696770325,650.1718535207674,233.9033019450167,10,Web,Basic,1,0
4395,64.0,33701.12657600291,589.1669948240448,7.915110567553253,22,Windows,Basic,1,0
4396,32.0,8929.32897066042,719.502160206486,367.6206829534038,16,MacOS,Premium,0,0
4397,65.0,16736.985582359575,657.205863231399,113.81467661687601,10,Android,Basic,1,0
4398,63.0,44229.263087632884,703.1037127948758,193.66579482067198,8,Web,Basic,1,0
4399,57.0,43274.4805683415,664.2120995891453,62.74633717674709,8,Android,Standard,1,0
4400,35.0,54366.955847194346,678.8517049842775,46.22118326312818,9,MacOS,Basic,1,0
4401,59.0,22728.94801231165,645.7407060794746,74.66543219280425,16,MacOS,Basic,1,0
4402,37.0,42443.53744602996,678.587112335088,19.06183556759337,13,Windows,Basic,1,0
4403,23.0,20588.377885699017,636.4377094092745,53.005610361885275,15,Web,Basic,0,0
4404,29.0,42445.44130355955,678.9580223614381,233.90858150246723,12,iOS,Basic,1,0
4405,19.0,37493.66702120096,752.8611537532978,4.6427232069193005,14,Android,Basic,1,0
4406,,22191.929992065376,706.0302359080501,19.626295160444602,10,Web,Basic,1,0
4407,33.0,92495.02871712341,694.5525950513181,16.039698638667108,12,iOS,Basic,1,0
4408,,13050.979010550878,614.0129590983003,61.915765293882224,12,Web,Basic,1,0
4409,62.0,33357.14963391091,708.3628201029001,696.5743350642612,16,Android,Standard,1,0
4410,20.0,21900.3229310389,713.2226692179877,22.84601798662193,13,Android,Standard,1,0
4411,44.0,109154.67821857128,693.4132854766101,18.866216627058037,11,Windows,Standard,1,0
4412,67.0,52002.070005651774,690.7141245869066,295.89118583351603,15,MacOS,Basic,1,0
4413,60.0,24597.83659542391,672.9909403194571,256.4998627275283,14,MacOS,Basic,0,0
4414,57.0,30704.69416880059,712.4701257911231,3.9325846383904297,13,MacOS,Standard,1,0
4415,,110941.06844377735,749.8505277493261,167.1769908840234,22,Windows,Standard,1,0
4416,50.0,20583.285068352197,696.5264086452707,127.86739598202982,8,MacOS,Standard,1,0
4417,45.0,12598.475539127314,631.4141410361536,175.18815984088533,13,Web,Basic,1,0
4418,18.0,43243.58239754635,635.2391427923723,81.86545160488,18,MacOS,Basic,1,0
4419,25.0,,716.3119936635483,570.4295437398562,16,MacOS,Standard,0,0
4420,54.0,54155.82098324661,631.820429748964,5.380482775687961,10,Android,Premium,1,0
4421,49.0,54370.41573544429,690.0527493655285,32.04699920212363,9,Windows,Basic,1,0
4422,65.0,105074.34124138861,662.7228629291254,60.610253016159994,19,Windows,Premium,1,0
4423,60.0,12953.450840172865,626.3882023322346,71.69200075559084,13,MacOS,Basic,1,0
4424,54.0,17646.947182071002,721.6134794287104,305.15627299157694,15,iOS,Premium,1,0
4425,21.0,54031.47360889948,715.3385193530947,98.51885645717087,13,Android,Basic,1,0
4426,47.0,18706.46937640754,612.217534836599,5.539220511832699,16,MacOS,Standard,1,0
4427,23.0,15154.415430677314,704.0721731155913,62.88206282229112,9,iOS,Standard,0,0
4428,63.0,111246.83290695431,696.7629997474686,64.6433275375706,10,Web,Basic,1,0
4429,,13739.562459759418,721.8728601179256,403.98400025461046,18,Android,Basic,1,0
4430,49.0,29414.316121997166,688.3390969327821,109.71425655677447,16,Windows,Basic,1,0
4431,26.0,,751.3418070877826,121.15719297451933,10,iOS,Basic,1,0
4432,29.0,79656.7442382506,673.6669559234613,149.89861129054665,12,MacOS,Standard,1,0
4433,28.0,11833.836003125116,666.3952801257917,176.3816306902591,12,iOS,Basic,1,0
4434,63.0,46596.70413537287,631.260456120108,120.95974242625404,9,Windows,Basic,1,0
4435,33.0,21285.338152834585,633.3029046290995,32.490239981756396,13,Web,Standard,1,0
4436,18.0,52921.59340955066,628.7757500492281,248.62054055680218,6,iOS,Basic,1,0
4437,62.0,21076.529710917617,690.9199822705386,158.06584978445966,18,MacOS,Basic,0,0
4438,38.0,93282.12234256402,666.5450340661766,162.51525891240004,13,iOS,Standard,1,0
4439,47.0,21150.482320036273,696.5346613328428,680.560363163057,14,Web,Standard,1,0
4440,30.0,8290.057436110295,619.5375622769199,194.6581268886649,13,iOS,Basic,0,0
4441,51.0,22622.277959667055,637.2153899913136,212.03730158933453,10,Web,Basic,1,0
4442,21.0,31045.83480691731,636.3728311612246,362.9094295793951,13,Web,Standard,0,0
4443,,,788.4635367562842,19.662472523290067,13,Android,Basic,0,0
4444,55.0,17067.83712688081,671.7159335544316,82.63346783486934,16,Android,Premium,1,0
4445,48.0,17271.487919336785,676.6816839114474,104.26218432241835,17,MacOS,Premium,1,0
4446,44.0,64624.36218119487,676.1273496366864,47.92765791571645,8,MacOS,Basic,0,0
4447,22.0,15912.574571830735,757.6414660099422,219.46311587366068,16,MacOS,Premium,0,0
4448,42.0,32617.685986333378,599.3330299125269,172.4699133105367,7,Web,Basic,1,0
4449,20.0,33018.03776042264,677.0050237842868,153.13493966028332,12,Web,Basic,1,0
4450,50.0,,598.8642974827077,703.2287673525974,7,Android,Basic,0,0
4451,21.0,23157.89582624594,561.0092858784819,36.03233521699155,15,Web,Basic,1,0
4452,42.0,20822.79060470598,643.2880026154179,159.5702905641838,10,Android,Premium,0,0
4453,37.0,44397.42117331326,700.6081923251752,96.19603586583467,14,iOS,Standard,0,0
4454,51.0,21213.700206564306,640.1109636962905,45.04862890533023,12,MacOS,Basic,1,0
4455,43.0,16058.89990242919,699.7882575762562,21.0062744329346,12,MacOS,Basic,1,0
4456,22.0,75862.66860966884,685.3238152252413,271.46976622717756,13,Windows,Premium,1,0
4457,52.0,48671.90429967404,673.0467200765396,108.59921921145784,17,Android,Basic,0,0
4458,45.0,104872.58724096134,743.2481779885829,209.11095670623388,13,Windows,Basic,1,0
4459,46.0,58126.711680932174,650.1981725076234,94.58596250543818,9,MacOS,Basic,1,0
4460,26.0,16968.497386482897,699.0327710680139,29.81183711439556,11,Windows,Premium,1,0
4461,69.0,38477.21565932422,589.8456619127439,49.417008478525176,14,iOS,Basic,1,0
4462,55.0,19744.357773681495,684.938971877553,57.662506825279856,14,Windows,Basic,1,0
4463,67.0,13480.968673939647,667.1391981577652,433.1408365352995,8,iOS,Standard,1,0
4464,23.0,27769.133141243514,620.88767990058,0.6779046162519772,6,MacOS,Standard,1,0
4465,36.0,65442.01256634909,699.9249389364203,509.41470572375306,12,Web,Basic,1,0
4466,61.0,42828.010843808705,643.0524488049062,472.24503792042077,20,Android,Standard,1,0
4467,28.0,15763.674995856369,766.6092288588783,667.1864981122859,15,Windows,Basic,0,0
4468,19.0,27189.742165136948,558.3091747327537,77.6864044759886,9,iOS,Standard,1,0
4469,64.0,33332.229101380086,692.4129270880842,398.2732764526163,22,MacOS,Standard,1,0
4470,61.0,13181.011202602927,682.1348637229222,60.4221233913197,12,MacOS,Standard,1,0
4471,61.0,55709.358009141324,665.9568122212518,3.197558582699147,10,Web,Standard,1,0
4472,26.0,31658.405984765584,653.5382149738494,30.48603168392449,12,MacOS,Basic,0,0
4473,38.0,15766.505810102097,683.4314099966377,348.6987508319186,10,MacOS,Premium,1,0
4474,41.0,15240.259303410321,733.1095653813595,1.6632366142178443,12,Web,Standard,0,0
4475,51.0,70290.95220982784,596.3907245461934,94.75741961444167,9,MacOS,Basic,1,0
4476,39.0,28897.552464734574,639.7006551594908,9.433454330674618,12,iOS,Basic,1,0
4477,20.0,74177.13420973746,627.484143283893,40.49134835081161,9,Windows,Standard,1,0
4478,29.0,93273.68388525578,625.1353865138653,11.066052489827808,8,Windows,Standard,1,0
4479,45.0,67068.44631594399,697.1374502717713,235.53018239394675,9,iOS,Basic,1,0
4480,47.0,26368.910221147897,709.4668642366925,107.30556265317061,15,Windows,Premium,1,0
4481,43.0,8113.557673235091,733.2551434366019,278.8649730883329,14,MacOS,Basic,1,0
4482,65.0,43817.90412074431,710.2548916314793,139.90617386801543,11,Windows,Standard,1,0
4483,38.0,127382.01235771837,714.3070962120884,424.975737547539,14,Windows,Standard,1,0
4484,45.0,35552.506998469544,609.4095889629339,85.57202818571186,9,MacOS,Premium,1,0
4485,43.0,11005.062671011698,754.178162081298,122.16911151370809,10,Windows,Basic,1,0
4486,50.0,,669.5121234622745,103.05005255039669,9,MacOS,Standard,0,0
4487,,32524.861175764592,731.6498039548195,79.45840189662164,11,Web,Basic,0,0
4488,52.0,18792.382105555233,611.1916491791033,224.46466205809702,19,Web,Basic,1,0
4489,69.0,7798.0393774223685,667.9290082240888,124.11608848309554,11,Windows,Premium,1,0
4490,51.0,34244.78392291352,727.1507954283869,193.92250281870378,9,Web,Standard,0,0
4491,58.0,22676.26931858344,681.3962221339738,185.2177620019546,10,Windows,Standard,1,0
4492,68.0,105199.62309581724,642.3015057354795,25.441462355313035,15,Web,Premium,0,0
4493,64.0,,745.4906667596063,126.03473633424197,11,Windows,Standard,1,0
4494,35.0,48134.15744881863,621.4292803953006,26.724440646233674,9,Android,Standard,1,0
4495,,33811.23132177776,678.9786628876494,105.05254627378437,10,iOS,Basic,0,0
4496,40.0,38416.40964902109,712.0085355441323,135.77395612845933,5,Web,Standard,0,0
4497,65.0,13475.39120117283,784.7845164980183,706.8888641965391,9,MacOS,Standard,1,0
4498,39.0,19455.79439204995,657.0822203627147,3.7221724798593265,11,iOS,Standard,1,0
4499,34.0,,666.1774373170082,11.481225666710507,9,Windows,Standard,1,0
4500,22.0,41178.73172726666,657.7654433324763,9.6185962052041,5,iOS,Standard,1,0
4501,61.0,28592.389193272527,691.9235079457274,60.971778855794774,6,MacOS,Premium,1,0
4502,28.0,48615.74579072824,709.3964133998933,206.83941871871218,11,MacOS,Standard,1,0
4503,47.0,49193.51800349089,734.665668933416,222.99125334689964,7,Windows,Basic,1,0
4504,32.0,,717.8023887990405,160.26284004053446,16,Web,Basic,1,0
4505,44.0,40048.23198511124,655.1312925174856,272.6213844897812,13,Web,Standard,0,0
4506,52.0,19196.73429397817,720.6685511314712,46.7852580379191,7,Android,Basic,1,0
4507,50.0,33880.06645516371,684.5772822022365,11.074184322224866,7,MacOS,Premium,1,0
4508,37.0,52288.89925953595,717.2626114409102,7.189496123712267,13,Android,Basic,1,0
4509,33.0,,720.118371644794,229.3728194073169,15,MacOS,Standard,1,0
4510,51.0,13780.101037474904,761.5062873004913,157.3140638376124,10,Android,Premium,1,0
4511,19.0,42286.536642779814,662.2704683748509,143.92413325545,12,Web,Standard,1,0
4512,52.0,21197.68048312956,652.7223698631557,49.80302016283574,12,MacOS,Standard,1,0
4513,57.0,25848.835879005106,702.358170654286,57.34594692609686,15,Web,Premium,1,0
4514,45.0,60325.11365559244,739.1258458835157,380.7350867541657,15,iOS,Standard,1,0
4515,64.0,56825.99302205082,682.9031915012217,7.911746103231435,10,Web,Premium,1,0
4516,56.0,24175.82687069791,742.3856145929909,178.32407747314855,17,MacOS,Standard,1,0
4517,23.0,33034.07182573631,714.5029169904333,44.463888915163395,9,iOS,Standard,1,0
4518,26.0,26327.016201689166,669.9392261053955,4.780524792438996,11,Android,Standard,1,0
4519,37.0,205874.4495927123,708.1667751529453,162.84094448157893,10,Windows,Basic,0,0
4520,18.0,42916.63962957621,658.2586604366131,48.22074204375255,9,MacOS,Standard,1,0
4521,25.0,21945.36084710325,691.930003663305,153.6797938910402,8,Windows,Premium,1,0
4522,40.0,80281.96566560674,626.3420427584382,147.57822686167577,13,Windows,Standard,1,0
4523,20.0,82000.18803962988,676.5921684782782,91.83115751941084,10,iOS,Basic,1,0
4524,21.0,106404.42318509665,729.9844576972678,180.27097609033305,7,Android,Basic,0,0
4525,42.0,127108.48450413087,718.3573450717871,104.39709948548895,9,Web,Basic,1,0
4526,64.0,55527.23664518696,711.0420874016669,40.53175985222491,10,iOS,Basic,1,0
4527,55.0,29439.392979668886,694.373983750741,158.96310321848642,8,Android,Basic,0,0
4528,32.0,32158.431149474905,687.9923024856397,106.74027683749772,18,Web,Premium,1,0
4529,38.0,30477.8301827342,616.6471448967467,1.5370760844923521,19,Web,Premium,0,0
4530,52.0,28502.491391810458,669.6957313480698,278.2996244181012,14,Android,Basic,1,0
4531,63.0,,689.1307891832698,94.66480886558983,11,Web,Standard,1,0
4532,69.0,36331.21413060781,623.7798252129863,243.5660033168313,17,MacOS,Standard,1,0
4533,31.0,65046.20346423069,592.4122041605059,257.20015565626073,11,MacOS,Basic,0,0
4534,53.0,54497.49045362057,736.4416373471723,70.64725069026181,13,iOS,Premium,0,0
4535,29.0,18784.86970992126,682.541926330492,85.03028844494071,7,Web,Basic,1,0
4536,34.0,12960.920557858059,690.4989640378891,64.4920578623588,12,Web,Premium,1,0
4537,,17292.051429967767,707.7813411397436,71.61761758049333,10,Android,Standard,1,0
4538,26.0,28112.685067837978,630.8916524757534,270.62369110565294,14,MacOS,Standard,1,0
4539,52.0,39363.6019588282,659.8252102968686,186.2218255579073,18,Windows,Standard,1,0
4540,30.0,,755.2033802260099,16.233185351006806,13,iOS,Basic,0,0
4541,32.0,55372.54033573752,655.5672301694133,113.08776418365245,6,MacOS,Premium,0,0
4542,35.0,26459.985332720087,666.7072352276571,659.8067069612597,13,Android,Standard,1,0
4543,68.0,42369.09410899156,646.525591749891,108.62746719749379,4,iOS,Premium,1,0
4544,50.0,38970.062744259274,642.957288675967,184.94154760926753,16,Windows,Standard,1,0
4545,23.0,102812.25686215273,735.2740676171057,175.87244668912456,9,iOS,Basic,1,0
4546,44.0,20228.655048670025,556.165922198499,51.752584414818074,16,MacOS,Standard,0,0
4547,40.0,136632.68253234972,657.1493090073901,55.79702129441497,11,Windows,Standard,1,0
4548,,25422.505102066076,691.2705071314996,154.5157610581429,14,Android,Standard,1,0
4549,51.0,16251.912380436857,764.8395549370144,83.17370931744237,13,iOS,Standard,1,0
4550,63.0,31883.726123873956,623.2387322055779,101.43578188570353,11,MacOS,Standard,1,0
4551,55.0,253744.59006807284,614.716432648188,149.75338326220873,15,Android,Premium,0,0
4552,,,636.9949839335968,180.3798521299334,13,Windows,Basic,1,0
4553,53.0,52144.7332012825,715.0852698394775,38.01484915056623,6,iOS,Basic,1,0
4554,25.0,58519.31308754339,686.2642731639345,19.05047737308265,9,Web,Standard,1,0
4555,52.0,22885.159468061436,607.8682164493409,41.40254164122343,15,MacOS,Standard,1,0
4556,36.0,44162.293944973506,684.9778798799983,85.000636661252,7,MacOS,Basic,1,0
4557,47.0,36370.06700121172,757.5718882944644,50.25181663816619,9,Web,Standard,1,0
4558,31.0,107520.84870490766,693.2240200536568,100.82037156655221,9,Android,Standard,0,0
4559,37.0,34022.840928032165,688.2278945314323,6.593771484398268,11,MacOS,Basic,1,0
4560,66.0,28941.564916899795,691.2371059791087,85.54087842069156,10,Android,Standard,1,0
4561,42.0,18053.960565059642,700.7251360281433,55.061040443131084,14,Windows,Basic,1,0
4562,,39498.13332293694,616.644921929908,91.80017687109981,16,Web,Basic,1,0
4563,41.0,43294.07636425422,668.4037998943188,65.89255147569519,7,Android,Standard,1,0
4564,31.0,17659.81656578633,671.0121933461796,40.126871475903506,10,Windows,Basic,1,0
4565,43.0,47662.4026861683,655.826549001125,281.3438081852204,11,iOS,Basic,1,0
4566,55.0,41768.916365995006,714.3060804386935,24.513461945181344,14,MacOS,Standard,1,0
4567,40.0,66707.15222600887,648.3003268371743,137.24530059813935,12,Web,Premium,1,0
4568,39.0,75163.48879875425,662.0015789287938,310.2649421924498,15,iOS,Standard,1,0
4569,65.0,38428.9967060867,616.9913659672903,92.83698834534802,8,iOS,Basic,1,0
4570,36.0,19500.220838144127,698.9155279820429,250.89280969734017,8,iOS,Premium,1,0
4571,63.0,22062.33316395197,727.095148088051,16.00340017141874,6,Android,Basic,1,0
4572,68.0,104534.934697709,661.9489741198856,81.69614960598808,10,MacOS,Basic,1,0
4573,20.0,40106.497631780236,720.3695205326952,73.28310206245823,13,Web,Basic,1,0
4574,59.0,103537.82332990658,672.6521612281402,0.9782332833533336,15,MacOS,Premium,0,0
4575,36.0,48979.78255799374,553.6275314971164,70.27825908339499,18,MacOS,Standard,1,0
4576,26.0,57081.84432548175,677.4242332647764,55.259589006363456,23,MacOS,Premium,1,0
4577,45.0,63782.50208610389,671.2214395407979,132.96634735322164,14,Windows,Basic,0,0
4578,37.0,17432.938472272424,685.149779988084,334.3144919433851,5,Windows,Standard,1,0
4579,62.0,43659.249926053104,692.6592717570296,10.763539800566551,15,Windows,Basic,1,0
4580,24.0,17288.566381377117,645.8039237325263,47.606166651668254,4,Windows,Standard,1,0
4581,31.0,30609.098834481203,753.5657488879973,70.45241108074339,9,MacOS,Premium,1,0
4582,26.0,53321.86662623748,676.6919223097209,72.87716224356734,24,MacOS,Basic,1,0
4583,36.0,19629.712980287077,670.0168162906792,178.89714588268583,8,Web,Basic,1,0
4584,64.0,50797.498728001854,717.2264804150701,70.30807716721864,16,Web,Standard,0,0
4585,69.0,14779.237581811709,680.9269972644518,3.304438558006867,10,Web,Basic,1,0
4586,31.0,72113.16457829053,808.2920829622199,148.58800407723575,9,Web,Basic,0,0
4587,55.0,,669.5046104446019,259.3612001172683,10,Web,Basic,0,0
4588,53.0,19608.718063221164,697.5907725456948,86.56207315046517,18,Windows,Standard,1,0
4589,57.0,15348.706009480786,642.5423672566469,104.4172073128561,11,MacOS,Basic,0,0
4590,34.0,25652.27909601325,723.5267771519126,21.342632672496872,14,Web,Premium,0,0
4591,47.0,11561.46559570828,695.435919709692,29.91478039138216,18,Android,Standard,1,0
4592,26.0,26133.166050863947,663.0515974588332,32.17224056682704,14,Web,Basic,1,0
4593,50.0,70241.33365187424,636.3780950699161,67.61057717189104,8,Web,Basic,1,0
4594,69.0,32427.85452989113,614.5288850199338,315.9729784376101,9,MacOS,Premium,1,0
4595,42.0,17916.705602030335,700.9357279437897,88.52332427959509,11,Windows,Standard,0,0
4596,31.0,41595.946015130685,610.6560264736487,25.597689094227384,8,iOS,Basic,1,0
4597,28.0,39447.95414649917,745.4237084600081,37.123894640237594,8,MacOS,Basic,1,0
4598,52.0,117473.2559298056,616.8577375115817,58.143925758485054,6,Windows,Basic,1,0
4599,58.0,58362.720134721916,671.0812540195864,117.14367189137403,8,Android,Standard,1,0
4600,31.0,43623.831598502285,635.9229363963084,69.5853238557965,11,iOS,Standard,1,0
4601,47.0,62507.381266532684,681.6343117219288,59.797477969250096,8,Windows,Standard,1,0
4602,58.0,33502.366566427634,681.3253589687653,99.814264237661,10,Windows,Standard,1,0
4603,21.0,34708.92340275826,702.2401499009787,33.222507872761476,10,MacOS,Basic,1,0
4604,21.0,98259.20177204708,603.6860503082505,9.862826868404376,8,Windows,Basic,1,0
4605,45.0,13611.258823495406,641.8148670410521,2.9660742705030074,10,Web,Standard,0,0
4606,,64910.67077412693,728.5273725576099,34.72348415769508,12,Windows,Standard,1,0
4607,19.0,33979.92250398914,712.9275801002005,11.527403962029283,20,iOS,Premium,1,0
4608,,30488.545883206505,555.0258735861823,49.19835251528338,11,Windows,Standard,1,0
4609,63.0,26062.751797351993,698.8614793297423,177.90150367260406,10,Android,Basic,1,0
4610,39.0,39823.179145464754,628.3767512015949,151.17815438189345,6,Web,Basic,1,0
4611,58.0,35379.30487415434,650.4088561647357,113.27878715997211,7,iOS,Basic,0,0
4612,33.0,28315.8944684394,668.6336206342833,229.6714507948589,15,iOS,Standard,0,0
4613,46.0,23822.966013338857,757.8695078824833,39.765587876594125,9,MacOS,Standard,1,0
4614,66.0,11577.301912690262,627.8651295408357,259.59488130533344,12,MacOS,Standard,1,0
4615,65.0,23522.61913019293,609.8053324299923,61.14700518140567,8,Web,Basic,0,0
4616,47.0,26705.449167711602,702.5159413390362,61.47787164032819,10,iOS,Standard,1,0
4617,29.0,,678.5991188833,62.37419944613396,19,Android,Basic,1,0
4618,52.0,117930.5924493641,740.3501619376274,12.389445994187048,10,Windows,Basic,0,0
4619,28.0,,662.3583047074321,445.0433296071874,10,Windows,Basic,0,0
4620,63.0,19648.602354134346,740.5408629596,17.890570861777935,13,Windows,Standard,1,0
4621,67.0,23654.35084835901,680.8134298859139,50.02300224368401,12,MacOS,Standard,0,0
4622,38.0,39815.312782681605,706.455755428186,46.1560882935213,15,iOS,Basic,1,0
4623,38.0,51698.3567613253,761.1971743508134,9.313805086845758,7,iOS,Standard,1,0
4624,22.0,,671.6376047630414,19.82177369487024,11,Android,Basic,1,0
4625,65.0,59672.395107853525,732.2333117837703,5.507473251559767,10,MacOS,Basic,1,0
4626,37.0,64960.739101650994,649.3200714130996,41.50592005696378,13,Android,Standard,1,0
4627,54.0,30720.019361424034,691.3769476948121,241.7795944114236,8,iOS,Basic,1,0
4628,20.0,124477.97980962339,607.7670414158354,49.76047896859493,17,Windows,Basic,1,0
4629,61.0,29352.672792816615,654.7840015510385,15.84449520382504,16,MacOS,Basic,1,0
4630,50.0,38777.84455147012,627.0982370570928,124.51127531729041,11,MacOS,Basic,0,0
4631,26.0,79023.15921149317,741.0376301627368,682.1097761748177,13,MacOS,Standard,1,0
4632,,51013.98127547786,766.9399180475434,31.726468282339766,16,Windows,Standard,1,0
4633,21.0,9466.286285704526,662.2649027834029,39.34901022379043,10,MacOS,Premium,1,0
4634,52.0,36438.51133995412,641.3480908799454,428.41239434456674,13,Web,Basic,0,0
4635,34.0,60911.596461140514,614.3027751645016,23.63516626674216,3,MacOS,Premium,1,0
4636,51.0,16218.661980011608,693.2270688051034,85.89967813437988,7,Windows,Standard,1,0
4637,41.0,,649.8856822665795,32.87750768493726,9,MacOS,Premium,1,0
4638,49.0,45894.1237055231,652.5641829325866,323.212317536465,13,Web,Premium,0,0
4639,18.0,73891.44164698722,761.4794308715967,478.9345338708412,6,Web,Standard,1,0
4640,,23976.781572803808,665.1800674226909,202.292102641582,10,MacOS,Basic,0,0
4641,62.0,66008.31839493473,709.3324785169335,45.362507178806375,12,iOS,Standard,0,0
4642,40.0,39965.223739898145,682.6480544957307,61.9986048779425,12,iOS,Basic,1,0
4643,64.0,104781.25626410982,612.2397296329783,33.29703015389057,9,Android,Basic,1,0
4644,57.0,193228.7429422561,587.7559813580947,265.7027246679588,10,Web,Basic,1,0
4645,29.0,,704.376102934784,295.19048949950496,10,iOS,Standard,0,0
4646,29.0,48451.142926985274,765.2055260433402,65.1338321509798,13,Android,Basic,1,0
4647,63.0,146181.2249354549,695.749376771025,128.2397334390595,7,iOS,Standard,1,0
4648,64.0,52160.81518372736,711.2045091592067,21.718351730805942,13,MacOS,Basic,1,0
4649,32.0,21062.14372643868,634.764684720726,68.49793243038077,11,Web,Standard,1,0
4650,,,730.7447171031505,119.79745717581567,20,iOS,Basic,1,0
4651,36.0,57354.312263853266,730.125222744102,58.41464440318028,11,MacOS,Premium,1,0
4652,43.0,59609.63454163256,645.190076384791,53.105205360449915,11,Android,Standard,1,0
4653,69.0,18487.33285704931,707.2704386916564,0.11993899107518166,10,MacOS,Basic,1,0
4654,46.0,18842.695819938344,591.6791074663516,195.73668071288142,10,Android,Standard,1,0
4655,39.0,29590.661251562742,716.1955983379494,264.15255147907163,12,iOS,Basic,0,0
4656,57.0,,651.3791207109978,418.6600268539013,11,Windows,Standard,1,0
4657,38.0,54043.120243697485,618.643543154499,152.44402313782936,17,MacOS,Basic,1,0
4658,68.0,39528.73182568804,700.1319978496002,95.49930489073483,16,Windows,Basic,1,0
4659,55.0,22011.99387427615,591.4135017442177,37.647733797920594,6,Web,Standard,1,0
4660,37.0,102967.19957954754,697.1206790384161,871.641825531128,13,Windows,Basic,1,0
4661,46.0,19087.045978047954,623.3860435227552,106.91946084802447,11,Web,Standard,1,0
4662,68.0,79332.60211555906,612.686193838407,137.1656733881031,9,iOS,Standard,1,0
4663,21.0,56573.38761106378,682.9926480689842,137.63783417038886,16,iOS,Standard,0,0
4664,24.0,78291.89639631365,671.3724371242566,223.91471660777896,16,MacOS,Premium,1,0
4665,45.0,27815.25872901396,752.8394725545254,1.1663546044750819,11,Windows,Standard,1,0
4666,,33336.476976373364,615.7599374938691,29.853359966450142,16,Web,Basic,0,0
4667,21.0,37534.865788649724,748.7527245582354,131.42640592001243,11,Web,Premium,1,0
4668,39.0,,623.1177697865362,270.62206352455735,8,Windows,Premium,1,0
4669,29.0,41570.87463578116,725.972120821252,138.75104604992381,10,iOS,Standard,0,0
4670,62.0,93662.54673480417,735.3046261426687,64.02813152828655,11,iOS,Premium,1,0
4671,20.0,16678.899419629317,696.0729392945462,53.846462795235894,9,Web,Premium,1,0
4672,39.0,24481.499163087366,640.4523059730793,160.70548238895208,15,MacOS,Basic,1,0
4673,61.0,,603.8522764021776,162.22144658844292,13,iOS,Basic,1,0
4674,19.0,34315.38389694233,582.4111758202409,112.09118899550039,12,Android,Basic,1,0
4675,41.0,33479.3543112566,772.6145477035443,41.34704132044058,10,Web,Premium,1,0
4676,51.0,57721.71648998845,665.1572553134015,311.08002529724996,18,Windows,Basic,1,0
4677,44.0,37057.789878417716,624.7666226136242,96.32329153521053,19,Windows,Standard,1,0
4678,58.0,43552.83013430846,622.841969697996,187.5594065516846,17,Web,Premium,1,0
4679,18.0,46123.08335992899,688.393119680338,28.9428905430648,10,Web,Premium,1,0
4680,25.0,42076.406071726655,660.2573948197954,50.59880036850227,10,iOS,Standard,1,0
4681,40.0,55380.77754894341,584.0353710571516,249.12999815152946,11,Web,Basic,1,0
4682,55.0,33745.622045636555,723.2270334731725,6.168715659506075,10,Web,Basic,0,0
4683,23.0,97520.80683406738,696.7491777748962,86.17034539020034,14,Android,Premium,1,0
4684,39.0,166870.26079971273,771.9955499584441,78.86539518823267,13,Windows,Premium,1,0
4685,42.0,,737.0395723777269,166.9472716240995,17,iOS,Standard,1,0
4686,35.0,41639.09123759225,525.092642273961,39.73653228794256,18,MacOS,Premium,0,0
4687,34.0,52825.504116984586,750.8486986918781,29.671883059457297,10,iOS,Basic,0,0
4688,29.0,18758.085187792094,740.3745624637269,312.65843009895883,12,Windows,Standard,1,0
4689,23.0,40459.76410907658,643.1813623822,101.75447161483763,14,MacOS,Basic,1,0
4690,43.0,23416.71203188808,658.371212143846,13.270172371979521,14,Web,Standard,0,0
4691,44.0,49315.12708275403,700.586255362062,25.737170686885918,14,Android,Basic,1,0
4692,25.0,23486.578638490068,629.2892495601586,809.6867102914488,7,Android,Basic,1,0
4693,36.0,29529.160121062814,667.8635565893585,26.120376594059525,9,Windows,Premium,1,0
4694,59.0,11811.364694755137,730.0018722912956,113.13942523700834,8,Windows,Standard,1,0
4695,18.0,17962.69858810524,705.886395434504,65.39376308181662,8,Android,Premium,1,0
4696,46.0,44932.843246764154,646.660761801913,260.1655545499142,7,MacOS,Standard,1,0
4697,62.0,21562.098493497757,731.1380278320612,168.86225245517346,11,MacOS,Basic,0,0
4698,66.0,68752.22579957843,695.1447631271466,109.04377433978871,12,iOS,Standard,1,0
4699,52.0,20489.473530947344,693.4352726473437,1.2956473012575516,14,Web,Premium,0,0
4700,57.0,47665.00218514403,654.2533818509398,254.2270063887835,15,MacOS,Standard,0,0
4701,31.0,22991.37955311442,679.6730728165569,70.58258316161185,7,Web,Premium,0,0
4702,52.0,45765.319404259135,641.2954259190113,321.84669569484925,10,Windows,Basic,1,0
4703,65.0,14459.799106159657,582.9724207648176,82.11177263031693,16,MacOS,Basic,1,0
4704,62.0,27669.61654740556,666.0103917150508,142.18848852531,18,MacOS,Premium,0,0
4705,37.0,21856.9019382905,673.89238769526,8.617246796036694,17,MacOS,Basic,1,0
4706,66.0,61693.850993935266,686.8644389743832,164.05039565430144,14,iOS,Standard,1,0
4707,30.0,47923.3183776132,740.6077299184248,49.498047367920414,13,Windows,Basic,1,0
4708,55.0,17334.506117484972,647.3857577636645,51.94510753530688,14,Android,Standard,0,0
4709,66.0,32147.551175095516,661.612399824264,15.156850521598942,7,iOS,Basic,0,0
4710,63.0,22847.78132802465,718.3088798810609,19.059393138828625,6,iOS,Standard,1,0
4711,66.0,64225.41710053626,642.3738942709077,24.659874843864998,9,MacOS,Premium,1,0
4712,25.0,77879.22347066434,687.6874764404239,47.73645408007734,13,iOS,Basic,1,0
4713,60.0,15290.896221640409,659.5858993217822,267.041460629348,9,Android,Basic,0,0
4714,37.0,59636.42264663627,667.8187808644287,55.11332867843421,19,iOS,Basic,1,0
4715,50.0,22159.51730692199,717.9072444605339,154.640331808495,7,iOS,Basic,1,0
4716,43.0,,661.327347200978,10.364699334354231,15,MacOS,Basic,1,0
4717,56.0,37025.14433486013,719.5372003619917,107.31380581591033,9,Windows,Standard,1,0
4718,38.0,108008.33706068127,582.3783445897421,78.90840966271259,13,Android,Basic,1,0
4719,66.0,19884.387673515495,608.5192663040269,457.7763777781379,15,MacOS,Basic,1,0
4720,59.0,59925.04639895048,564.0899954625576,224.65832910669718,5,iOS,Standard,1,0
4721,60.0,17981.475266885504,621.7114691416516,72.79886267266863,15,Android,Premium,1,0
4722,58.0,17251.318409852094,772.8421831424586,179.0747502036676,17,Web,Basic,1,0
4723,26.0,36941.02751140801,679.1232045658273,25.737554210923616,15,iOS,Standard,0,0
4724,41.0,36792.07304595544,643.9348624771271,99.15654411923171,10,Windows,Standard,1,0
4725,54.0,6638.285550588218,719.1403412496212,9.305975331785556,15,iOS,Basic,1,0
4726,66.0,72820.86306017205,726.2005528628586,51.341673469546365,10,Windows,Standard,1,0
4727,58.0,10062.103581681396,618.9576092968737,30.72064335882231,11,Web,Standard,0,0
4728,34.0,33270.87066465197,804.9100058987057,152.28956630832758,13,MacOS,Standard,1,0
4729,41.0,80544.83548951178,693.8165421500528,80.82268739846161,16,MacOS,Basic,0,0
4730,,136695.40112042933,700.117599422717,166.8702564198394,10,MacOS,Premium,0,0
4731,68.0,29207.186815368088,704.8616575678931,86.90588680887636,15,Android,Basic,1,0
4732,56.0,15370.887078974389,704.7568935022987,10.854584673169557,8,Windows,Basic,1,0
4733,58.0,78773.26451411813,648.9263297642761,159.52965284982912,12,iOS,Standard,1,0
4734,,61028.35859175997,785.6259645481401,214.93622976257888,15,Android,Basic,1,0
4735,30.0,27081.459630395253,665.740577662817,280.6243089108612,7,Android,Basic,1,0
4736,28.0,,727.8758888821664,101.83359170406868,18,iOS,Standard,1,0
4737,63.0,23613.283711752538,656.2532688889376,168.08875553317716,10,Web,Standard,0,0
4738,36.0,29532.542755310456,647.3866748448343,167.34063918627967,7,MacOS,Basic,0,0
4739,28.0,43898.7394900787,775.0932306625496,20.316760224284256,12,Web,Standard,1,0
4740,30.0,25858.412193857537,674.581448169058,21.526881715337154,14,Web,Premium,1,0
4741,63.0,27896.369521432192,678.2946399505228,8.822796384967308,6,MacOS,Premium,1,0
4742,62.0,53357.37107395573,694.1808602752506,46.26425780761128,16,Web,Basic,0,0
4743,18.0,14921.397198192235,810.0885235660401,76.98243102483667,13,Android,Standard,1,0
4744,57.0,28982.241752795766,788.4380583960714,739.7755150386996,14,iOS,Basic,1,0
4745,61.0,13285.591598826873,744.1891304162887,67.66357725766092,7,Android,Premium,1,0
4746,36.0,38756.2566627252,822.6811291370225,155.46155091266905,15,Android,Premium,1,0
4747,29.0,11343.007515373307,632.7711640039546,141.86419362547002,12,Windows,Basic,1,0
4748,25.0,61945.241743684855,712.7941995345694,27.451408997365125,10,MacOS,Standard,0,0
4749,25.0,16501.68147916817,683.791146549022,7.234623206129615,11,MacOS,Premium,0,0
4750,62.0,12537.166864406916,591.5456133982071,94.7607542724867,15,Android,Standard,1,0
4751,29.0,29197.314722196326,703.1548465331888,144.59903574498907,20,MacOS,Standard,1,0
4752,65.0,101383.37225698664,655.4586760042976,761.8995573847083,8,Windows,Standard,1,0
4753,50.0,,756.6750420490155,53.29430680403753,10,iOS,Premium,1,0
4754,62.0,11459.926042657515,660.2489067780816,272.02511313519835,13,Web,Standard,0,0
4755,43.0,16222.019706221556,657.4054015388579,57.73890393439484,11,MacOS,Premium,1,0
4756,56.0,,756.6534412925653,140.31444781781107,10,Android,Standard,1,0
4757,45.0,139108.83579451987,676.7273010788914,109.43190825250053,19,MacOS,Basic,1,0
4758,22.0,20673.904074728358,738.1438846873577,6.532055098911225,12,Android,Standard,1,0
4759,25.0,20774.236201521846,701.2179719961649,9.795771789408402,13,Web,Basic,1,0
4760,42.0,90803.9106167259,701.8885730651737,2.5179233785207904,10,MacOS,Basic,1,0
4761,44.0,40820.689324734594,667.7976313559797,55.60323367013423,11,Web,Standard,1,0
4762,63.0,68309.21912917354,705.1105022853504,164.3565655184056,8,Android,Premium,0,0
4763,40.0,23476.149641576343,673.4254094005387,22.758582310724492,13,Windows,Premium,1,0
4764,47.0,34167.10067048415,639.8098276171816,111.72375151280238,11,Windows,Basic,1,0
4765,62.0,79967.78278147877,674.7872842341773,40.90087875977275,13,iOS,Basic,1,0
4766,64.0,33292.76795850192,744.3915394337529,191.34155586263884,10,Android,Premium,1,0
4767,,71241.58019996408,706.8004612795683,192.17407689595967,11,Android,Premium,1,0
4768,66.0,45814.70462529744,718.4220365663383,179.21986375421054,18,Android,Premium,1,0
4769,64.0,19462.06670741772,680.0733685721056,89.29080469164627,19,Windows,Basic,1,0
4770,37.0,35961.69677691562,583.1104921909252,40.18403039323134,15,Windows,Standard,1,0
4771,35.0,65436.16690460898,618.9285750790463,198.93712735510758,12,Windows,Premium,1,0
4772,35.0,54265.813103735985,665.5497223228066,24.71021532926968,15,MacOS,Basic,1,0
4773,,35448.92690883914,623.2468827241356,41.05821330755494,11,MacOS,Basic,1,0
4774,21.0,11672.271685471711,653.7821218704614,24.393220858074006,7,Windows,Premium,0,0
4775,47.0,12362.279148669573,651.9722715142899,134.58033231195049,15,Web,Basic,0,0
4776,50.0,14044.928464578421,653.4795629936217,139.0937109151061,14,MacOS,Basic,1,0
4777,53.0,26735.155826931863,751.8584927652056,126.84232447339565,5,MacOS,Basic,1,0
4778,35.0,28961.69216150814,677.3510862535235,64.46065309729303,15,MacOS,Basic,0,0
4779,54.0,14984.223491318113,726.7335079050267,12.666065005587129,14,MacOS,Basic,1,0
4780,36.0,67071.04275370098,688.1972472279012,290.52314050880875,12,iOS,Basic,1,0
4781,64.0,17013.09386073386,750.7873303830056,85.04758689944124,15,MacOS,Basic,1,0
4782,45.0,15957.186559952404,731.0489802573813,62.701679067865406,9,Web,Premium,1,0
4783,57.0,38289.90074709678,650.4242065164716,106.64833256746459,12,iOS,Basic,0,0
4784,37.0,65143.191492994534,778.0814736649089,25.700635370893615,16,MacOS,Basic,0,0
4785,66.0,124606.0914133232,657.2738796490792,17.063519790931995,11,Android,Basic,1,0
4786,50.0,51509.7831506851,690.000033291583,62.40923860886043,13,iOS,Standard,0,0
4787,29.0,93704.15690602337,698.8513416515163,30.931412942635482,14,MacOS,Basic,0,0
4788,68.0,17549.241506620518,704.4182380107248,33.6117556833237,9,Web,Basic,1,0
4789,32.0,132699.64649779594,719.8089947488118,267.64455602169244,14,Windows,Basic,1,0
4790,58.0,11885.914584421756,642.1607790626155,90.79669930106928,10,MacOS,Premium,1,0
4791,56.0,26841.28450139048,715.6167633406684,79.27441168703578,8,Android,Standard,1,0
4792,19.0,50837.59971946996,709.0572778504336,140.34067909047204,8,Web,Basic,1,0
4793,46.0,13861.490277356432,680.0236017394542,363.26208096031445,8,iOS,Premium,1,0
4794,58.0,20822.094653073065,670.5128248022969,14.280860355855433,12,Web,Basic,1,0
4795,27.0,18928.92553005326,639.5949177237146,215.15611216577307,10,MacOS,Basic,1,0
4796,,30147.804963776503,704.0175581062226,105.25393502823786,11,Android,Standard,1,0
4797,68.0,85216.44528799293,646.9765240020852,18.962127200562797,13,Web,Standard,1,0
4798,28.0,36683.965813970775,691.8940385099825,42.31329742200602,13,Web,Standard,1,0
4799,30.0,27506.060287302505,674.9335488590955,79.01735945064765,8,Windows,Basic,1,0
4800,27.0,6434.345334233978,613.2919622125387,140.99849398754932,13,Windows,Standard,1,0
4801,31.0,48052.67686821275,633.3280743063503,33.344763370234325,9,MacOS,Basic,1,0
4802,35.0,58338.01658836574,700.2387928886767,91.85487545406073,11,iOS,Basic,0,0
4803,68.0,13095.031197199296,653.7840943015296,138.49688765818667,6,iOS,Standard,0,0
4804,26.0,34885.15237079682,652.0789915756234,71.46600886246964,13,Android,Premium,0,0
4805,56.0,40774.204353363704,641.8026298877824,238.55566420061294,10,MacOS,Basic,1,0
4806,45.0,64780.574060677274,643.4994238567757,244.32824557428933,9,iOS,Standard,1,0
4807,20.0,23509.007511472148,762.1333258928174,76.34199694219518,9,Web,Standard,1,0
4808,37.0,21477.986016343697,624.0030431497692,433.10048699942035,18,MacOS,Standard,1,0
4809,23.0,27614.64759573735,753.6451622832589,9.431312871947725,8,Web,Basic,1,0
4810,44.0,78484.95518171255,663.463438960086,0.4041652584229797,9,Android,Standard,1,0
4811,19.0,67935.04216354326,647.3122753711061,57.493707249662215,13,MacOS,Standard,1,0
4812,46.0,35853.369078474156,699.1911781915635,110.28445839244904,11,Android,Basic,1,0
4813,,66961.01854632483,682.6520392135224,119.05114438944605,12,Windows,Basic,1,0
4814,,8767.309693608975,670.1250024565668,77.65375181330815,11,Android,Basic,0,0
4815,33.0,58395.407303243235,690.9941815246735,16.00776542631344,11,Windows,Standard,0,0
4816,47.0,18559.560058445262,681.8599098468134,22.43150181103505,13,MacOS,Standard,1,0
4817,57.0,104842.52030003922,669.220112433008,229.38520756012178,15,Web,Basic,1,0
4818,19.0,19176.73630975065,726.783718962537,242.91364062282895,11,Web,Basic,0,0
4819,34.0,21771.18751254879,607.651164224442,134.46560549789672,12,Web,Standard,1,0
4820,58.0,50891.65489315985,634.2667588417794,130.95516678646067,8,Android,Standard,1,0
4821,,53926.24080756262,640.5892416349043,109.26153318281608,13,MacOS,Basic,1,0
4822,52.0,27783.587641705682,627.1031668995546,27.21691355092693,18,MacOS,Basic,1,0
4823,60.0,45380.71076164699,684.2963304666204,67.08656050150756,13,Windows,Standard,1,0
4824,18.0,48885.0982226428,705.2709779537246,142.84573156422914,9,MacOS,Basic,1,0
4825,62.0,45975.7238435598,581.8734752739539,92.46878847915555,15,Web,Basic,1,0
4826,32.0,28488.821164400128,656.2973463482097,2.2506140235663823,11,MacOS,Standard,1,0
4827,43.0,,663.9168209725442,368.34304357271355,15,Windows,Standard,1,0
4828,54.0,84442.17360203793,665.7072021921284,223.5772929724764,9,MacOS,Standard,0,0
4829,,17408.37885117172,615.7456015066737,36.221024362929654,9,MacOS,Basic,1,0
4830,66.0,21937.745667738673,664.3339563586185,114.99703017724465,6,Web,Premium,1,0
4831,48.0,36914.266429569376,634.4438554064948,308.0476295184926,12,MacOS,Basic,0,0
4832,42.0,19269.244904250732,663.281144664934,12.112572024696707,6,Android,Basic,1,0
4833,40.0,12307.421820931879,594.0186240667232,83.90694865719027,12,Windows,Standard,0,0
4834,41.0,69973.63348175105,663.622028831551,73.11034447580313,14,Windows,Basic,0,0
4835,55.0,9535.024050635022,644.0483202018753,63.35763228541562,10,Windows,Standard,1,0
4836,45.0,28525.975764378632,666.8759476126556,216.6460211745542,13,MacOS,Basic,0,0
4837,38.0,57260.51609833517,695.0396355157237,57.48942197695348,16,Android,Basic,0,0
4838,60.0,42617.48413249184,677.7632469792389,7.893621656157193,9,Windows,Basic,1,0
4839,35.0,28786.17109269057,719.6697600887778,8.172615869839976,19,iOS,Standard,1,0
4840,53.0,18798.57323304923,661.9616793401829,5.24220651564324,7,Web,Premium,1,0
4841,52.0,44637.10254884716,710.9442408932547,63.14224230654127,10,iOS,Basic,0,0
4842,62.0,,736.2493553190081,152.0747937491601,13,iOS,Premium,0,0
4843,26.0,42597.870885334436,693.6879852731977,27.3368985589382,19,Windows,Premium,1,0
4844,55.0,39519.543036005954,678.9601084733895,124.77392957967724,9,iOS,Basic,1,0
4845,47.0,39760.12264637296,700.7181042089394,139.42017442508507,12,iOS,Premium,1,0
4846,61.0,24730.89979211735,695.4541808727229,35.357088577989174,14,Android,Standard,1,0
4847,,123131.16713189392,730.0621504046629,110.1223013691941,10,Web,Premium,1,0
4848,49.0,45022.78528724098,719.6899729754932,138.57177111745546,12,MacOS,Premium,1,0
4849,20.0,30723.23984693805,720.2913605212386,75.42110485462845,9,Windows,Premium,0,0
4850,20.0,42555.41312279713,682.2012978780905,49.26635100556312,15,Windows,Basic,0,0
4851,45.0,22818.4115603198,697.0613316346243,115.84245073789552,9,iOS,Standard,1,0
4852,61.0,28802.495190013095,696.1263131627984,457.1743552237669,17,MacOS,Basic,1,0
4853,32.0,152535.3969543001,619.6310298946148,66.79113936982394,16,MacOS,Basic,0,0
4854,58.0,22915.561864158906,733.4458009212656,59.65737540057978,6,MacOS,Basic,1,0
4855,40.0,34659.82034284256,596.5354735027765,74.89430330619271,17,Windows,Basic,0,0
4856,57.0,27621.15076119303,715.6093328813519,9.513551018318697,14,Windows,Standard,1,0
4857,28.0,19462.009904665792,693.3498048428854,96.66744360072859,10,Android,Standard,1,0
4858,65.0,46753.80838276582,665.7855886115398,47.824230710539396,13,Windows,Premium,1,0
4859,49.0,37118.96507513688,699.5595079413125,15.534087219343952,17,Windows,Basic,0,0
4860,,62731.33643354988,700.9284663114724,75.34084130965901,8,Android,Standard,1,0
4861,50.0,59062.22051466123,614.6100046623462,0.40676702478059046,14,Windows,Standard,1,0
4862,41.0,62344.11944509632,750.8063141040753,61.65665612386784,9,iOS,Basic,1,0
4863,56.0,,683.6069026925833,13.410411210734429,14,iOS,Basic,1,0
4864,51.0,53347.18441025112,795.7366152270461,2.9511166287257935,14,Android,Basic,0,0
4865,45.0,54131.03194323804,719.4885514318353,208.79688714513182,11,Android,Premium,0,0
4866,54.0,19680.079319802397,682.4698673457692,297.5885783059777,19,iOS,Premium,1,0
4867,24.0,29996.328045320093,645.4980357003691,27.93398087946404,7,MacOS,Standard,0,0
4868,21.0,15158.74302912336,674.4580231403636,93.00053262105052,10,Windows,Basic,1,0
4869,54.0,54272.53513956966,687.4915364291332,39.08066251876515,16,Web,Basic,0,0
4870,18.0,,753.271507716386,81.64606281113909,11,Web,Premium,1,0
4871,18.0,85666.54709850802,741.3329917155264,68.8585221271902,7,Android,Basic,0,0
4872,64.0,31657.200172814042,702.5744241237473,37.60939973554103,9,Web,Standard,1,0
4873,37.0,47613.98273115877,768.4595584618332,144.63427173359534,7,MacOS,Basic,1,0
4874,36.0,65685.99794084056,579.1909435199724,16.228415941607288,11,Web,Premium,1,0
4875,,23101.783073667237,703.1393693264154,6.543965311581885,12,iOS,Basic,1,0
4876,27.0,21087.187661752483,742.7825959260217,175.15438673632323,9,Android,Basic,1,0
4877,35.0,23535.586629402016,707.3718885707775,131.56857846979398,12,Web,Standard,0,0
4878,45.0,29449.220468732743,613.3596010588251,82.82445179444744,9,Windows,Basic,1,0
4879,52.0,21540.0093893296,749.4721566758897,75.68600392970635,5,Android,Premium,1,0
4880,60.0,24151.538764883142,718.0674281686718,82.55799544527878,9,MacOS,Basic,0,0
4881,64.0,61608.128773229284,697.150598010673,68.94220988371853,10,iOS,Premium,1,0
4882,48.0,34275.7032161778,684.4178995578036,59.88588801735124,7,Web,Standard,1,0
4883,44.0,43652.639286592115,779.6851034074377,83.10342932476688,10,iOS,Standard,1,0
4884,28.0,26096.850802656256,702.2258771866476,90.22420245588769,15,MacOS,Premium,1,0
4885,66.0,25088.89865170797,667.9040170631419,141.28060610731833,9,Web,Standard,1,0
4886,,43102.381669758535,639.431074955222,149.04548004675098,15,Android,Basic,1,0
4887,55.0,39168.862916973376,717.8764569604307,56.906283575963535,21,Android,Basic,1,0
4888,22.0,57918.49293687711,729.3116697637801,64.03820469148434,10,Windows,Basic,0,0
4889,25.0,79297.01767661204,682.8257777241845,56.15055245262051,12,MacOS,Standard,1,0
4890,51.0,23984.250804200557,652.1110760076962,92.2831294147039,16,Web,Basic,1,0
4891,65.0,60883.088528210115,746.5028299106025,72.47436085369958,11,iOS,Basic,1,0
4892,69.0,18998.51884121037,635.6292291151584,264.43357306109624,15,iOS,Basic,0,0
4893,29.0,126028.98632593662,778.472269066599,143.0299994726047,12,Web,Standard,1,0
4894,55.0,22656.851238694388,643.2733090825984,274.70860743419183,11,MacOS,Basic,1,0
4895,18.0,54960.95713441624,616.0850993075666,148.18834608313972,15,MacOS,Standard,1,0
4896,48.0,18913.96461530092,622.4816651318317,424.82264940973675,14,iOS,Basic,1,0
4897,21.0,33148.25876566735,624.5139585853383,121.1854243225659,17,Web,Standard,1,0
4898,66.0,91806.63817714388,668.1701947981576,397.41811332195164,14,Web,Standard,1,0
4899,62.0,22233.99068428492,656.5913742199579,20.661246621670283,15,iOS,Basic,1,0
4900,67.0,136286.1094271756,731.2319912415358,6.468574374014215,11,Web,Standard,1,0
4901,22.0,36200.732837347445,724.103740764474,103.8503809854966,14,Web,Standard,1,0
4902,47.0,65213.87439784983,668.8244470492155,492.47798557426427,12,Android,Premium,0,0
4903,41.0,46247.68761153239,835.1692202882434,64.87281503177431,15,Android,Standard,1,0
4904,20.0,47773.388588338945,668.1619466607503,28.597466256242065,12,Windows,Basic,1,0
4905,28.0,15434.055912800428,674.8241822468567,88.4622834030084,17,Windows,Premium,1,0
4906,62.0,27344.982182887026,616.1291025933807,125.56746010580594,9,MacOS,Standard,1,0
4907,21.0,74427.87967850413,675.9729837687514,45.43168129422059,9,Android,Basic,0,0
4908,43.0,29537.244721570973,694.870034569555,150.53485890851593,15,Android,Premium,1,0
4909,44.0,39470.12160622302,620.7889553053094,443.2164309088921,6,Android,Premium,1,0
4910,63.0,14350.595563055522,655.0654287595153,272.7201975827543,11,Android,Basic,1,0
4911,60.0,26303.40915418405,696.3505364987807,41.36708712847477,10,MacOS,Basic,1,0
4912,44.0,71240.9860521511,653.7582260449615,47.47193505334771,10,iOS,Standard,1,0
4913,59.0,16821.655292515316,643.2920413814527,55.738181388996466,14,MacOS,Premium,0,0
4914,68.0,55840.09407715831,719.1066507101972,60.21454617182353,14,iOS,Basic,1,0
4915,67.0,40403.30563098089,615.8943094433469,12.685869334628245,5,Windows,Standard,1,0
4916,,31521.549700432763,625.6038810703171,172.23941740541676,16,Android,Standard,0,0
4917,32.0,30700.83938114197,688.868967029214,54.55976355204166,10,iOS,Basic,1,0
4918,47.0,,722.3079631370142,254.25173594950658,9,MacOS,Standard,1,0
4919,59.0,28533.023557291854,695.276198311331,313.9779343839879,8,iOS,Basic,1,0
4920,54.0,63439.63703402446,668.8056372321895,2.9681646619975925,14,Web,Standard,1,0
4921,54.0,28022.799101372068,664.7305690397953,535.8810275435166,15,Windows,Basic,1,0
4922,59.0,107425.64290533359,730.5220941413269,148.5543292268684,14,Windows,Basic,1,0
4923,54.0,43465.35668884776,722.9500716485342,88.17439759252277,22,Android,Premium,1,0
4924,52.0,25699.911892833963,682.4924625921453,59.2226650816096,6,Android,Basic,0,0
4925,40.0,65122.121046011176,666.1190650431741,87.70640484482516,7,MacOS,Standard,1,0
4926,23.0,52803.75401025041,681.7636096322652,47.09841337490637,10,iOS,Standard,1,0
4927,21.0,13460.222531506195,643.6401275703463,116.96188245876206,17,Web,Basic,1,0
4928,,19522.38794610387,672.491217430255,11.710929981249528,11,Windows,Basic,1,0
4929,26.0,33885.68115323323,655.5231664004717,116.46511401198487,18,iOS,Basic,0,0
4930,66.0,14042.380849068624,674.957759081077,38.647127118087674,13,Web,Basic,0,0
4931,46.0,127302.05675656509,657.3157865169549,2.135061029199513,6,iOS,Standard,1,0
4932,30.0,59476.66378004052,706.1975936969,96.5446391601549,6,Android,Standard,1,0
4933,64.0,36026.14816784363,720.9202699924717,103.65738732794799,9,Windows,Premium,1,0
4934,69.0,29565.87394181392,661.0142089892656,66.73412060755801,13,Web,Standard,1,0
4935,34.0,25341.580087191476,639.4060165566634,9.003844082591947,11,Android,Basic,0,0
4936,,11176.634862671894,715.5810867092086,268.5764110154952,16,MacOS,Basic,1,0
4937,49.0,12839.425188776451,689.237940639422,113.4340827191116,10,MacOS,Basic,1,0
4938,65.0,113626.54613779846,661.6631960741489,14.756873660503933,17,Android,Basic,1,0
4939,39.0,93354.54014748297,748.7775956681603,85.83009953147477,17,Web,Basic,1,0
4940,21.0,,651.7482869766753,82.52050020569047,18,Web,Basic,1,0
4941,22.0,62617.46386803535,580.3531842159912,7.4763618147947675,13,Windows,Standard,0,0
4942,54.0,49210.01629531326,644.6020314684001,112.0306491036442,11,Android,Basic,1,0
4943,58.0,52816.175343935676,760.9189238445656,198.23536175612355,10,MacOS,Standard,1,0
4944,66.0,15442.725674167119,664.1148134466596,165.8801314805472,13,Android,Basic,1,0
4945,30.0,12272.217497047692,654.2280354282021,27.22346696672738,14,iOS,Basic,1,0
4946,51.0,73832.67146792042,681.3301560626782,237.9148347738828,15,Web,Basic,1,0
4947,62.0,11074.727815999779,730.553154394645,50.32495767204401,5,iOS,Basic,1,0
4948,,33225.86358176888,675.8550004641421,351.38762891177845,12,MacOS,Basic,1,0
4949,,29125.769300473487,709.567379095432,8.934239135505997,10,Web,Basic,0,0
4950,68.0,,670.5366884531596,79.91257257171917,14,MacOS,Basic,0,0
4951,20.0,43856.161163720724,709.9605585573183,109.09528714836962,12,MacOS,Basic,0,0
4952,,24183.951769259274,689.0131396950756,34.14645223999338,21,MacOS,Premium,0,0
4953,51.0,46048.07679854703,660.1004112555389,177.08338414325138,16,Windows,Basic,0,0
4954,49.0,39525.181291197405,692.9045988300668,118.30766635794009,13,MacOS,Premium,1,0
4955,62.0,127930.11438471703,652.8745046142633,2.1930504125628723,11,MacOS,Basic,0,0
4956,68.0,15815.63623711121,611.0905824083447,112.49209967073871,13,iOS,Standard,1,0
4957,66.0,36958.88621192803,679.0056103073931,81.14967130872232,8,iOS,Standard,1,0
4958,38.0,47042.51564200354,615.5312821055076,26.18307971874334,12,iOS,Standard,1,0
4959,63.0,,709.8714767764444,655.2503064684305,13,Web,Basic,1,0
4960,61.0,16281.01420576126,678.125461413759,272.95226867652406,12,Windows,Basic,1,0
4961,38.0,77208.25562114397,751.1645974211917,41.52342310680719,10,Web,Standard,1,0
4962,61.0,44451.79391126604,663.4881444487877,93.4631510884268,11,Windows,Basic,1,0
4963,28.0,16981.19734240364,678.9986401578238,45.66381043625475,15,Windows,Standard,1,0
4964,56.0,47249.66190917705,606.5186974426744,179.26327779706173,11,Android,Premium,1,0
4965,21.0,100804.63765384306,624.7953344414727,319.68072496384207,6,Android,Standard,1,0
4966,68.0,35532.7625981298,596.0638618825736,53.33501686719067,15,Android,Basic,1,0
4967,18.0,36267.322141156386,733.8746905573082,196.53076407771016,17,Windows,Basic,1,0
4968,45.0,93041.69626803047,657.0222842502941,82.79607925002178,11,Windows,Basic,1,0
4969,41.0,20287.690685673013,746.3539875696703,60.61673076918888,16,Web,Standard,1,0
4970,52.0,102388.65818820536,545.9694432963082,334.49378558899065,16,Windows,Standard,1,0
4971,30.0,65104.34973829091,757.4037199272054,85.70113493542627,14,MacOS,Basic,1,0
4972,64.0,,676.5988554647561,75.60051850651763,15,MacOS,Basic,1,0
4973,51.0,24319.61730381761,696.9923694482666,133.9280333534932,15,Windows,Basic,1,0
4974,28.0,26505.62622430059,626.8528634908415,36.3329189268057,10,MacOS,Premium,1,0
4975,53.0,12086.70626225283,706.3644959418664,47.12829325074457,13,Windows,Basic,1,0
4976,68.0,42458.52726584869,661.3042926972395,322.6706236105046,18,Android,Basic,0,0
4977,,21431.81540326791,620.3022888977383,136.18206857457534,21,Windows,Basic,1,0
4978,52.0,43387.679307403276,619.6166823549032,210.2842163103931,15,Android,Basic,1,0
4979,35.0,16737.952919621508,618.732478170885,37.94818407358054,17,iOS,Premium,1,0
4980,57.0,63184.09847930801,699.0119797898415,94.17629585794761,14,MacOS,Basic,1,0
4981,39.0,56532.75920669449,648.2184192069201,426.5061653797484,13,iOS,Standard,1,0
4982,41.0,23776.96637248536,597.9953122145082,46.05099169716385,8,MacOS,Basic,1,0
4983,36.0,45061.77002504486,698.4649757018855,20.99049381521348,7,iOS,Standard,1,0
4984,54.0,38167.98428966529,571.3635238398667,85.81916455903763,9,Windows,Premium,0,0
4985,56.0,88378.11867558405,746.4536048497048,58.88768406091145,13,iOS,Basic,1,0
4986,38.0,19545.739617042873,779.3205288136626,20.86202633440123,14,MacOS,Basic,1,0
4987,25.0,33144.14017112051,614.3788162236631,263.3029950861283,11,Web,Basic,1,0
4988,45.0,24725.4861349814,732.6225315807021,561.6378260252947,14,MacOS,Basic,1,0
4989,22.0,37305.30863876583,697.4549001202752,100.88138881298764,11,Web,Standard,0,0
4990,,50009.294726806016,654.998066172536,178.82631872062643,8,Windows,Premium,1,0
4991,54.0,24561.011669209376,657.3313789685081,235.11210600940606,12,MacOS,Basic,1,0
4992,53.0,29188.680738674884,712.7239156455054,144.8701832247863,14,iOS,Standard,1,0
4993,36.0,64836.53134631695,678.0024601198271,5.419273265140105,13,Windows,Basic,1,0
4994,44.0,81993.46247519585,550.2895421346577,20.584914591501033,11,MacOS,Basic,1,0
4995,51.0,48830.46213253067,783.6507201501762,8.836188636893272,11,Windows,Standard,0,0
4996,28.0,33430.43998649026,701.6587092992402,1.191448055383602,8,Web,Premium,1,0
4997,62.0,31575.659929417285,677.3994609591477,43.83337725447996,16,Windows,Basic,0,0
4998,64.0,50456.95104870261,644.0788380157578,59.779923574046855,16,iOS,Basic,1,0
4999,29.0,41633.491265409815,670.5519748166785,33.095121047028115,20,MacOS,Standard,1,0
5000,38.0,13502.28888733771,743.4593629425596,8.014320335064,16,Web,Standard,0,0
5001,28.0,51196.74011566785,693.08092172731,90.5677596725192,11,Windows,Premium,0,0
5002,56.0,21669.43727676045,698.7687312224002,38.312175310848694,12,Android,Basic,0,0
5003,45.0,15519.276182352356,617.5414690176555,190.77809200920467,9,Web,Standard,1,0
5004,22.0,13346.281252179495,662.5184861886639,0.9702262916975675,7,Web,Basic,0,0
5005,34.0,31899.237232814092,682.5525753371674,221.820190760993,11,iOS,Standard,1,0
5006,37.0,19733.744787222127,714.8283171728771,371.4760697777431,10,iOS,Basic,0,0
5007,58.0,8992.831726734352,659.2091895060673,151.1108074112091,10,Windows,Basic,1,0
5008,63.0,29287.8108322845,726.3934382737607,158.7506116970927,11,Android,Premium,1,0
5009,29.0,27055.82218666162,622.7823395827279,325.37889446126957,9,Web,Standard,1,0
5010,23.0,33191.83965621704,683.4768161543481,28.14569229077084,8,Windows,Basic,1,0
5011,34.0,24900.949831647788,675.1192560550774,625.8000372084668,11,Android,Standard,1,0
5012,68.0,108836.03886413873,604.2236769307206,178.19128202533165,13,Windows,Standard,0,0
5013,36.0,49533.395458698054,677.6145921662052,155.60546662897718,19,Web,Basic,0,0
5014,43.0,26909.42849434566,650.8697739716931,53.75911029823088,4,Windows,Basic,1,0
5015,65.0,34955.24813193673,750.6887363746464,94.70016969102358,10,iOS,Basic,0,0
5016,61.0,84862.33213257756,659.4871982039457,127.3294711202264,13,iOS,Basic,1,0
5017,61.0,64471.18682217443,697.5435267296357,116.21840402081942,13,MacOS,Premium,1,0
5018,,15713.459410601432,618.447900859233,146.48734212488557,14,Android,Standard,1,0
5019,49.0,20240.1930925981,691.8284446706612,10.316857514663702,8,Web,Premium,1,0
5020,23.0,22717.523717457065,659.2476845695226,52.741294809764604,8,Android,Standard,0,0
5021,,27894.366488280946,641.1861758016012,68.29934761195027,8,iOS,Standard,0,0
5022,55.0,25406.13802332166,821.6946115968722,36.23470285380299,11,Web,Basic,1,0
5023,28.0,37064.15291971393,662.3275485625065,22.739998138688453,8,MacOS,Standard,1,0
5024,50.0,56468.19208228449,669.402553533803,17.94918604294589,6,iOS,Standard,1,0
5025,41.0,62417.201012927515,725.0996726375068,54.75734725310325,14,iOS,Basic,0,0
5026,40.0,29849.447046995967,641.5786659236998,81.61390312504363,14,Android,Standard,1,0
5027,32.0,,700.1636138705435,7.805622376739821,20,Windows,Basic,1,0
5028,44.0,19452.95051317042,705.516020622209,351.27487836018145,11,Android,Standard,1,0
5029,28.0,26585.869351251913,692.2350213230853,173.9046861216761,7,iOS,Premium,1,0
5030,68.0,17205.413031931537,794.8169657964679,157.49916265088973,10,Android,Standard,0,0
5031,67.0,72006.76788770535,639.7865475235666,22.773833569391957,9,Windows,Basic,1,0
5032,34.0,17894.97748186662,756.880030078699,111.10056997983263,15,MacOS,Standard,1,0
5033,68.0,,703.6070201212783,90.53250430754288,13,Web,Standard,1,0
5034,31.0,13238.33130240576,725.4724806594968,485.2530888051269,15,iOS,Premium,1,0
5035,44.0,53869.549923581624,697.0617185841713,165.24294471667972,16,Android,Basic,0,0
5036,35.0,33404.26201286187,773.9138675872093,102.89524636521024,9,iOS,Standard,1,0
5037,45.0,89995.8125836382,663.9961038363936,228.3062988874423,15,Web,Basic,1,0
5038,,18417.607881102766,704.8610119221685,20.223626519683535,7,Android,Standard,0,0
5039,64.0,25887.904208747892,745.2736470285338,1.840018688760587,7,MacOS,Premium,1,0
5040,64.0,29078.09554064724,652.057865146437,140.6323144018864,10,Web,Premium,1,0
5041,21.0,33140.12152225844,730.0218338648345,12.418334177636508,17,Windows,Standard,1,0
5042,24.0,29507.846837775378,679.068087220283,14.718929128778528,15,Windows,Standard,1,0
5043,62.0,29851.57437928802,618.2558186332811,163.82885565019063,11,iOS,Premium,1,0
5044,52.0,29559.559526956877,607.4205210725056,37.853241187895364,11,Windows,Standard,1,0
5045,65.0,10480.713844114289,675.4590083312307,118.8671618372766,12,Android,Basic,1,0
5046,26.0,65907.05039036102,729.5442560802173,299.25953435672324,17,Windows,Premium,1,0
5047,25.0,202133.15463501768,576.0515217516241,45.658963419201875,15,MacOS,Basic,1,0
5048,69.0,43432.472854371925,690.0225019564423,29.376805148534185,15,Android,Standard,1,0
5049,62.0,18371.38355330259,724.6188567442454,13.52151911716731,5,iOS,Basic,0,0
5050,34.0,,616.1025057339401,16.775239021295405,8,iOS,Basic,0,0
5051,34.0,,648.3016687184999,7.709132793525548,8,Windows,Standard,1,0
5052,66.0,,708.6183470788825,11.00678847527062,13,Windows,Standard,1,0
5053,50.0,30620.528642215926,722.4268973670994,67.87703270195708,6,iOS,Basic,1,0
5054,49.0,57070.49987813414,760.2049111099518,46.43224988222038,7,Android,Basic,1,0
5055,25.0,10526.687433756013,650.682959934997,147.13018380118714,15,Web,Basic,0,0
5056,36.0,57093.027413412485,639.221157278091,245.0497761642581,8,iOS,Standard,1,0
5057,55.0,41883.896435637966,762.6342732340972,184.32755252792887,10,MacOS,Basic,1,0
5058,20.0,19978.884214640508,642.2529066910124,90.7655243449309,10,Android,Premium,1,0
5059,22.0,15367.430449778738,705.3642753800319,12.969319950130032,5,Web,Basic,1,0
5060,30.0,39057.741038688444,789.1557428216062,148.44866503689533,14,Web,Premium,1,0
5061,64.0,84486.14894179264,717.6354346803092,54.086013788566696,10,Android,Standard,1,0
5062,63.0,31670.59924226141,719.1635108468365,10.745073537153136,10,iOS,Basic,1,0
5063,48.0,21772.19531109153,743.9033052382714,221.77398671041416,20,Web,Basic,1,0
5064,33.0,40732.14878572196,706.2433788942654,49.53802101275968,14,MacOS,Standard,1,0
5065,67.0,108285.1263505541,719.403520080148,29.546254705908922,17,Android,Premium,1,0
5066,49.0,47041.23741597475,662.8705192931352,246.17440874670922,10,Windows,Premium,1,0
5067,39.0,50193.518958142,737.9981233420705,278.8985686449099,12,iOS,Basic,1,0
5068,,75635.36029468782,700.6740807939781,49.6748785053112,15,Android,Basic,0,0
5069,39.0,48220.25498297744,606.096545470373,52.583655898517556,14,MacOS,Basic,1,0
5070,60.0,22729.483099704314,692.1471956175408,103.9939800566369,9,Web,Basic,0,0
5071,20.0,12749.674602153596,571.5175958907722,158.65938288611312,16,iOS,Basic,0,0
5072,27.0,20889.62969841905,715.6956482829431,7.827749165758685,7,iOS,Standard,1,0
5073,59.0,18716.56457581835,668.3224228211809,107.974418012906,12,Android,Standard,1,0
5074,38.0,53937.695463436314,775.2776333571866,366.4543817439044,4,Android,Standard,1,0
5075,33.0,58630.41280655931,704.4815632345076,36.47264333129911,15,MacOS,Basic,1,0
5076,29.0,40349.861330652144,726.2090795511967,287.39985919412675,7,Windows,Basic,0,0
5077,19.0,16962.91575174582,627.5388374976491,359.8925723150433,13,Android,Basic,1,0
5078,58.0,106080.99810466125,714.2287362517924,37.6262424588135,20,Android,Premium,1,0
5079,41.0,28290.288768837745,647.9670988698618,168.38936075405,15,Android,Premium,1,0
5080,52.0,52160.90809161775,734.5258837371334,32.739157457876146,6,MacOS,Basic,0,0
5081,47.0,37406.31808988645,624.0823886999759,160.5513311887021,12,Web,Basic,1,0
5082,47.0,41159.008056033774,685.4903676428466,191.59443203950934,12,Windows,Basic,0,0
5083,64.0,51067.849097551174,622.1058784041705,34.075592088120054,9,MacOS,Standard,1,0
5084,52.0,23918.031344814888,686.2904976742647,150.99861512535966,11,Android,Basic,1,0
5085,,79478.47074745137,781.1243453000291,200.62434343168397,12,Web,Basic,1,0
5086,67.0,14076.988892120593,716.0634040128264,53.28828623874061,16,Android,Basic,1,0
5087,25.0,19474.59776048366,678.3685749045321,22.02787938709479,6,MacOS,Standard,1,0
5088,43.0,78862.22523747085,556.8920438307476,11.576625403697255,14,iOS,Basic,1,0
5089,66.0,51740.84859069742,653.2156440928217,102.78775677068289,17,Android,Standard,1,0
5090,57.0,166747.28113523335,703.7326822878673,458.54193238223803,9,Web,Standard,1,0
5091,24.0,37835.77135240105,654.4571162198808,207.75898895404526,10,Windows,Standard,0,0
5092,47.0,100735.90586612374,751.357512398172,68.69000877209221,9,iOS,Basic,1,0
5093,24.0,11914.515556304106,683.5769081225302,92.30517307036668,12,Android,Basic,0,0
5094,20.0,15551.167825125796,733.9297558055937,39.34182805838226,9,Android,Premium,1,0
5095,18.0,62150.57336817373,690.2450428988562,21.361188739822136,10,Web,Basic,1,0
5096,53.0,12781.822260126051,666.2008928446625,78.95240701460637,11,iOS,Basic,1,0
5097,42.0,32259.87367380066,656.4336748214804,74.72299633754228,13,iOS,Basic,1,0
5098,,73154.24602280912,629.3922980838861,88.55976179704804,14,iOS,Standard,1,0
5099,,49055.263038310215,734.8306591731026,366.4150251466288,7,Android,Basic,1,0
5100,32.0,36558.06626930229,658.5994033972898,111.12920509196046,17,iOS,Standard,1,0
5101,54.0,27737.359966518536,706.1148420808296,111.69905309134307,8,Android,Basic,1,0
5102,30.0,41000.335343189465,653.7127508365977,16.439310390341532,19,Android,Basic,1,0
5103,57.0,51346.34442444863,625.8485547703841,678.217952054318,10,iOS,Standard,0,0
5104,25.0,24427.465117305564,707.7570405312784,177.85469155655636,17,MacOS,Standard,1,0
5105,22.0,45389.75132506256,642.6648051859552,251.6670594810916,12,Windows,Basic,1,0
5106,26.0,69359.50304187507,659.9756377566431,64.1937922835862,11,Windows,Basic,1,0
5107,18.0,31777.479308127706,617.5655757285706,83.68949465968808,12,MacOS,Standard,0,0
5108,53.0,37830.60499949796,655.3438374210266,88.59838738065335,18,iOS,Basic,1,0
5109,52.0,48546.01064933192,681.2053584143947,25.89466053108144,10,Android,Basic,1,0
5110,19.0,50554.160699345564,665.6254509937735,140.34437459469464,14,Web,Standard,1,0
5111,57.0,61517.20334096306,720.9113308229807,279.936523987028,16,MacOS,Standard,1,0
5112,40.0,19759.21070471755,687.2760371532756,21.452980274165125,10,Windows,Basic,1,0
5113,26.0,26440.34913201347,834.3656905556172,10.832758633822287,9,Windows,Basic,1,0
5114,51.0,27034.599424131848,701.2125293834426,160.82959701476858,21,Android,Basic,1,0
5115,63.0,21113.17856214342,593.2256232416178,38.29277551821234,19,Windows,Standard,1,0
5116,31.0,12344.32407304269,669.3558792044678,117.33607459147774,14,Windows,Standard,1,0
5117,21.0,5152.888113575115,673.6875926125206,142.79195430705846,8,Android,Basic,1,0
5118,47.0,74404.49435929932,649.3184380809857,46.61716590798729,9,iOS,Standard,1,0
5119,48.0,14294.9870283664,683.6305417118109,202.58176406703794,13,Windows,Premium,1,0
5120,55.0,92958.22484700783,647.8301468899812,95.81798547922504,16,iOS,Premium,1,0
5121,28.0,56593.28927804536,696.6409899471597,243.90641236071733,8,Web,Premium,1,0
5122,52.0,28469.45314905537,584.5656143614589,172.912142875315,9,iOS,Standard,1,0
5123,25.0,52567.49610192294,737.2079235895958,243.51884896793982,20,Android,Basic,1,0
5124,20.0,46867.50925899826,601.0854811924795,2.444087581025281,15,Android,Basic,0,0
5125,31.0,18749.74407995115,666.8222223991733,33.48732260576797,11,Android,Standard,1,0
5126,30.0,35990.609486782494,643.3646605451413,11.31832863288945,10,Windows,Basic,1,0
5127,62.0,20172.92699083265,695.2960035523706,70.02541247929439,12,MacOS,Basic,1,0
5128,49.0,53770.31356061178,670.8379444632336,264.8294937741946,13,Windows,Basic,1,0
5129,51.0,23644.06542247359,692.582533283982,75.62975929775556,7,iOS,Standard,1,0
5130,62.0,34269.88565536598,735.5596205727138,227.42505315341037,13,Web,Basic,0,0
5131,36.0,33393.63689180245,718.430771883348,47.5529790543715,11,Web,Basic,1,0
5132,55.0,39063.64040121158,681.815367087078,49.7837101431817,7,Web,Standard,1,0
5133,33.0,98472.54414578965,702.9753883319331,271.0990923543513,13,Web,Premium,0,0
5134,19.0,,778.0003759407796,66.57688479695008,8,MacOS,Basic,1,0
5135,57.0,75414.60874666432,720.2119147341338,187.14379758607996,12,Web,Standard,1,0
5136,34.0,48435.97959521396,665.3231032856391,32.40362219315943,15,Windows,Basic,1,0
5137,51.0,85053.99147297376,743.8932168695064,356.6438342051147,12,Web,Basic,1,0
5138,59.0,29641.7324997717,699.5655160409722,102.56090892215427,8,Android,Basic,1,0
5139,33.0,55142.81555358326,631.8612574366467,170.91622269678726,12,iOS,Standard,1,0
5140,55.0,35046.78585127659,670.963885490911,11.253434761294518,8,Windows,Premium,1,0
5141,19.0,6041.237700890075,606.3871318258514,81.42986617570199,14,MacOS,Standard,1,0
5142,19.0,18884.44505054423,565.748994803397,277.56292445709255,12,Windows,Basic,1,0
5143,43.0,51504.587871713746,632.5479854392217,251.50620362384015,5,Android,Standard,1,0
5144,30.0,49501.53458374215,686.1290534340236,5.75342116417662,12,Web,Basic,1,0
5145,64.0,16697.487981465347,686.2754437241093,43.436697414760935,4,Web,Basic,0,0
5146,48.0,41449.06194486126,609.4212157437469,70.29176664831262,8,MacOS,Standard,1,0
5147,51.0,,561.0619036370649,22.68743998232472,10,iOS,Standard,0,0
5148,56.0,35567.965212857634,753.5381237160359,157.11924772927512,11,Web,Premium,1,0
5149,20.0,56234.80681947882,684.7646559580118,24.47622798372558,15,MacOS,Standard,1,0
5150,25.0,,757.7855988958124,51.07518385801497,13,Web,Premium,0,0
5151,40.0,35557.7655768584,754.9295548417851,130.62065350546504,16,Windows,Basic,1,0
5152,31.0,26729.019014934547,716.7354833786497,78.95430376511875,16,MacOS,Basic,0,0
5153,44.0,67881.9166804499,682.9571790845896,160.99112287710966,9,MacOS,Standard,1,0
5154,46.0,47949.19341181731,660.117459290228,389.9446431425672,14,MacOS,Basic,0,0
5155,56.0,15853.41809095269,715.9298261625019,14.870019919837398,6,Web,Basic,1,0
5156,56.0,41462.24751046026,672.0071067082131,148.36617993386332,18,MacOS,Standard,0,0
5157,18.0,18203.791477811712,650.5190368719757,31.417418329813486,11,Windows,Standard,0,0
5158,34.0,20358.610882107198,575.1047657855568,64.22992181974482,11,iOS,Basic,1,0
5159,58.0,24559.498895337325,675.8447345791698,4.00978017086899,10,iOS,Basic,1,0
5160,47.0,37306.540597377585,734.8335443748065,17.529038340326377,11,Android,Standard,0,0
5161,30.0,45464.69394859776,742.9658289947525,46.24020219949405,9,Windows,Standard,1,0
5162,38.0,28413.93197762506,682.6639355282435,50.22345304546103,9,Windows,Premium,0,0
5163,36.0,29169.835696412065,635.5644824696636,275.8135003404871,11,MacOS,Standard,1,0
5164,36.0,26850.87819414261,725.13719277594,162.48849587744783,10,Android,Basic,1,0
5165,42.0,68084.7262099248,679.231727617663,429.85281488876194,13,Windows,Standard,0,0
5166,39.0,6556.642243949796,661.7162332636696,109.67666371095888,16,Windows,Basic,1,0
5167,48.0,30175.739544884524,607.2042540267097,33.2033162985009,8,Windows,Basic,1,0
5168,34.0,91765.42550949633,785.1880738472897,47.638046621553244,9,Web,Basic,1,0
5169,40.0,49530.208253490724,716.9199224530269,46.25054647692496,10,Windows,Basic,0,0
5170,49.0,77660.98947660495,722.312425428625,47.431063318726146,18,Web,Basic,0,0
5171,27.0,10715.54408278667,636.8595368195947,134.12226620846545,8,Windows,Basic,1,0
5172,27.0,17234.189666708113,683.9874833744249,90.8091671260765,14,iOS,Standard,1,0
5173,53.0,49435.7380740465,675.9253067020254,58.418756352995366,7,Web,Basic,0,0
5174,25.0,,719.104730550978,19.373837056862946,14,Web,Basic,1,0
5175,69.0,18311.018654367304,747.9859228072403,2.6865494962635337,11,MacOS,Standard,1,0
5176,37.0,28777.32214371075,608.2892201321515,29.63621653417218,5,Windows,Basic,1,0
5177,49.0,,626.2661201008447,13.643607056447902,10,Android,Standard,1,0
5178,67.0,15191.646171126384,712.2868925188952,184.7027168425884,11,Android,Standard,1,0
5179,31.0,49662.96462593652,654.5985320278776,14.32133478965239,11,Android,Premium,0,0
5180,67.0,7292.408908758236,720.7437058937385,154.5818042565574,20,Android,Basic,1,0
5181,45.0,48793.0751290553,661.3470327808996,58.46455505225387,16,iOS,Standard,1,0
5182,63.0,19989.23223428361,617.5612684662502,9.145198100797263,21,Android,Standard,0,0
5183,69.0,27762.506037996518,592.0325255608186,201.02449406024024,20,MacOS,Standard,0,0
5184,41.0,53697.96417843355,704.2063960019615,103.99456315760338,14,Android,Premium,1,0
5185,32.0,47493.649829957256,705.432527177371,32.26504591060957,9,MacOS,Standard,1,0
5186,39.0,36142.013532682955,728.5107871135609,270.0915713466554,11,Web,Basic,1,0
5187,47.0,64953.332597411296,696.3936803155229,5.557735298111444,11,Windows,Standard,1,0
5188,21.0,13093.8036363543,492.1282339370407,27.05047826266364,14,Android,Premium,1,0
5189,30.0,41054.20816991418,705.1717053923455,167.3418930895322,16,MacOS,Premium,0,0
5190,40.0,22604.356258465366,607.1271267745719,148.2877902573676,11,MacOS,Premium,1,0
5191,,62995.51933690587,586.614100092016,40.97580614597943,13,Windows,Basic,1,0
5192,35.0,54843.57064473903,580.5922690539252,7.683821987211497,12,Web,Basic,1,0
5193,29.0,56050.53263548507,575.9906013679064,234.2973812375701,17,Android,Basic,1,0
5194,48.0,97463.09764250867,693.9489050957825,45.1724385038074,16,MacOS,Basic,1,0
5195,31.0,71382.53563514935,643.440787954298,26.135954906623112,6,Android,Basic,1,0
5196,51.0,33042.411086188244,604.0447354378719,87.09577350896764,7,iOS,Standard,1,0
5197,35.0,36287.88753713325,681.1541277851203,289.25678842631896,12,MacOS,Standard,1,0
5198,51.0,52081.39323907755,624.7033387710022,5.342782489479432,10,Web,Standard,0,0
5199,28.0,39407.238821669336,729.0535461939357,174.19167399231313,17,Windows,Basic,1,0
5200,58.0,55442.625660770784,752.5109686916854,101.96860414336712,15,MacOS,Basic,0,0
5201,29.0,9526.262576143026,669.1198882110343,66.49999387736247,11,iOS,Standard,0,0
5202,66.0,112249.80981178572,748.8637193254234,163.5470542404073,10,Windows,Standard,1,0
5203,32.0,37669.91898878221,748.7795380326204,405.1492866013034,7,Web,Standard,1,0
5204,48.0,13718.77760499094,684.2303871856473,31.240128065690584,16,Android,Basic,1,0
5205,66.0,,766.6726733302401,18.60876371757681,15,Android,Basic,1,0
5206,46.0,10121.364535730634,648.9168997476241,292.85865995498244,17,MacOS,Basic,1,0
5207,43.0,18880.009670131898,582.2372420454215,132.65941844452118,8,Windows,Basic,1,0
5208,35.0,33344.59411878474,602.28109604382,69.14742680786695,13,iOS,Standard,1,0
5209,49.0,90113.81554250853,646.615767265339,102.18952121830819,11,iOS,Basic,1,0
5210,39.0,46462.68290679211,706.7151024865083,164.26825292659956,15,Web,Premium,1,0
5211,55.0,41760.92476966344,622.2588566136859,177.9534953169218,8,Windows,Standard,1,0
5212,34.0,,646.2099573285752,302.92881343138527,18,Windows,Standard,1,0
5213,40.0,,617.526175572905,66.79142819633597,16,Android,Basic,0,0
5214,41.0,23198.511218447744,647.3549007410776,41.676718120752355,22,Web,Basic,1,0
5215,67.0,23773.40582735609,747.1354719472047,122.48629078506201,10,Web,Standard,1,0
5216,25.0,29409.64245606265,697.878794541465,64.4866174526951,16,Web,Premium,1,0
5217,58.0,,651.1505366703917,108.34526775937675,9,Windows,Basic,1,0
5218,23.0,29630.30623522609,741.0235561593362,65.36432283847914,11,Android,Standard,1,0
5219,22.0,24275.076919813942,681.283261899879,19.925953192382597,19,Web,Basic,1,0
5220,61.0,39380.73039921979,686.6827750528123,76.05567075612467,8,Android,Standard,0,0
5221,46.0,30072.040438925793,737.1387633333776,140.89777068378052,8,Web,Standard,1,0
5222,45.0,13941.979173739259,662.8689435076144,192.70360165799843,14,Windows,Basic,1,0
5223,28.0,37072.43918281893,725.8120231484966,81.58656318380078,8,Android,Standard,1,0
5224,18.0,33858.372918597874,722.2464320882792,21.673019181375157,12,MacOS,Premium,1,0
5225,60.0,14075.958194699879,672.7227513180114,64.27316934330634,10,Web,Standard,0,0
5226,36.0,25469.04652314569,610.1903341977057,185.17844488023115,8,Windows,Basic,1,0
5227,26.0,51960.73086526576,680.6345882056354,63.898889337091006,20,Android,Basic,0,0
5228,44.0,18363.679210064383,736.8626623320841,143.09701623102876,8,iOS,Premium,1,0
5229,51.0,17234.915190426433,720.9884034737744,84.92155563524456,12,Windows,Standard,0,0
5230,61.0,29883.740838387428,765.5125195558657,33.125702073724106,8,Windows,Basic,1,0
5231,,52773.23149561358,655.4799896713419,190.84480102339498,12,iOS,Basic,0,0
5232,53.0,107602.2195659726,718.9650236366118,10.556636390976738,17,iOS,Premium,1,0
5233,35.0,53925.63317245518,629.6856123081027,89.30514215361002,11,MacOS,Standard,1,0
5234,32.0,69626.23006627723,690.0791980320181,28.118347648864884,10,MacOS,Basic,1,0
5235,68.0,44712.95578069972,735.2706202607492,8.330450643015853,13,MacOS,Basic,1,0
5236,30.0,24075.028301335587,725.3212293700522,83.8838806014351,17,Windows,Premium,1,0
5237,36.0,53692.39476386075,685.1536520962044,83.07262507451466,13,Windows,Standard,1,0
5238,66.0,34497.25969185287,666.5973918719354,147.2693409133938,15,Windows,Basic,1,0
5239,23.0,45534.26064031438,630.2584504315363,163.86174445556472,8,MacOS,Standard,1,0
5240,65.0,20586.320981533074,668.7113363642098,156.1424304809991,8,Android,Basic,1,0
5241,29.0,48043.75708195873,614.4898079230635,63.22621335807948,16,Windows,Standard,1,0
5242,68.0,33782.39480241214,662.8402975867789,119.85956717032897,14,Windows,Basic,1,0
5243,54.0,41720.78180657149,589.6888392330052,103.23043899594131,12,Windows,Basic,1,0
5244,34.0,34508.33248302254,614.0666385985671,65.69081882323374,10,MacOS,Basic,0,0
5245,40.0,30751.01038657935,722.6402950278388,109.12159601943478,14,Web,Basic,1,0
5246,43.0,48572.580710745104,717.0697045750994,353.0581506506486,9,MacOS,Basic,1,0
5247,46.0,28462.57435248854,665.5576080634015,25.715994129486056,14,Web,Basic,1,0
5248,50.0,13999.643189011722,683.2384394809816,283.4446701817956,15,MacOS,Basic,1,0
5249,44.0,11797.205431781966,689.9447836174588,6.592477066948466,10,Android,Standard,1,0
5250,42.0,40564.55528132588,703.0164195005591,44.24783135837465,8,Android,Standard,1,0
5251,27.0,27768.826210841045,697.6658353625846,40.785766708806584,7,Windows,Basic,0,0
5252,64.0,12868.535386617434,613.1612060862376,118.13714191984444,14,MacOS,Standard,0,0
5253,40.0,38712.62217493852,557.8458189075523,16.880526003865324,22,Web,Standard,1,0
5254,38.0,,629.1555725435444,256.80250381921957,6,Web,Basic,1,0
5255,38.0,26909.424141456562,672.2834812060145,211.61661781513774,18,Android,Basic,1,0
5256,60.0,42111.897930048675,728.0091834687174,126.68903449475832,19,Windows,Standard,1,0
5257,30.0,79941.98044205293,691.7179845364491,73.59037157637462,7,Web,Basic,1,0
5258,54.0,78492.19179244341,706.7188281420024,324.2888144748928,10,MacOS,Standard,1,0
5259,50.0,39587.107888477156,635.1559189282814,213.16296134888324,12,Windows,Standard,1,0
5260,,34515.84387254564,676.4635550239497,83.01340966932639,12,MacOS,Basic,1,0
5261,61.0,39920.33509553942,683.2742429728606,145.22842772455866,15,MacOS,Standard,1,0
5262,28.0,43713.14600090516,642.2161580635551,100.422694896774,10,Android,Basic,1,0
5263,34.0,30915.75160758319,626.5220047061339,106.39100896472488,7,MacOS,Basic,1,0
5264,21.0,40324.956972379,668.6661111451981,48.23225386165592,12,iOS,Standard,0,0
5265,64.0,14126.705009610383,713.0618174057429,74.40647866244765,14,Windows,Standard,0,0
5266,42.0,38132.00863287947,634.7524255543428,9.761012133089539,10,iOS,Basic,1,0
5267,47.0,48343.55325387274,669.5903633609631,53.058358870039505,12,MacOS,Basic,1,0
5268,26.0,27067.657252105306,747.7494817170804,142.81963708965554,13,MacOS,Standard,0,0
5269,38.0,34293.68184539105,654.0329344559435,367.46576003034625,13,Android,Premium,0,0
5270,37.0,18640.59058680866,680.3641493525209,395.828597605446,7,Android,Premium,1,0
5271,36.0,17151.001548603825,674.7145959512156,97.35680911494084,17,Android,Basic,1,0
5272,36.0,41212.17687035496,670.6104185921931,111.9581924924688,8,Android,Basic,1,0
5273,29.0,23441.475520989537,763.4239082167004,24.654293720753913,19,Web,Premium,1,0
5274,54.0,12505.259603276674,695.287665451703,142.61450441179198,12,Android,Basic,0,0
5275,59.0,18637.53842024577,601.4908950131321,8.793518768845988,16,MacOS,Basic,1,0
5276,34.0,20336.49926093824,756.4209923286545,40.2039879124233,8,MacOS,Basic,1,0
5277,54.0,57800.245302482195,693.7406730598744,132.4458394697375,11,Windows,Basic,1,0
5278,65.0,40435.702818615915,661.3212818173515,44.58158981232132,20,iOS,Basic,1,0
5279,56.0,21526.47132298677,747.4721252819413,6.13585466805603,11,Web,Basic,0,0
5280,45.0,25523.13199530951,641.0655018437469,213.9624268827753,14,Web,Premium,1,0
5281,58.0,79797.75495645043,765.7850046440302,44.58504804101985,12,Windows,Standard,1,0
5282,52.0,63682.26963384731,684.665132128378,7.822116335070723,7,Windows,Basic,1,0
5283,64.0,18567.420599365192,730.2779423503089,9.327906760866469,14,Android,Standard,1,0
5284,65.0,72992.7584413075,833.3751055793325,34.80358697698055,16,Windows,Standard,1,0
5285,35.0,34600.47588766936,689.0045769405543,23.52411415523462,15,Web,Premium,0,0
5286,31.0,58674.88000473226,675.1584049979913,178.62589404031274,13,iOS,Basic,1,0
5287,52.0,32925.91204789416,626.648519770296,46.57705100687454,7,iOS,Standard,0,0
5288,61.0,73976.11273860959,673.9714771615393,195.98362312261045,10,Web,Basic,0,0
5289,58.0,18110.146369209247,628.1914112366334,22.9168895431415,13,Android,Standard,1,0
5290,24.0,31154.991157986948,670.6515785266029,81.48071989610621,7,iOS,Standard,1,0
5291,58.0,75348.24155382057,824.7342065236667,139.78453392651895,16,iOS,Basic,1,0
5292,30.0,8642.395765906645,685.9798977287429,126.663182107003,11,Android,Standard,1,0
5293,35.0,35325.598762856316,652.3156242037949,110.29419004383537,16,iOS,Standard,1,0
5294,,28677.617174229235,669.5140961588584,310.54696188195874,7,MacOS,Basic,1,0
5295,30.0,54764.46087235717,659.4064300378433,31.13414442853871,12,Web,Basic,1,0
5296,53.0,69005.95341585566,732.4200936570813,81.67965980632346,12,iOS,Basic,0,0
5297,48.0,56284.26508003002,675.4887701049921,258.49210397091554,11,iOS,Standard,0,0
5298,19.0,41965.374980831664,760.4444046706569,9.73138084389918,7,Android,Basic,1,0
5299,33.0,37210.219819340055,664.1950357974474,6.90129119270562,12,iOS,Premium,1,0
5300,26.0,29565.801779882728,667.4210361486552,31.879520647644032,8,Android,Basic,1,0
5301,26.0,41191.35045625038,635.1607807138793,120.2941501804592,16,Web,Basic,1,0
5302,,87185.46391259403,660.8309048869365,36.11309268636438,16,MacOS,Standard,1,0
5303,28.0,22063.779824451227,593.3214885789273,25.322067363352463,11,Windows,Basic,1,0
5304,39.0,28531.131828034886,573.5094908070066,73.67647930657199,13,Web,Standard,1,0
5305,50.0,34706.9077406882,711.2336676849474,114.10526143769935,10,iOS,Basic,1,0
5306,53.0,66208.20041007416,592.7279685039532,34.29130342179699,13,MacOS,Basic,1,0
5307,62.0,41522.11283597357,700.2982749591511,42.91954096248974,15,Windows,Standard,0,0
5308,40.0,65518.58601504448,654.9751575077607,114.09322360543547,9,Windows,Basic,1,0
5309,,67539.37190541062,726.9764486081709,349.67266677396253,11,iOS,Basic,0,0
5310,62.0,51803.9715155013,593.829778964307,134.77628729295594,18,Windows,Basic,0,0
5311,51.0,19179.62564118717,709.9125406840683,183.2899546013201,9,Windows,Standard,1,0
5312,26.0,98386.25094785253,696.579997713953,54.8381872255498,13,Web,Basic,0,0
5313,41.0,84747.23528084162,698.1258112640884,38.13644239162838,10,Web,Basic,0,0
5314,25.0,37726.72583242566,736.1949433445669,72.67521548099498,10,Windows,Basic,0,0
5315,24.0,15850.207243345261,683.5143533544567,197.4904270420905,15,Android,Basic,1,0
5316,53.0,,557.6080558300392,73.12283951926885,15,iOS,Standard,0,0
5317,35.0,42301.98860772211,702.4554045345194,225.06291028468894,20,Android,Standard,1,0
5318,20.0,23835.938332883405,695.9836306288025,538.7211481359585,11,Android,Premium,1,0
5319,45.0,12960.823635175255,667.7687458479362,8.970273747838911,10,Windows,Basic,1,0
5320,23.0,14078.169024497076,637.9113546160562,5.576821627887021,14,iOS,Basic,1,0
5321,61.0,27392.1144182809,661.9540338503358,19.44436122075118,7,Android,Basic,1,0
5322,61.0,40821.23718815492,752.9029888324552,58.21303422478032,15,Web,Basic,1,0
5323,38.0,84408.8751287496,634.004607771305,16.85528723826148,11,Web,Standard,1,0
5324,45.0,48558.88502055732,592.9794262971974,245.44143630504416,11,iOS,Premium,1,0
5325,57.0,28887.29857205058,606.5868656518976,2.810199856010887,12,Android,Basic,1,0
5326,18.0,45613.98944846053,678.235204140566,45.53932331714188,11,MacOS,Basic,0,0
5327,53.0,43232.18635596988,763.542526472183,24.503105781842862,9,MacOS,Basic,1,0
5328,38.0,56597.897922183656,790.2425361039076,321.77950337907237,9,iOS,Premium,1,0
5329,60.0,35455.53771856377,712.5115754724773,132.8509376981098,13,iOS,Standard,1,0
5330,52.0,,630.9377025699665,291.6914816322948,12,MacOS,Premium,0,0
5331,30.0,59555.92583859529,636.2454122312489,430.4831851917763,8,Android,Standard,0,0
5332,66.0,38162.933724620234,723.7918664382852,82.48325321050959,12,Android,Standard,1,0
5333,27.0,33808.4275516747,746.581771498392,32.03877434164223,14,Windows,Basic,0,0
5334,61.0,63060.45115146942,647.9001502773333,25.840211942897824,9,iOS,Premium,1,0
5335,64.0,23668.8569234805,751.2225247453637,30.26526107419968,20,Android,Standard,0,0
5336,27.0,14706.315443521225,668.521991349814,147.96425030292116,12,MacOS,Standard,0,0
5337,63.0,14656.236228421109,715.7141988050687,4.954368296287293,17,MacOS,Basic,1,0
5338,30.0,22520.36556320589,737.273349327967,6.327243618136598,13,Web,Basic,1,0
5339,54.0,53948.83515547005,605.9116075513209,112.42297855546464,11,Android,Basic,1,0
5340,55.0,28178.672803454698,702.5719383266738,123.28583196977067,10,Windows,Basic,0,0
5341,41.0,41056.71168201373,751.4321272007278,131.32918848430066,11,Windows,Premium,1,0
5342,19.0,26979.22373477284,651.9667489819669,55.802982155666605,14,iOS,Standard,1,0
5343,,27108.03833490336,627.1709282211383,196.7535697762229,12,Web,Standard,1,0
5344,34.0,19628.184466450017,704.7392717665049,91.53172361348956,7,MacOS,Standard,1,0
5345,53.0,34367.36237235735,686.6721639521991,13.374234369800806,8,MacOS,Basic,1,0
5346,31.0,32692.525688206326,663.634798436281,191.4046340415011,13,iOS,Basic,1,0
5347,27.0,46518.204701145405,679.8893645020122,367.0861175286322,3,Windows,Basic,1,0
5348,52.0,43157.80514688717,596.4852997122075,7.429684238142141,7,Windows,Premium,1,0
5349,42.0,32264.136634191414,700.223766142527,59.581690630526374,10,MacOS,Basic,1,0
5350,20.0,14710.939695522593,759.6298927670177,80.21830505451331,13,iOS,Standard,0,0
5351,64.0,69033.53503738908,644.2662105107964,19.005057419090427,15,Android,Standard,0,0
5352,55.0,34508.92953314484,638.5791534774845,242.7301011206455,12,Web,Standard,1,0
5353,34.0,38092.9922570479,688.6280871995442,40.11409621300478,10,Windows,Premium,1,0
5354,29.0,94873.2471805202,822.2938725144502,183.34767369237858,7,Windows,Basic,1,0
5355,69.0,62625.84153350063,734.9941636776734,133.40169076884067,11,Windows,Standard,0,0
5356,41.0,47470.774134951855,675.2912607635351,109.37006197157008,16,Android,Standard,1,0
5357,46.0,36265.29591562873,681.9799409026069,25.60440348384433,7,Android,Premium,0,0
5358,60.0,36062.6387488984,739.9423437808374,29.923645886864122,8,Web,Premium,1,0
5359,42.0,41943.078264753975,634.531237623546,5.820723542808209,11,Windows,Basic,1,0
5360,53.0,46357.762630465455,710.5871303332202,33.04496315415452,10,MacOS,Basic,1,0
5361,43.0,101401.28609794582,624.1272495552905,50.85570469767302,6,Windows,Premium,1,0
5362,55.0,160164.97386343114,726.2457334609272,214.8758313979014,10,Web,Basic,1,0
5363,18.0,43224.22942142151,665.3022803892892,54.75910374609618,16,Web,Basic,1,0
5364,37.0,,690.0347062621462,168.59454179653636,15,MacOS,Standard,1,0
5365,45.0,20515.85572206165,662.0561957565933,69.45876775204914,20,Android,Standard,0,0
5366,33.0,107677.73704722729,714.9343354676657,184.3805923204168,22,MacOS,Standard,0,0
5367,64.0,55892.840664094925,671.2659041705252,448.9299185311493,9,Web,Standard,1,0
5368,34.0,46893.19708153687,787.8985843014129,32.907406942786274,14,MacOS,Standard,1,0
5369,57.0,32856.24962509002,750.9433794901106,237.95761341938822,13,Windows,Standard,1,0
5370,45.0,17793.469100080747,614.7855668848628,116.68749737698195,12,Web,Premium,1,0
5371,29.0,99376.78885461061,689.5728068074967,203.98540885948003,15,Android,Basic,1,0
5372,44.0,22160.658344694963,716.7577615994626,126.52362847300041,16,Android,Basic,1,0
5373,59.0,56251.44957309449,657.0920335703393,66.18719533750405,10,MacOS,Basic,0,0
5374,64.0,16640.236685254582,740.6238351981004,31.064136658191018,6,MacOS,Premium,1,0
5375,47.0,31913.70400325645,734.7325407955136,8.713028430282383,11,MacOS,Basic,1,0
5376,58.0,65892.1292278403,675.8218723403569,92.01999089826245,12,Windows,Standard,1,0
5377,51.0,31262.7789044498,729.0607942036692,556.5987811029237,14,Android,Basic,1,0
5378,54.0,29112.70846335831,559.4668652545929,160.7484418890234,15,Web,Premium,1,0
5379,23.0,36548.00061732122,747.8794104638421,47.58282187932851,8,Web,Premium,1,0
5380,24.0,16291.49162862862,724.3254401037763,210.6777841533268,11,Android,Standard,1,0
5381,49.0,14552.409434638947,625.6161152634371,175.83219690640033,18,MacOS,Basic,0,0
5382,49.0,55744.93814620092,692.5940180046427,39.69343043347894,13,iOS,Basic,1,0
5383,42.0,28188.63170529996,578.685824431638,1.729299455005423,6,MacOS,Basic,1,0
5384,50.0,55486.268591039574,641.8288183571885,15.089716489130895,13,Android,Basic,1,0
5385,24.0,71033.70845225253,734.7819669041206,251.7676055194765,11,Windows,Basic,0,0
5386,69.0,,679.3581920797425,217.35934800194318,11,MacOS,Basic,1,0
5387,29.0,13730.776185596513,676.5898513738224,41.982477032159444,8,Web,Basic,1,0
5388,33.0,23892.082981730124,682.2613095323279,40.28953165470142,9,Windows,Standard,1,0
5389,33.0,50138.83739293091,676.4285176881248,188.92613545325045,6,Android,Standard,1,0
5390,60.0,50604.764106313385,729.3744858484364,333.1674572486718,15,iOS,Basic,0,0
5391,53.0,140037.08376026683,649.0505192776068,181.2256610269827,11,MacOS,Premium,1,0
5392,30.0,21066.342002200894,700.9673036830673,111.6402712069743,17,Windows,Basic,1,0
5393,24.0,73196.3650458227,622.7691167561702,33.354956669438856,9,Windows,Basic,1,0
5394,53.0,45404.42135779012,717.0549614133356,89.52195262242802,14,Web,Basic,1,0
5395,64.0,13573.280634230909,663.9314449073904,31.912326226028785,9,MacOS,Premium,0,0
5396,68.0,26142.32318557173,677.9506233577692,198.03832660728446,12,iOS,Basic,0,0
5397,26.0,42510.94313907188,661.8914530570773,58.71922238963852,9,Windows,Premium,0,0
5398,49.0,13060.921705348164,668.2173299742399,215.27341896849154,9,Web,Basic,1,0
5399,28.0,10463.584831457136,629.7636886177272,57.6761625601994,11,MacOS,Standard,1,0
5400,25.0,12622.730212326504,696.4625031079667,208.57446451668505,6,MacOS,Basic,0,0
5401,50.0,42424.45284610474,707.7332048684412,48.6530197352326,8,iOS,Standard,1,0
5402,40.0,27151.827783173692,613.467992307699,69.60665950403069,9,Web,Premium,0,0
5403,42.0,25034.911297341416,650.1800047010097,114.69376460943417,14,iOS,Premium,1,0
5404,25.0,25555.98714989261,681.5006921308312,8.745600367688963,12,Windows,Standard,1,0
5405,62.0,15452.507285419833,650.0675930900331,355.260176099297,20,Android,Basic,1,0
5406,39.0,27616.207021711332,668.8589192906637,102.2869171117564,14,Android,Standard,1,0
5407,21.0,12182.565742298402,760.8050870245007,85.06929667054297,10,iOS,Standard,1,0
5408,57.0,74056.58066561901,629.0918607270454,219.45611261369987,13,iOS,Basic,1,0
5409,20.0,100247.54262567952,564.3906498530852,240.97756468941856,14,Android,Standard,1,0
5410,46.0,,650.0630093846843,88.64273691435272,8,Windows,Basic,1,0
5411,58.0,27406.135876527802,663.5920157510154,314.50749768018323,13,iOS,Basic,0,0
5412,,28498.11266032271,655.5005025559359,8.031398991219,7,Windows,Standard,1,0
5413,51.0,,693.4405598591021,14.419786355334063,15,Windows,Basic,1,0
5414,51.0,66231.95004824169,628.5959120078414,108.99520454623196,13,Web,Basic,1,0
5415,45.0,27454.17501629475,621.2359941701873,52.446928036555406,12,Windows,Basic,1,0
5416,30.0,34442.58873923424,646.2756412809614,74.88495508153551,9,MacOS,Standard,0,0
5417,32.0,216952.34026406053,647.307563176042,47.713779502004556,12,Android,Standard,1,0
5418,40.0,33969.70087108289,786.0420473974559,62.24787822387345,10,Android,Basic,1,0
5419,61.0,104793.17410685078,757.6223773964157,207.55314013336212,14,iOS,Premium,1,0
5420,43.0,49079.297945484046,596.5236525352616,108.01353633171531,9,iOS,Basic,1,0
5421,21.0,26050.040559177618,583.5095543554467,711.7369052762176,14,Web,Standard,1,0
5422,43.0,23565.98429141526,675.7123526189766,185.50753531907785,12,Web,Basic,1,0
5423,57.0,36157.38314103949,775.579750600218,38.36947976345438,14,MacOS,Basic,1,0
5424,26.0,18473.935488895575,713.3044870913243,36.83930162167962,12,iOS,Standard,1,0
5425,22.0,21626.623846804283,678.3557150398603,49.118392030282514,11,Android,Standard,1,0
5426,49.0,28174.24775096933,657.1962863644185,222.3796300679379,9,MacOS,Standard,1,0
5427,37.0,43304.25275230772,733.8581238220402,3.3200247886197127,14,iOS,Standard,0,0
5428,67.0,,688.8994689801652,31.392026274869806,13,MacOS,Basic,0,0
5429,28.0,27147.149903482008,766.5879191590176,282.3624027196532,14,Windows,Standard,1,0
5430,32.0,47901.91816650022,595.6147568787093,122.56363336280522,17,Windows,Basic,1,0
5431,49.0,13674.133918028074,701.1822894266594,30.87341320314667,10,MacOS,Standard,0,0
5432,45.0,68608.60097728772,651.8351166227059,29.683891812892675,11,iOS,Standard,1,0
5433,39.0,12925.927475273913,700.7137608756801,238.1988783416449,9,Windows,Basic,1,0
5434,58.0,58631.764396879575,692.5428125798198,269.04373677737857,8,Windows,Standard,1,0
5435,34.0,34594.3283825799,705.4833104500011,35.50685486440541,13,MacOS,Premium,0,0
5436,43.0,33779.46101042873,728.8791073388095,65.47289886281725,13,Windows,Basic,1,0
5437,61.0,30328.440124722674,749.4896289880913,215.92352792251882,17,Android,Basic,1,0
5438,24.0,16634.73778310053,777.5861585201808,176.88789107616984,16,Windows,Standard,1,0
5439,59.0,17172.03889006087,680.7897150528686,201.78692003875182,9,MacOS,Basic,1,0
5440,43.0,59988.73620255752,652.8825013194843,87.67651539900983,14,Windows,Standard,1,0
5441,42.0,36576.53041123277,618.7089115659138,291.03685184897313,10,Windows,Basic,1,0
5442,27.0,30196.03667704193,701.7443170181792,47.33439328936172,12,Web,Premium,1,0
5443,62.0,47383.946571008404,721.7458673713377,20.44793632388731,8,MacOS,Standard,0,0
5444,36.0,38591.455464774466,612.5776125484446,148.02151382646235,10,MacOS,Premium,1,0
5445,28.0,22566.935207170533,737.2332492124369,93.01515959304494,8,Web,Basic,1,0
5446,30.0,158990.18273729552,674.9324844808094,231.38026110406858,13,Web,Basic,1,0
5447,25.0,56639.042720398254,617.2091607878837,10.15709482443227,8,Android,Basic,1,0
5448,57.0,39192.51814899463,637.5856402752676,222.71153283506118,11,Windows,Standard,0,0
5449,21.0,26684.368370952718,632.8378618678111,41.65697585482783,9,iOS,Premium,1,0
5450,64.0,64321.92381833726,633.7272375950471,127.65511120836135,9,iOS,Premium,1,0
5451,48.0,22639.677288281153,708.4950698221321,4.914739057167686,13,Web,Standard,1,0
5452,45.0,21524.24289560226,723.1913864344275,112.86426198388826,17,MacOS,Standard,1,0
5453,28.0,100307.46334932961,764.95727907616,151.59226499151654,10,MacOS,Premium,1,0
5454,,36990.08214807233,645.0888883830752,55.206436584421056,12,Android,Premium,1,0
5455,,22971.061061356755,697.1478133727653,29.111386743462408,9,iOS,Standard,0,0
5456,66.0,36439.60162005242,647.6487099850672,92.56695671524805,11,MacOS,Standard,1,0
5457,64.0,60482.656427971975,681.0061951497854,214.9085593553231,11,Android,Basic,1,0
5458,69.0,52720.13196869661,605.9809806337171,46.907140643381744,9,Android,Standard,1,0
5459,55.0,65157.15225328521,623.840142983011,34.917588121279564,9,Web,Standard,1,0
5460,41.0,17158.800305932986,720.1530244329389,39.24317054702689,15,iOS,Basic,1,0
5461,64.0,,605.8267023947126,357.4229091569687,7,Android,Basic,1,0
5462,48.0,32616.211674294056,710.7415483838845,53.418950553100295,14,Android,Standard,1,0
5463,,38309.77865801095,646.1925473974142,0.4332900972237129,12,Android,Standard,1,0
5464,63.0,75034.00548195405,583.7231807646726,182.61587226896788,7,iOS,Standard,1,0
5465,67.0,55361.26297924547,553.0715330284265,144.18700470378943,15,Web,Basic,0,0
5466,43.0,44829.93954334826,753.1730673276671,16.51412965189928,11,Windows,Standard,1,0
5467,,,584.7291765992062,503.2010369309581,9,MacOS,Standard,1,0
5468,67.0,35337.46059058125,676.781369199297,112.39828114808009,10,iOS,Basic,1,0
5469,22.0,22679.002320035455,697.697539718849,83.36488547014508,13,iOS,Premium,1,0
5470,37.0,55638.30504229902,614.3398885476765,57.79460237524181,8,iOS,Standard,1,0
5471,69.0,65813.14781833546,652.3237315823222,274.7279947018113,10,Windows,Premium,1,0
5472,58.0,30296.315587462635,703.9411955003907,33.55987187608232,9,MacOS,Basic,1,0
5473,28.0,24337.535650723723,694.6658092410237,40.38584398227767,9,MacOS,Standard,0,0
5474,50.0,92390.5959769924,656.9712216762873,15.6692020807159,9,Android,Standard,0,0
5475,67.0,25288.662703389724,691.845231483766,170.81431682205294,15,Android,Basic,1,0
5476,55.0,17734.683053030443,674.8882667907211,108.62704563934811,15,Web,Basic,1,0
5477,44.0,,631.4791710218736,112.70603569774114,9,iOS,Basic,1,0
5478,51.0,26029.87945906781,740.0245228386866,29.58027523786436,6,Web,Basic,1,0
5479,32.0,21659.125986281146,690.3710292480716,126.3799156261332,4,iOS,Basic,1,0
5480,49.0,60308.89172478359,587.8984411380466,174.0147011462234,11,MacOS,Standard,1,0
5481,38.0,9713.305568533395,706.0837324585873,53.15920346528006,8,Web,Basic,0,0
5482,63.0,21385.40059765881,649.2242075003182,193.94357035045041,10,MacOS,Standard,1,0
5483,22.0,35295.174459998765,665.5281904675953,51.47088142779301,10,Android,Standard,0,0
5484,23.0,41198.112945763874,680.409741709837,170.32678458787657,9,MacOS,Basic,1,0
5485,55.0,100217.78055255965,640.3526248506952,4.117451031185135,12,Windows,Basic,1,0
5486,39.0,91779.35200881505,770.1518931447176,96.13188649946534,11,Web,Premium,0,0
5487,35.0,13898.798915566647,605.334113736579,418.9079778507353,12,iOS,Premium,1,0
5488,31.0,11558.440585262588,682.8343738649219,477.15283252961405,18,MacOS,Basic,1,0
5489,27.0,36863.70558193812,699.0675790577458,39.71294050613715,19,Web,Standard,1,0
5490,63.0,24247.986406199372,682.0606387514001,69.87839980004928,15,iOS,Premium,0,0
5491,30.0,17761.42402305443,670.4507095761014,7.805810355935,12,Web,Premium,1,0
5492,48.0,,661.1493358506605,247.9511126021647,9,Web,Basic,1,0
5493,47.0,41706.755247117675,639.8410027101015,100.87859965608214,17,Windows,Standard,1,0
5494,20.0,21952.11866598113,638.9543420913581,58.355607620541505,10,MacOS,Standard,1,0
5495,47.0,24972.965855624425,737.927172563389,14.35819904950227,14,Windows,Basic,1,0
5496,23.0,22989.091126941992,657.9126638251538,351.96985648321674,5,Android,Standard,1,0
5497,46.0,28370.502932621002,786.6092833403189,90.65865025331743,12,Web,Basic,1,0
5498,25.0,50255.05709850716,713.4470159397885,39.90947113391017,7,MacOS,Basic,1,0
5499,61.0,19020.193000907067,546.6185142696787,51.733672836961986,10,Android,Basic,1,0
5500,62.0,24725.466006616756,724.1629508113783,37.87994922508023,15,Android,Basic,1,0
5501,60.0,28579.09296135471,677.3420097138709,110.49906247756186,10,Windows,Basic,1,0
5502,61.0,36168.670124469725,610.5024126308089,319.0487791527713,10,Android,Premium,0,0
5503,50.0,42855.56107909631,745.2127599912981,233.13260429053804,13,iOS,Basic,1,0
5504,34.0,123667.86022703971,658.2041533273236,74.02700557744124,15,iOS,Basic,1,0
5505,65.0,51188.768952297956,653.9533819859108,210.18888049241568,11,iOS,Basic,0,0
5506,28.0,51925.16405621594,698.7595008471146,66.01150068281433,15,Android,Basic,0,0
5507,30.0,30947.026278678506,737.1415169778118,34.89156015851675,16,Web,Standard,1,0
5508,67.0,20172.599911793153,685.6707599099079,491.9116267977776,12,MacOS,Standard,1,0
5509,28.0,26451.59111596281,682.090967394767,43.46929097065613,11,iOS,Premium,1,0
5510,48.0,23713.517089536243,645.1566992773373,46.938521255755546,6,iOS,Standard,1,0
5511,45.0,45951.34532306607,736.2878424516051,548.9903010561025,12,iOS,Basic,0,0
5512,,13483.623390017352,686.1525393279389,17.25439773454585,18,Windows,Basic,1,0
5513,23.0,51819.41846037342,668.72784362915,171.52125414713842,7,Windows,Standard,0,0
5514,,33848.71264121168,662.5246561520614,329.514098195548,8,iOS,Standard,1,0
5515,33.0,56387.84722947327,731.3412797793528,86.0423841174876,9,iOS,Standard,1,0
5516,21.0,23521.145087193163,666.8838201850436,0.30299360394298047,12,Windows,Standard,1,0
5517,52.0,21145.410665009396,731.4698809067661,56.411753312907365,15,MacOS,Basic,1,0
5518,,28452.71223996443,656.4212648321732,14.195794176883496,16,Web,Standard,0,0
5519,43.0,28046.25662378788,716.115274189137,64.58108220108099,10,MacOS,Basic,1,0
5520,29.0,58912.528007773304,690.3548090171181,187.29302313326485,11,Web,Basic,1,0
5521,28.0,58576.150216834656,632.4622505708022,69.3024398986184,14,Android,Basic,1,0
5522,54.0,113892.90432916289,675.6511951186637,67.86024483999367,7,Android,Standard,0,0
5523,42.0,26976.049972753968,570.4698541799431,97.64524805001344,9,MacOS,Basic,1,0
5524,35.0,4873.022412264705,642.7980079484074,104.58406708974572,23,Windows,Basic,0,0
5525,36.0,28405.73828935441,601.1096797370177,232.80021592467622,16,iOS,Basic,1,0
5526,40.0,,779.8750046589837,44.241971499264544,11,Android,Basic,0,0
5527,55.0,55754.77939082766,601.6984691991694,206.89519231073785,12,Windows,Premium,1,0
5528,35.0,43571.67502240828,809.2895313608989,100.14697244984177,13,Windows,Standard,0,0
5529,43.0,26963.340958626868,705.7139766334241,42.891807578984476,11,Web,Standard,1,0
5530,23.0,101569.50429042825,654.0566416023489,41.96835335738183,15,Android,Standard,1,0
5531,21.0,19531.005738712007,720.3180050310414,53.76792654037419,10,MacOS,Premium,1,0
5532,61.0,30798.2482043778,647.7742640420225,116.96360908069948,7,Windows,Standard,1,0
5533,68.0,,609.5225559796196,31.490342011416583,9,MacOS,Basic,1,0
5534,46.0,36744.58170799846,683.9535134104414,303.58882582823196,14,MacOS,Standard,0,0
5535,51.0,94221.47954918961,715.003634816312,102.65525363046478,12,Android,Standard,1,0
5536,34.0,33371.06364950458,743.9205447630944,303.1111051448727,13,MacOS,Standard,0,0
5537,60.0,33493.94947264731,704.8865054779496,5.701866400700142,12,MacOS,Standard,1,0
5538,60.0,13126.951931248705,653.5327238165335,50.337589681165234,11,iOS,Standard,1,0
5539,33.0,30570.925479199454,749.3138041040411,2.7686134866994196,14,MacOS,Standard,1,0
5540,,72423.9431373859,738.148791311802,38.13602285789461,16,iOS,Basic,0,0
5541,51.0,31252.61402936202,693.4508763885771,237.6658194506173,8,Android,Premium,0,0
5542,25.0,30011.1984198064,740.5388873411747,4.475600374595164,18,MacOS,Basic,1,0
5543,30.0,70504.28347786966,789.2405155492404,68.75542523469502,16,Windows,Premium,0,0
5544,59.0,,652.8208029953133,15.008699231892933,8,MacOS,Standard,1,0
5545,25.0,78844.44812608472,635.0161158858498,64.71537818912452,12,iOS,Basic,1,0
5546,47.0,16801.37895650665,651.3655404786017,219.05154021133407,10,Windows,Basic,1,0
5547,49.0,54541.23962675213,612.5174985017078,117.08382321602991,8,Android,Basic,1,0
5548,53.0,97518.51385159022,709.5607392308345,160.1610278497949,13,Web,Standard,1,0
5549,64.0,66483.83660127378,599.5048399328157,51.52866973561933,14,Web,Basic,0,0
5550,47.0,11844.700946260586,743.2507117035849,346.74367463193266,17,iOS,Basic,1,0
5551,18.0,24760.825223522723,646.3909181913256,148.23997002753885,14,Android,Basic,1,0
5552,60.0,31408.35078814577,747.935389942208,65.74000888178905,14,Android,Basic,1,0
5553,56.0,66567.6030857543,552.1480850839775,66.71231606226979,8,MacOS,Basic,1,0
5554,34.0,16334.408785596403,660.7406186148085,301.12976017434005,9,Web,Standard,0,0
5555,37.0,19705.203122853127,615.3494792121874,103.07720942304897,12,MacOS,Premium,1,0
5556,41.0,13862.035755884026,747.6677461294101,147.05594085501738,13,Android,Premium,1,0
5557,67.0,22126.247444240038,763.9512399251914,64.75542166344793,11,iOS,Premium,1,0
5558,39.0,17137.700200519652,562.7960551325311,30.38482985523303,6,iOS,Standard,1,0
5559,46.0,94725.97379989107,723.2930779166893,154.29107023291314,10,Windows,Basic,0,0
5560,39.0,24626.38326378386,733.4343676829453,112.32527752200926,11,iOS,Basic,1,0
5561,61.0,54970.67692801675,696.2842262605413,83.50038654431444,14,Web,Basic,0,0
5562,26.0,36709.16404354093,709.4081654706011,117.38661943412498,16,Windows,Basic,1,0
5563,54.0,36401.91887402531,705.8027507387782,28.0265448792367,13,Web,Basic,1,0
5564,27.0,25466.870955733833,723.475424100006,189.54979360105492,12,MacOS,Premium,1,0
5565,53.0,57642.38877588635,625.376647976183,355.15768051080846,9,MacOS,Standard,1,0
5566,54.0,39839.19635111855,740.0247172220008,266.0824945828097,16,iOS,Premium,1,0
5567,45.0,38485.8664531545,690.4673167947715,46.53313237152497,11,Windows,Basic,1,0
5568,45.0,25436.68325844192,687.4666919884901,62.506281479618295,12,Web,Standard,1,0
5569,59.0,28060.956599993144,708.3312474620535,198.28288999634523,16,Web,Standard,1,0
5570,,51706.90810100515,616.4615605585229,108.49889587416365,9,Android,Basic,1,0
5571,38.0,41690.70023330756,602.3278907625297,95.26605997927497,15,iOS,Basic,0,0
5572,41.0,39108.04145761352,673.9483918848562,313.48839259707654,10,MacOS,Standard,0,0
5573,59.0,23099.690658180712,757.17694656904,92.15094280944685,16,Android,Basic,1,0
5574,57.0,116595.34416363141,620.7308685649757,86.8175954635368,15,MacOS,Premium,0,0
5575,19.0,27232.760461282367,688.7577220333237,5.151228903827853,11,MacOS,Basic,1,0
5576,25.0,35662.26489371067,644.1658046031961,8.63327556286019,13,Web,Premium,1,0
5577,65.0,32460.5187670951,637.4510785373523,0.8937570380889189,10,MacOS,Basic,1,0
5578,44.0,117339.4996488649,705.0374182988421,293.3589960958014,12,Windows,Basic,0,0
5579,39.0,30500.892741353415,717.9687749694726,62.98823992920348,11,MacOS,Basic,1,0
5580,54.0,28871.055586110142,640.6224265518389,75.86010780854086,15,Windows,Standard,1,0
5581,44.0,38987.12291292798,749.3625127983391,224.01956633227948,11,MacOS,Basic,1,0
5582,46.0,23953.637406620488,701.1251813246269,112.76134407704342,7,Android,Premium,1,0
5583,20.0,38830.44295245848,667.9161017743364,112.83976773345864,9,Web,Standard,1,0
5584,61.0,150687.30609200438,697.3759017952634,42.20836124609127,11,Android,Basic,1,0
5585,30.0,43469.60917810651,781.8173757328109,215.42588143100843,13,Web,Standard,1,0
5586,62.0,42529.25848690938,717.6765375550341,21.758163808930885,13,Android,Basic,0,0
5587,27.0,23606.020496283298,645.0651532370596,6.553699506420686,12,iOS,Basic,1,0
5588,53.0,101267.85272259239,679.0646252361489,25.52429360999169,13,MacOS,Standard,0,0
5589,26.0,116240.85113966871,686.5634435585753,37.39390064369465,11,MacOS,Basic,1,0
5590,44.0,60573.223955617555,713.2678393822478,39.806283841628115,13,iOS,Premium,1,0
5591,51.0,53760.80418252247,691.9773860434616,133.22642356294725,7,iOS,Basic,0,0
5592,68.0,31544.066670814213,774.7661954476085,29.481150085467092,14,Windows,Standard,0,0
5593,18.0,45926.728577127025,668.6656785649416,135.4854760920718,16,Android,Standard,1,0
5594,49.0,22002.36963193294,593.5047151286603,11.466672056963253,10,MacOS,Basic,1,0
5595,42.0,18477.916854768635,690.7264284748626,19.107973377302706,9,Windows,Standard,1,0
5596,46.0,14877.18410114747,657.9437400401946,85.31370823167197,11,MacOS,Basic,1,0
5597,24.0,46462.66584165579,604.7984504925578,305.96537752362497,14,iOS,Standard,1,0
5598,66.0,15882.534361300193,644.8238009166444,235.5634758129899,19,Windows,Standard,0,0
5599,20.0,26909.072008816318,662.0806015911339,415.9015280444741,14,Windows,Basic,1,0
5600,37.0,35005.56664688669,736.9902108125243,126.1430184049346,13,Windows,Standard,1,0
5601,37.0,65984.44026892618,605.8375841051063,135.17286317115187,14,Android,Basic,1,0
5602,47.0,25669.733704966522,697.4892633787642,117.70687024517953,13,Windows,Standard,1,0
5603,52.0,70824.72115862269,791.0240310760595,117.00358753505235,14,MacOS,Premium,1,0
5604,52.0,63799.1628572137,671.2569182161659,19.096419111721676,15,Android,Basic,1,0
5605,66.0,,669.7879755167414,94.1628202452344,14,MacOS,Basic,1,0
5606,56.0,71231.8476844886,715.9888259738849,58.54451973083949,12,Windows,Basic,1,0
5607,,30633.55717312503,706.1090797956804,70.12314391602459,13,Windows,Standard,0,0
5608,43.0,26920.12227107342,750.878111195201,88.97983732762081,13,MacOS,Basic,1,0
5609,31.0,30711.36420894905,671.6444436050662,16.490434052584504,13,Web,Standard,1,0
5610,34.0,36239.19561819992,715.1096455824814,53.45844083211573,10,Windows,Basic,1,0
5611,,28310.081012902945,715.9050394437011,7.866227924031735,18,Windows,Basic,1,0
5612,62.0,21942.594996243442,663.2222053424349,467.4678832866042,7,Android,Standard,1,0
5613,69.0,23138.348858753037,674.3009905008986,15.139448925926857,18,MacOS,Basic,1,0
5614,46.0,39472.74393789722,679.4400414270115,35.893617695937714,20,Windows,Basic,1,0
5615,37.0,32982.15276707593,618.1150092679792,266.29180982954034,12,MacOS,Basic,0,0
5616,44.0,49830.66397742809,660.566080327318,79.09820672271155,8,Android,Premium,1,0
5617,35.0,37474.56586779933,754.808226338344,17.491523119964107,12,MacOS,Basic,0,0
5618,21.0,38032.95872237004,731.8858307835559,58.1859162673834,11,MacOS,Basic,1,0
5619,18.0,51828.07868283494,651.0032042142254,14.777867958598383,8,Android,Standard,1,0
5620,67.0,85080.30406229215,679.2128925733683,26.80963009504981,15,Windows,Premium,1,0
5621,18.0,87152.38428466459,728.5694944713771,6.411871361647175,10,MacOS,Standard,1,0
5622,43.0,81165.36145481365,702.170284377111,69.19899667334845,13,Web,Premium,1,0
5623,62.0,61222.466563411974,719.9955476245402,197.18177826153777,16,Windows,Premium,1,0
5624,37.0,126911.63974503965,706.7064059397337,105.81778324117357,10,Android,Basic,0,0
5625,69.0,47225.73517507446,690.7705701365062,111.8737396578337,14,iOS,Basic,0,0
5626,40.0,44149.085361038444,671.7053658576808,26.864862663057032,7,Web,Standard,1,0
5627,27.0,139574.35727581012,620.2445719869897,50.57192145837269,9,Windows,Standard,0,0
5628,28.0,7075.679002139827,714.6117442734129,223.90720121495917,13,Android,Basic,1,0
5629,58.0,31941.523096632474,668.9123990996295,11.034913045865377,12,Web,Premium,1,0
5630,58.0,76995.12887645523,597.6056553071578,234.17279833681863,13,Windows,Standard,1,0
5631,22.0,65392.167784902085,652.7170503394284,79.32575634841594,11,iOS,Premium,1,0
5632,18.0,169293.79980241586,722.6144844726406,217.78919689528945,16,Windows,Standard,1,0
5633,34.0,38734.71211994865,584.1917809367027,45.928204054168056,12,iOS,Basic,1,0
5634,39.0,28043.423820631873,628.5237742402103,49.65166502306148,14,iOS,Premium,1,0
5635,51.0,29754.90144911956,686.8566700659608,167.1281433407134,14,MacOS,Standard,1,0
5636,62.0,43951.45013674376,750.2859321697133,184.45193434045677,13,Android,Basic,0,0
5637,58.0,96085.00597689695,729.998803446691,31.308409610083668,12,MacOS,Standard,1,0
5638,46.0,96807.97007214121,755.0817309314987,432.85967830354207,14,iOS,Basic,1,0
5639,21.0,35115.26435748403,690.3890924363109,10.592892695957092,9,Android,Standard,1,0
5640,22.0,42268.824844641305,669.5409782766483,8.515472393547668,19,Android,Basic,1,0
5641,28.0,25160.713086368818,722.1653337216478,108.6136756220556,11,Android,Premium,1,0
5642,68.0,26786.965103294566,635.0316360081372,153.93628248183055,12,Web,Standard,1,0
5643,38.0,,631.1308374882682,388.953374834488,7,Windows,Basic,1,0
5644,52.0,94970.99738036795,622.245511241599,62.29233034563787,11,iOS,Basic,0,0
5645,,23899.905685970454,734.4442310482531,3.074008040775651,17,Android,Basic,1,0
5646,43.0,42014.65694541698,638.2709711261421,110.82695072056438,23,Web,Standard,0,0
5647,68.0,31387.1284648032,730.0301704258134,41.047471268499024,19,Web,Basic,1,0
5648,36.0,60981.32786547986,687.4225141825527,68.07632627095064,14,iOS,Premium,1,0
5649,62.0,28764.30209157701,735.0869824772298,80.44176385497038,7,MacOS,Premium,1,0
5650,24.0,11431.4891920933,624.7308909317469,8.002513628464717,10,Web,Standard,0,0
5651,64.0,66317.8537111547,648.7242171658995,79.85958906763972,7,iOS,Basic,1,0
5652,24.0,30269.921905625466,702.6994532189773,66.68195383246862,9,Web,Premium,1,0
5653,43.0,32219.71368585257,658.4520046649923,149.60236761755803,16,iOS,Standard,1,0
5654,57.0,47162.423867643854,555.3324975758658,124.50180687196666,7,Android,Basic,1,0
5655,22.0,44877.87478911071,611.3870273795103,24.579826274856604,11,MacOS,Basic,1,0
5656,38.0,47747.07059596842,624.3371652989504,27.70161516059972,15,Web,Premium,1,0
5657,31.0,13659.084369846398,628.0426934819791,34.682945383671374,12,Web,Basic,0,0
5658,21.0,50705.28410982486,714.0891590917315,23.660616756664304,10,Web,Premium,1,0
5659,40.0,11551.449313768408,696.8524345422372,128.47759181405647,13,Windows,Premium,1,0
5660,,57626.57352798461,688.111230668908,622.8470877553133,9,Windows,Basic,1,0
5661,37.0,71042.15905209341,780.4334504119583,126.70370052005823,10,Android,Premium,1,0
5662,32.0,15976.71956356922,738.7612227783917,111.97628162471703,11,Web,Basic,1,0
5663,67.0,44225.63133057492,720.0909645100526,63.30127232149241,14,MacOS,Basic,0,0
5664,69.0,68480.71678069516,605.2366969999288,44.97722356988705,14,Windows,Basic,1,0
5665,62.0,27739.088309597,682.9769968115497,290.39375785466814,7,iOS,Basic,1,0
5666,46.0,54403.39393588096,694.9348331160634,416.8594239027629,9,iOS,Basic,0,0
5667,25.0,6827.79101484865,659.238638536959,82.40642746863986,14,iOS,Basic,1,0
5668,58.0,,765.3189890391204,41.132728423582854,14,Android,Basic,1,0
5669,65.0,36974.97247718483,682.5601955286983,176.42489387561747,9,Web,Basic,0,0
5670,36.0,31110.55326910127,618.5825617381048,17.050795152306296,11,Web,Standard,1,0
5671,65.0,65540.58655219153,630.1311314625457,174.08112502047257,8,Windows,Standard,1,0
5672,56.0,102495.46220751267,794.1171169113283,205.07676763031253,11,iOS,Standard,0,0
5673,63.0,48602.46383574881,658.9938511364053,16.01059452968249,16,Android,Basic,1,0
5674,45.0,95342.2501526163,576.0735528399689,451.9507240302859,17,MacOS,Basic,1,0
5675,63.0,14300.2178226311,650.0327759716749,508.1345522377364,12,Web,Basic,1,0
5676,44.0,,588.6690253258084,331.2213272976717,13,Web,Basic,1,0
5677,21.0,33550.18606504521,725.86553992354,82.22976954938693,16,Android,Standard,1,0
5678,32.0,22630.832766341857,582.2573960434428,33.89534972894587,14,Windows,Standard,1,0
5679,52.0,11416.228093109534,609.8897454831593,104.67552597247798,9,Android,Basic,1,0
5680,54.0,52421.50722898684,680.1994280255561,65.35357324156433,15,Windows,Basic,1,0
5681,18.0,,735.469008350822,27.67285687549508,13,Web,Basic,1,0
5682,20.0,81244.11368355535,676.5282965760335,66.13031846071513,14,Windows,Standard,0,0
5683,64.0,73562.76472089886,617.1177281100477,130.83795632992644,14,Windows,Basic,1,0
5684,41.0,22856.119853849697,689.1281495347671,8.826387596999503,15,Windows,Standard,1,0
5685,44.0,78780.69899144341,656.6101268011932,48.671054201117705,16,Windows,Basic,0,0
5686,57.0,83935.88414158297,736.6351086608056,2.15461473566281,12,iOS,Premium,1,0
5687,53.0,31070.361733377824,722.7394000706523,166.1134099619302,9,iOS,Basic,0,0
5688,,36940.24766409238,653.1420268759668,122.82879375362194,13,iOS,Basic,1,0
5689,46.0,20733.530004676555,718.9886405201563,7.766657801373416,18,iOS,Standard,0,0
5690,41.0,88303.21310119393,693.5612807099578,401.39242714704517,12,Android,Basic,0,0
5691,41.0,,748.3404733360142,2.7457619967112112,10,MacOS,Premium,1,0
5692,59.0,50060.24221251672,716.8590653349288,106.98025676223727,13,Windows,Standard,1,0
5693,21.0,25384.71466783394,707.3497862438818,179.73012343271228,12,Android,Standard,0,0
5694,20.0,18681.486921483374,746.3979739335482,186.08160413564195,10,iOS,Standard,1,0
5695,51.0,11791.839833111517,680.77023407788,4.186399171537608,15,Windows,Basic,0,0
5696,66.0,31912.60408813913,641.3449772030465,284.26638984937534,9,MacOS,Standard,1,0
5697,40.0,17004.765907379628,690.0419869347053,300.78713423887984,14,Windows,Basic,1,0
5698,69.0,37565.88756478902,662.2292847935727,98.89745930481453,7,Web,Standard,1,0
5699,40.0,104988.1109877144,710.2098274574851,78.95287982819687,9,Web,Standard,1,0
5700,62.0,40933.51302435882,683.0972017489094,5.5086199196823395,10,Android,Standard,1,0
5701,22.0,120375.13870462468,700.1468436210265,99.05180119440418,9,MacOS,Basic,0,0
5702,48.0,20143.482137230905,619.7942633552243,63.18970700300814,21,Android,Basic,1,0
5703,58.0,16838.707279936887,705.4143267677812,177.83433529865044,13,Windows,Standard,0,0
5704,23.0,19609.916223761455,615.7388606572895,62.07831281074981,7,MacOS,Basic,0,0
5705,54.0,34924.3536357926,728.0880090767675,138.08249610814084,18,Android,Basic,1,0
5706,27.0,186049.71699208335,728.1627188294519,12.83116174368676,13,Windows,Basic,0,0
5707,57.0,,697.3977066303395,17.119350323664122,11,iOS,Standard,0,0
5708,24.0,52669.81873229435,695.5043454176266,18.058315066188005,9,Windows,Basic,1,0
5709,56.0,23861.48181700117,668.817196469354,5.5913221825532675,11,Android,Premium,1,0
5710,55.0,31752.227818449155,649.8385664184812,93.530615364667,10,MacOS,Basic,1,0
5711,38.0,17071.881857024357,679.251039728531,189.56669433274593,9,MacOS,Basic,0,0
5712,37.0,61542.4829150919,779.1342460804585,113.11961574494067,14,iOS,Basic,1,0
5713,20.0,35370.90682865379,691.4659458394011,102.66719568612824,12,Android,Basic,1,0
5714,68.0,69736.01169647761,612.7125447975216,136.9663155282046,18,iOS,Standard,1,0
5715,39.0,40341.9486671879,594.582051688043,49.79738388225022,14,Web,Basic,0,0
5716,64.0,11396.0902347522,608.0962824254897,53.92140122594153,14,Windows,Basic,1,0
5717,21.0,70117.35922885095,661.120170986577,45.27257495675488,10,Web,Premium,1,0
5718,45.0,10853.030411973827,743.2899542183172,149.42077313658575,6,Web,Basic,0,0
5719,29.0,11826.030911659665,628.8258106815654,21.156969224044346,14,iOS,Basic,1,0
5720,55.0,20945.485061234493,751.0873242297746,1.573302379478273,12,iOS,Basic,0,0
5721,68.0,21113.895871898665,688.9724195868288,108.8192128253429,10,Windows,Basic,0,0
5722,53.0,83919.46091297048,704.172183413916,342.46910816213307,10,iOS,Standard,0,0
5723,64.0,32771.2264813905,702.8019794191847,112.81098354632607,8,iOS,Premium,1,0
5724,58.0,76759.40319816837,709.5332648352189,183.29963330974883,12,iOS,Standard,0,0
5725,22.0,25828.905522361572,659.4317255988922,134.0586336725008,15,iOS,Standard,1,0
5726,30.0,43940.328473282025,563.2792205392429,82.56403012240433,8,iOS,Premium,1,0
5727,40.0,48263.23583184422,650.582148876718,152.06888073126987,12,Web,Standard,1,0
5728,67.0,55140.47231298075,635.6060407231911,208.54356861955915,11,Web,Basic,1,0
5729,,27475.34388141361,695.5281241852139,30.54552527759717,9,Windows,Basic,1,0
5730,,28948.88787028541,690.9619458745169,49.16035866808918,13,MacOS,Standard,0,0
5731,,30367.30005697106,666.3810188457387,30.389926049696257,11,Windows,Basic,1,0
5732,65.0,13474.47677651103,767.7762490035043,72.2154785089812,8,Android,Basic,1,0
5733,44.0,,647.9635693686678,259.6061544638966,11,Windows,Standard,0,0
5734,68.0,28847.812532202286,568.7133331305555,50.812353339019296,11,Windows,Basic,1,0
5735,31.0,51433.435519298546,685.9728336702893,56.29812185197212,7,iOS,Standard,1,0
5736,65.0,38360.39026275524,739.4597486046973,236.24872890478179,14,iOS,Basic,0,0
5737,64.0,80969.60222708732,694.3580438801388,86.92542024196159,19,iOS,Standard,1,0
5738,53.0,,662.1680752930479,92.0020716620854,7,MacOS,Basic,1,0
5739,56.0,25917.574825759642,692.0223752570006,236.62226108965788,12,iOS,Basic,1,0
5740,33.0,37594.69892117224,771.9453282154752,80.92534856213929,11,Android,Standard,0,0
5741,39.0,56078.08337637634,636.2435986019658,137.3176155319458,7,Web,Premium,1,0
5742,38.0,12532.437415218817,681.5436592102127,10.744321786614464,9,Android,Standard,0,0
5743,38.0,23643.674347878696,713.4971388080311,23.614042419938848,18,MacOS,Standard,0,0
5744,25.0,23944.500648803678,692.6943595332799,62.17752245623974,12,iOS,Premium,1,0
5745,66.0,46471.482400262146,667.6066470377367,81.94538674671446,9,Windows,Basic,1,0
5746,33.0,49829.97172346227,658.6837066779095,404.8311541383191,10,Web,Basic,1,0
5747,48.0,38589.543952607004,665.7402762654108,423.422204967104,12,MacOS,Basic,1,0
5748,59.0,8207.61063084869,706.6016162711334,228.61591000551394,16,Android,Basic,1,0
5749,27.0,13478.472878247918,703.6886180929424,45.505324219426306,17,iOS,Premium,1,0
5750,49.0,31465.308709811496,784.7359291924272,399.00270071156876,8,MacOS,Standard,1,0
5751,51.0,26879.477225313316,603.1605243006843,140.28707949342095,9,MacOS,Standard,1,0
5752,26.0,36432.70820846152,767.8953344927301,59.895342788605745,13,Windows,Standard,1,0
5753,34.0,27401.721052503195,669.7761835287749,145.14858053463965,18,Windows,Premium,1,0
5754,28.0,91033.7394244475,675.4706489305943,1.9992903048115238,13,Windows,Basic,1,0
5755,49.0,9169.472591994643,722.9366567579667,18.96062740605572,13,Android,Standard,1,0
5756,27.0,43546.1502037218,722.6204205079987,212.41317518715255,12,Windows,Basic,0,0
5757,39.0,59683.22333344735,737.8309016957506,124.4705609954975,15,MacOS,Standard,0,0
5758,34.0,55321.84159120703,748.7388644460476,54.34354759408345,13,MacOS,Standard,1,0
5759,21.0,58242.10308030231,678.008450235801,83.33776207374915,11,MacOS,Premium,0,0
5760,65.0,63492.022370929364,749.3815440392023,282.64509840422045,19,Web,Basic,1,0
5761,,25276.036906584202,648.542190693915,119.8231867011195,14,Web,Basic,1,0
5762,64.0,18753.01363744729,664.7351512139046,60.929501325934666,10,Android,Premium,0,0
5763,42.0,10712.761746821767,670.899246550858,15.384557041242777,12,Windows,Premium,0,0
5764,38.0,29215.021759446612,653.6685193551733,41.733776143196245,18,MacOS,Basic,1,0
5765,54.0,22776.398507624264,682.9928162172938,459.8758542278096,11,Windows,Basic,1,0
5766,55.0,72908.84842435685,724.8212360953706,69.01448768545654,7,MacOS,Basic,1,0
5767,66.0,30560.546742508806,712.5672988725825,76.60259948880571,12,Web,Basic,1,0
5768,18.0,,649.3407833395863,82.84166028569825,10,MacOS,Standard,1,0
5769,42.0,17798.6648959811,645.2239642446777,258.60746876996825,13,Android,Basic,0,0
5770,68.0,119765.63043040075,637.2326502130367,111.13919809046308,18,iOS,Standard,1,0
5771,53.0,35837.43193796588,684.4395911158902,141.9738356615484,12,MacOS,Basic,1,0
5772,34.0,22722.191431515635,600.957827122879,59.20024536143957,15,Android,Basic,1,0
5773,58.0,39121.40680062014,635.4699800573932,3.5422860213974063,9,Web,Basic,1,0
5774,41.0,113338.42050198147,657.0589463662448,320.7907565047464,13,Web,Standard,1,0
5775,19.0,28744.209424571676,732.7685478931177,357.41235993041397,9,iOS,Premium,0,0
5776,57.0,54841.71607972752,673.3914864414575,357.472224535973,12,Windows,Standard,1,0
5777,32.0,74004.16263275314,730.2929492232929,345.21976839523734,13,Windows,Standard,1,0
5778,49.0,11674.306319579417,689.3787396595487,202.64497192465072,11,MacOS,Basic,1,0
5779,56.0,24759.203285532094,656.2850417090212,138.4681297345334,15,Web,Basic,1,0
5780,23.0,,658.3429050281682,223.34079989597225,15,Android,Basic,0,0
5781,18.0,23870.96000400239,621.6970940710833,110.11887151857199,20,iOS,Basic,0,0
5782,64.0,46572.95279851243,800.1590962848588,17.315672088862893,6,Windows,Standard,1,0
5783,40.0,23038.247315148186,735.525627575622,59.55543723994362,18,MacOS,Basic,1,0
5784,56.0,27796.596326732564,710.1862787728767,426.0817066507748,8,MacOS,Basic,1,0
5785,34.0,25837.48740798668,614.8345158195991,51.90419189184112,17,Web,Basic,1,0
5786,51.0,53210.0247228129,657.4186955646935,242.8380625920533,12,Android,Basic,1,0
5787,58.0,40984.45258474191,631.2333161154888,11.741521219013634,14,Android,Premium,1,0
5788,46.0,38534.74832081863,686.3784116526956,48.80900233805987,18,Windows,Basic,1,0
5789,26.0,163488.37121378517,633.634637303468,51.87007753297358,4,MacOS,Basic,0,0
5790,30.0,103137.51194945378,646.4854709775276,6.357792752096165,14,Web,Standard,1,0
5791,23.0,11061.809039593481,634.9422524330523,15.21656766002068,16,Android,Basic,1,0
5792,23.0,27832.347324293918,668.012333761793,25.75636251004295,14,MacOS,Standard,1,0
5793,37.0,155729.87343435772,683.5712490218402,218.28255153858646,15,Android,Premium,1,0
5794,69.0,25725.70541193615,669.3369027993509,7.860132825248317,8,iOS,Basic,1,0
5795,20.0,127089.59530147197,756.6453232705813,42.578497042565765,14,Android,Basic,1,0
5796,34.0,28119.08794693416,720.5553452226569,1.22725461256805,18,Android,Standard,1,0
5797,66.0,31558.601377390452,640.8483600700547,142.7404565988672,10,MacOS,Standard,0,0
5798,29.0,60970.34122441464,696.2802840721711,116.20583398745157,7,Android,Standard,1,0
5799,,34402.196566329425,644.9669448968351,124.27050296489938,13,Android,Basic,1,0
5800,64.0,48862.95313549989,660.2438035859656,56.28198865084292,8,iOS,Basic,1,0
5801,62.0,93430.13526782604,703.959860163802,28.023852302663908,7,Android,Standard,1,0
5802,18.0,57255.59010387535,713.2824995291955,152.89319389471703,10,Android,Premium,1,0
5803,,39534.11619644558,650.6283992855502,199.99585485327307,9,MacOS,Premium,1,0
5804,20.0,99122.93287806268,624.7565206607246,17.90376546085543,13,Web,Standard,1,0
5805,43.0,61452.05065333802,684.3851748862165,80.05763879155585,10,iOS,Basic,1,0
5806,32.0,23385.561994642732,701.7311204290971,34.316533553992244,14,Android,Standard,0,0
5807,53.0,119138.8787648839,648.0855584691637,22.086154243151597,18,Web,Basic,1,0
5808,49.0,53392.16841139173,720.8277258782799,159.057924206211,15,MacOS,Basic,1,0
5809,49.0,31945.734284761143,711.964650163272,92.68802723470148,11,iOS,Basic,0,0
5810,21.0,10802.247023993099,647.3564482048197,29.229921590061174,16,MacOS,Premium,1,0
5811,35.0,15890.141619150756,736.5081092929582,44.527643716733785,5,Web,Basic,1,0
5812,66.0,100718.1142896417,738.0363642158746,408.0969116964187,8,iOS,Standard,0,0
5813,36.0,103135.52212737213,783.3834052811812,226.6026723111387,17,Android,Basic,1,0
5814,60.0,38222.14892050322,765.5879858991888,254.3783790316503,8,Web,Standard,1,0
5815,69.0,12554.739145252981,634.8693388737892,73.9450250011268,12,MacOS,Basic,1,0
5816,52.0,18916.973140602622,726.2491260432901,117.31844051634613,10,iOS,Premium,1,0
5817,57.0,13708.05628208958,723.9814648294657,56.74032252118922,17,Web,Standard,1,0
5818,31.0,13412.377371585888,662.5758400288565,9.707725609971257,12,Web,Basic,0,0
5819,50.0,122526.3541028606,702.7462364033016,61.513127780880225,6,MacOS,Basic,0,0
5820,31.0,124985.2169697517,586.1188174888091,108.16256575323553,14,MacOS,Standard,1,0
5821,51.0,18536.401155790023,584.7307166053517,40.6171466802383,11,Android,Basic,1,0
5822,21.0,36125.67153555387,594.2679029766325,226.02595736687425,6,Android,Basic,1,0
5823,41.0,16799.800730494557,699.4628460713363,19.65768872941466,12,Web,Standard,0,0
5824,,35984.989498068746,701.825456596003,54.89865724737849,7,MacOS,Standard,1,0
5825,36.0,97108.31947093553,666.305794341279,16.010589140153424,10,Web,Basic,1,0
5826,23.0,69371.50216135177,766.0584564379632,62.269414256536194,12,Windows,Standard,1,0
5827,50.0,58994.39151480599,729.3537701454643,4.856309930838525,14,MacOS,Standard,1,0
5828,66.0,32321.63688808408,600.0843407605084,38.18510150802565,6,Windows,Premium,1,0
5829,57.0,77433.92488811802,671.4012897057289,61.446216048344255,18,Windows,Standard,0,0
5830,36.0,53530.19937620579,633.0157341909348,78.04854350085152,5,MacOS,Basic,1,0
5831,18.0,,700.6997934360755,94.15161726370306,13,Android,Standard,0,0
5832,22.0,33885.90404725321,678.4710537617315,38.58856673157371,11,Web,Basic,0,0
5833,44.0,43959.48809718755,635.8510813046778,88.8390536670817,16,iOS,Basic,1,0
5834,33.0,43172.15243094605,764.7236265263967,85.35846765383218,14,iOS,Basic,1,0
5835,23.0,,682.8698453979372,45.60692442530673,13,MacOS,Standard,0,0
5836,57.0,,659.1980230264879,212.77631429230428,13,Android,Premium,0,0
5837,30.0,19967.392036223482,667.3430025269847,94.66415077673719,6,Android,Premium,1,0
5838,65.0,20749.59760465053,760.9334023104313,48.464514907372866,16,Android,Standard,1,0
5839,,32439.700464813915,725.5637319917028,353.2645044126851,13,iOS,Basic,1,0
5840,36.0,29389.391668260807,671.8824445917442,223.80668049613362,18,Windows,Basic,1,0
5841,29.0,25023.22698788411,630.3955159950189,486.0701798950133,14,iOS,Basic,1,0
5842,,23935.814122953838,638.190243092021,141.40981412549309,7,Android,Standard,0,0
5843,60.0,43266.243567713165,655.892869449765,57.02083433438991,9,iOS,Standard,1,0
5844,27.0,82997.39230761053,705.3582879607777,39.564018286152574,10,iOS,Basic,1,0
5845,42.0,36078.434781783726,717.8265950493355,130.63391399827654,8,Web,Standard,0,0
5846,37.0,34689.81891908002,643.7229420512479,474.44508537096345,8,MacOS,Standard,0,0
5847,48.0,,720.0380091685752,118.24959487436766,16,Windows,Premium,1,0
5848,21.0,31766.200079749164,634.5692056015952,256.0575306345014,15,Web,Basic,1,0
5849,61.0,74176.4359830491,649.411317301724,47.89683582282094,13,MacOS,Standard,1,0
5850,40.0,67675.30776107825,607.523823964727,62.697953343537314,14,Android,Basic,0,0
5851,19.0,64911.770284522274,606.0346126908305,284.0871447197853,8,Web,Basic,1,0
5852,39.0,63673.34432407028,634.0286319601732,169.69745213125344,10,MacOS,Basic,1,0
5853,68.0,47194.825358994465,678.7134122055323,478.21784528921705,16,Web,Basic,1,0
5854,54.0,46199.50201380634,630.3009309694605,178.87289625065642,10,iOS,Standard,1,0
5855,25.0,42059.90522858734,754.9042180852853,71.41703059170968,11,iOS,Standard,1,0
5856,24.0,,633.3751506835521,90.87570631897722,13,Web,Premium,1,0
5857,31.0,38185.82449357202,689.197320125071,276.93040201052224,14,Web,Standard,1,0
5858,20.0,41330.657264550384,746.0121483626333,96.26085861629994,4,Windows,Basic,1,0
5859,67.0,53098.3515233236,684.6256302136877,35.388550925379626,10,Android,Premium,0,0
5860,33.0,38567.0626601812,661.804208791549,68.64325964973969,12,iOS,Premium,1,0
5861,36.0,128424.54707767066,687.3504293276778,87.15881460007057,12,Web,Standard,1,0
5862,68.0,17572.890513001832,651.9132667969678,12.206701420591873,19,MacOS,Basic,1,0
5863,,57107.19643631905,629.9595402978653,163.39814523021764,12,Android,Basic,1,0
5864,69.0,35427.85931877692,710.6353143017235,13.896979443359456,15,MacOS,Standard,1,0
5865,33.0,36362.2987876618,650.8444261456779,62.28667033673835,13,Android,Basic,1,0
5866,25.0,22302.51052289242,726.8376631765213,195.93856742442566,16,MacOS,Basic,1,0
5867,50.0,66943.61389253398,719.8131399763456,75.6365429536982,11,iOS,Basic,0,0
5868,66.0,53728.8253068571,688.3158254687562,221.43101722154069,12,Web,Basic,0,0
5869,29.0,59885.06603526229,728.5442944544079,50.204400276380916,15,Web,Premium,1,0
5870,28.0,40196.983838182794,652.7970390990585,379.3755928610948,15,Windows,Premium,1,0
5871,22.0,29883.54015213732,719.1888452827505,28.205962639768767,12,Web,Basic,1,0
5872,44.0,34893.75215694522,718.9286448638925,4.681853401332159,16,iOS,Basic,0,0
5873,29.0,47102.40734387921,664.9289255377541,247.08755362515706,16,Android,Basic,1,0
5874,34.0,10901.484986683137,658.5140305450417,167.41731241188097,8,Android,Basic,1,0
5875,23.0,61313.76944170653,696.4514272913733,31.67334006848716,16,Web,Basic,1,0
5876,50.0,155704.56690176812,778.4122227580887,501.9150690747785,7,MacOS,Standard,0,0
5877,22.0,48445.80493746233,668.3882269338249,83.72614425553506,11,Web,Basic,1,0
5878,45.0,30682.386076201656,657.4613813353313,362.0725663932225,8,Android,Standard,1,0
5879,31.0,32966.884849021895,738.9197400788389,84.39067705402233,7,Windows,Basic,0,0
5880,22.0,55521.48880984879,683.4066277849674,76.61057981113345,13,Android,Basic,1,0
5881,50.0,31101.98125264212,723.3010532492301,71.5526316020439,7,MacOS,Basic,1,0
5882,67.0,61157.33976668945,753.7315563757561,48.93368414702058,15,MacOS,Standard,1,0
5883,65.0,32712.598886224383,584.6488056965087,91.55151431174674,10,Windows,Basic,1,0
5884,58.0,101570.66884482214,678.1210204275538,72.29911937414518,18,MacOS,Premium,0,0
5885,36.0,99903.26847943616,668.5098148342113,4.492686352961306,3,Web,Basic,1,0
5886,39.0,29789.110886870814,631.8834616277458,36.20321029066934,8,Web,Standard,1,0
5887,22.0,34592.27595939596,584.0682954569631,28.76196941422134,12,Android,Premium,1,0
5888,19.0,35831.35700002265,600.4250922986329,242.4824077688479,10,iOS,Standard,1,0
5889,47.0,36120.657282011576,685.2184390934709,109.61635894979288,10,Web,Standard,1,0
5890,64.0,20569.04537496436,653.2981985340584,173.10978959934482,20,Web,Basic,0,0
5891,56.0,18913.73372793306,639.9083206540114,377.10212293464036,10,Windows,Standard,1,0
5892,21.0,76868.73784997663,684.721368985738,123.9521844360954,7,Web,Standard,1,0
5893,50.0,69833.71594048005,645.3926474811964,486.2231347622158,13,Android,Basic,0,0
5894,30.0,69113.98855139132,744.5090319389301,44.83482619944416,12,Windows,Basic,0,0
5895,37.0,34834.828346487026,648.9557880406368,24.734784079166985,11,Web,Standard,1,0
5896,24.0,113007.22819699622,755.2660759986281,61.962885086496115,14,Android,Basic,1,0
5897,32.0,35829.204715263244,678.4992133976049,76.36652894141648,8,Windows,Standard,0,0
5898,40.0,60944.91511890469,647.4050203062478,270.86929629219276,6,iOS,Basic,1,0
5899,31.0,15785.179796702949,643.7717621229408,98.50142344862655,13,Android,Basic,0,0
5900,40.0,31639.410843996568,755.6897127565521,41.46802402412051,10,Web,Basic,0,0
5901,36.0,33074.15255237654,714.7916689977825,162.87086181168848,17,Windows,Basic,1,0
5902,46.0,34916.24515768145,642.0290908543291,84.5855533717686,7,iOS,Basic,1,0
5903,37.0,16394.49061401473,685.9538284112305,21.227357219122045,14,Android,Standard,1,0
5904,46.0,55399.65009244352,562.066059565983,103.19485879192433,13,iOS,Premium,0,0
5905,41.0,67316.87228295063,613.4197840694003,290.8274114345694,15,Android,Standard,1,0
5906,35.0,23241.25860930379,642.4855665412981,221.89303770952452,11,Web,Basic,0,0
5907,27.0,18244.064809655763,641.2591368199743,106.06172125883747,9,Android,Basic,1,0
5908,58.0,22894.11169060258,740.6507360040002,56.80107294488344,19,Web,Basic,1,0
5909,25.0,48888.58445510218,584.2906663629598,10.919534988691805,9,Android,Premium,1,0
5910,43.0,25388.154527797848,608.6096735457813,76.10592995083081,11,Windows,Standard,1,0
5911,46.0,33508.715569119864,702.6197241645185,167.3576276096964,8,Android,Basic,1,0
5912,27.0,19070.98889255442,691.5136156627535,53.60578574345452,11,Android,Basic,1,0
5913,34.0,119082.5040609502,662.5114582209321,32.21564417862572,13,MacOS,Standard,1,0
5914,19.0,37945.99246671765,782.624446439845,321.50005805913344,12,MacOS,Basic,1,0
5915,23.0,72390.41626170679,710.8703545933997,206.8174528611684,15,Android,Premium,1,0
5916,22.0,48820.320094083254,741.1412352828052,122.02472841200291,10,MacOS,Premium,1,0
5917,45.0,35414.335225368326,677.4599940783443,17.6507483385817,10,Web,Standard,1,0
5918,58.0,34330.951593230886,652.8208928226595,18.78566355850046,10,MacOS,Basic,1,0
5919,22.0,23502.30531936638,653.3935311301123,13.073310410583849,17,Android,Basic,1,0
5920,35.0,27714.80731534338,726.3832455686269,114.94627140163432,13,iOS,Basic,1,0
5921,43.0,19837.286474390305,718.6374168852354,14.7364517376937,12,iOS,Standard,1,0
5922,37.0,,669.0695933757939,221.89653106041754,13,Android,Basic,1,0
5923,,126985.12727736622,703.579202731451,594.8229416431113,7,Android,Basic,1,0
5924,66.0,42930.91260836595,728.1309027008607,54.75067951693201,11,iOS,Basic,1,0
5925,44.0,87503.17391677682,651.8035260108855,72.54381721147136,13,Windows,Basic,1,0
5926,66.0,22551.63044305304,662.8302262637853,149.2367796734953,12,MacOS,Premium,0,0
5927,29.0,17137.731711715813,702.3320250827693,332.04626141225395,13,Windows,Premium,0,0
5928,24.0,20197.88294966088,590.5669871183663,269.4241479121928,6,Web,Standard,1,0
5929,20.0,28190.96650615205,703.2796087697599,7.118015452920585,13,iOS,Premium,1,0
5930,27.0,37119.58322623891,623.7475470226343,22.225427143432807,20,iOS,Basic,1,0
5931,51.0,33171.22392766469,727.0826695470253,168.5825197140682,8,Windows,Standard,0,0
5932,42.0,22835.815070798762,787.3892413620256,140.11424661358632,12,Web,Basic,1,0
5933,52.0,38277.93906119077,645.1415842591882,17.156215309378567,8,Windows,Basic,1,0
5934,33.0,40345.36005819341,612.5178132568748,83.67418717213063,13,Web,Basic,1,0
5935,19.0,55346.34250396493,671.0045684599237,182.14049685454754,8,Android,Premium,1,0
5936,41.0,87751.07410864199,666.7370108440115,29.62792223987877,9,Android,Basic,1,0
5937,27.0,29192.401339581585,713.0361912229494,246.02101182681739,11,iOS,Standard,1,0
5938,55.0,75303.98666770836,691.7030655447156,6.531165768513291,16,Android,Standard,0,0
5939,39.0,37781.03575294631,665.1834858675658,182.8986602970725,12,Windows,Basic,1,0
5940,43.0,14524.738927515704,684.5306800862388,114.79694669271916,11,Web,Basic,0,0
5941,60.0,105869.50039006997,623.8923792445737,45.43530001046742,12,iOS,Standard,1,0
5942,,141991.4133146384,721.4607521694134,153.15621169982097,9,Android,Basic,1,0
5943,44.0,52651.91487682389,760.8980571477443,182.99275019432432,9,iOS,Standard,0,0
5944,46.0,38325.50876435878,620.1201431110313,325.9885163426379,9,iOS,Basic,1,0
5945,64.0,30858.174314197036,601.0373511283751,55.02113003712184,13,Web,Premium,1,0
5946,55.0,27491.47452479955,659.8955786626075,139.00987125522738,17,Windows,Standard,0,0
5947,37.0,75088.35395472674,618.9264761438337,110.74234899247932,7,Windows,Basic,1,0
5948,44.0,35941.0745082598,616.1891158449424,89.38492794181451,15,MacOS,Basic,1,0
5949,58.0,99147.49593877379,609.8990752176062,265.32818728796457,14,Windows,Basic,1,0
5950,37.0,37083.13077867982,670.31988019963,0.3806808833304144,17,Android,Basic,0,0
5951,61.0,28355.944903524523,659.4288765171976,39.77293947260502,16,MacOS,Standard,1,0
5952,36.0,25316.704690737428,698.6628462067584,92.73487843424309,11,MacOS,Basic,1,0
5953,37.0,23243.25703201863,651.8492902543666,23.564605627594528,14,MacOS,Premium,1,0
5954,52.0,49438.63565834945,619.1678452229663,286.1420439498075,12,MacOS,Premium,1,0
5955,64.0,16702.337974602968,679.155851004244,125.1569436410958,13,Windows,Standard,1,0
5956,19.0,22225.543399361715,627.0721978827855,77.98362816028529,9,MacOS,Basic,1,0
5957,47.0,80393.5779316416,705.6085559643595,202.29463665721332,8,Android,Basic,1,0
5958,51.0,20481.358572585807,596.6888599580691,71.93394689230074,14,Android,Standard,1,0
5959,39.0,60938.65328075452,571.7557095543972,98.15086702755467,14,iOS,Premium,1,0
5960,20.0,10532.204243614624,599.5113649832306,0.3305743795635919,14,Android,Basic,1,0
5961,23.0,86686.3945895694,659.084029002927,54.62809034603315,19,iOS,Basic,1,0
5962,32.0,16947.25065798411,665.6435071885064,17.93009403942247,13,Android,Basic,1,0
5963,44.0,21464.673160438775,686.8470891734052,140.42150754029794,17,MacOS,Standard,0,0
5964,27.0,54622.73935804631,651.7648823001027,78.24683798912217,10,Web,Standard,1,0
5965,26.0,42712.4138960128,637.6746021114893,43.10266768140044,10,MacOS,Basic,1,0
5966,50.0,62130.5106236632,751.6637285313438,75.69560252801259,18,Windows,Standard,0,0
5967,49.0,16865.787191397692,738.444270928353,28.23047363604736,7,iOS,Basic,1,0
5968,65.0,30574.351628670433,729.3101215430763,310.97075194836043,12,Web,Standard,1,0
5969,,25078.171226228336,695.4448146634649,6.658053683821843,7,Android,Standard,1,0
5970,58.0,18655.32153015195,699.4253161929716,240.66893185914142,7,MacOS,Standard,1,0
5971,53.0,51924.10826681073,639.7401057138945,85.93521337225286,16,iOS,Standard,0,0
5972,19.0,63948.34121971951,687.2179144112716,115.77785803595671,14,iOS,Basic,1,0
5973,46.0,29669.660686646628,633.006638998926,43.2485045494879,12,Android,Standard,0,0
5974,21.0,90547.22163052486,627.3363349689915,408.25515801821865,13,iOS,Premium,0,0
5975,18.0,22665.06128846503,599.1255110379213,39.72937833740634,10,Android,Standard,0,0
5976,36.0,89239.62036811431,700.3035790980025,106.66383175133792,16,Android,Basic,1,0
5977,43.0,50886.01629701782,688.183588111486,602.7863898453256,12,MacOS,Basic,1,0
5978,42.0,17428.458388180785,664.855756105991,255.53104170925656,15,iOS,Basic,0,0
5979,27.0,119242.50555176733,658.3096706456091,92.22981718482654,10,Windows,Basic,0,0
5980,32.0,27814.52040611086,588.4946755641205,557.2010205826009,13,Windows,Basic,1,0
5981,39.0,74837.22074701377,692.819977962192,145.0259360476175,9,MacOS,Basic,1,0
5982,68.0,39631.893843001984,664.222996855182,28.089437071621504,12,MacOS,Premium,1,0
5983,65.0,45463.48406354999,724.7998605206817,62.423569218532755,14,Android,Standard,1,0
5984,38.0,62362.79036833938,687.3105677948793,48.86479496226803,15,Windows,Basic,1,0
5985,39.0,60325.53208019782,715.2891942602016,50.59384644134997,21,iOS,Basic,1,0
5986,53.0,29575.80957581671,679.6379800702927,171.48239964989045,10,Windows,Premium,1,0
5987,51.0,49961.06882188202,689.0838936077797,105.3242706304468,4,MacOS,Basic,1,0
5988,47.0,47760.771862886104,726.556313884392,4.660464810524606,6,MacOS,Premium,1,0
5989,42.0,41280.13703571393,670.3805367830795,251.9068554930618,17,Android,Standard,1,0
5990,62.0,32144.931953169373,703.5927444100748,42.25301329401547,13,iOS,Basic,0,0
5991,45.0,41230.72046820413,657.82377925998,700.1302461848609,17,MacOS,Premium,1,0
5992,18.0,118246.23277622423,673.444654518775,369.9922576684795,10,iOS,Standard,1,0
5993,66.0,30423.894706472816,759.6761999304741,338.6754415785008,10,Windows,Basic,1,0
5994,62.0,74903.24192021183,712.0253340978546,200.0020374862899,9,Android,Standard,1,0
5995,,,652.9270545698176,29.909758954024475,9,Windows,Standard,1,0
5996,24.0,21401.391079373883,701.1459580113626,91.27678980238139,11,MacOS,Standard,1,0
5997,66.0,259325.57745719506,616.0009363187103,30.479138146073723,16,MacOS,Standard,0,0
5998,26.0,50212.260965268695,668.9403892690384,36.07999384808813,9,iOS,Standard,1,0
5999,53.0,51047.3073459029,632.3287849588748,113.28623484291946,14,MacOS,Standard,1,0
6000,36.0,51903.24872749975,702.5953098816668,5.002877771999873,11,iOS,Premium,1,0
